location_id,location_name,sensor_id,parameter,unit,value,measurement_timestamp
5199863,Kihumo Village || Antenna Array,13691748,pm1,µg/m³,26.3,2026-07-31T21:00:00Z
5199863,Kihumo Village || Antenna Array,13691748,pm1,µg/m³,22.2,2026-07-31T22:00:00Z
5199863,Kihumo Village || Antenna Array,13691748,pm1,µg/m³,24.2,2026-07-31T23:00:00Z
5199863,Kihumo Village || Antenna Array,13691748,pm1,µg/m³,25.2,2026-08-01T00:00:00Z
5199863,Kihumo Village || Antenna Array,13691748,pm1,µg/m³,28.7,2026-08-01T01:00:00Z
5199863,Kihumo Village || Antenna Array,13691748,pm1,µg/m³,25.4,2026-08-01T02:00:00Z
5199863,Kihumo Village || Antenna Array,13691748,pm1,µg/m³,23.2,2026-08-01T03:00:00Z
5199863,Kihumo Village || Antenna Array,13691748,pm1,µg/m³,22.6,2026-08-01T04:00:00Z
5199863,Kihumo Village || Antenna Array,13691748,pm1,µg/m³,24.2,2026-08-01T05:00:00Z
5199863,Kihumo Village || Antenna Array,13691748,pm1,µg/m³,26.8,2026-08-01T06:00:00Z
5199863,Kihumo Village || Antenna Array,13691748,pm1,µg/m³,26.2,2026-08-01T07:00:00Z
5199863,Kihumo Village || Antenna Array,13691748,pm1,µg/m³,27.0,2026-08-01T08:00:00Z
5199863,Kihumo Village || Antenna Array,13691748,pm1,µg/m³,24.7,2026-08-01T09:00:00Z
5199863,Kihumo Village || Antenna Array,13691748,pm1,µg/m³,23.4,2026-08-01T10:00:00Z
5199863,Kihumo Village || Antenna Array,13691748,pm1,µg/m³,21.9,2026-08-01T11:00:00Z
5199863,Kihumo Village || Antenna Array,13691748,pm1,µg/m³,21.6,2026-08-01T12:00:00Z
5199863,Kihumo Village || Antenna Array,13691748,pm1,µg/m³,20.3,2026-08-01T13:00:00Z
5199863,Kihumo Village || Antenna Array,13691748,pm1,µg/m³,27.8,2026-08-01T14:00:00Z
5199863,Kihumo Village || Antenna Array,13691748,pm1,µg/m³,30.5,2026-08-01T15:00:00Z
5199863,Kihumo Village || Antenna Array,13691748,pm1,µg/m³,30.6,2026-08-01T16:00:00Z
5199863,Kihumo Village || Antenna Array,13691748,pm1,µg/m³,31.2,2026-08-01T17:00:00Z
5199863,Kihumo Village || Antenna Array,13691748,pm1,µg/m³,30.1,2026-08-01T18:00:00Z
5199863,Kihumo Village || Antenna Array,13691748,pm1,µg/m³,29.6,2026-08-01T19:00:00Z
5199863,Kihumo Village || Antenna Array,13691748,pm1,µg/m³,29.1,2026-08-01T20:00:00Z
5199863,Kihumo Village || Antenna Array,13691748,pm1,µg/m³,28.1,2026-08-01T21:00:00Z
5199863,Kihumo Village || Antenna Array,13691748,pm1,µg/m³,28.6,2026-08-01T22:00:00Z
5199863,Kihumo Village || Antenna Array,13691748,pm1,µg/m³,31.8,2026-08-01T23:00:00Z
5199863,Kihumo Village || Antenna Array,13691748,pm1,µg/m³,37.2,2026-08-02T00:00:00Z
5199863,Kihumo Village || Antenna Array,13691748,pm1,µg/m³,36.8,2026-08-02T01:00:00Z
5199863,Kihumo Village || Antenna Array,13691748,pm1,µg/m³,32.4,2026-08-02T02:00:00Z
5199863,Kihumo Village || Antenna Array,13691748,pm1,µg/m³,32.6,2026-08-02T03:00:00Z
5199863,Kihumo Village || Antenna Array,13691748,pm1,µg/m³,33.2,2026-08-02T04:00:00Z
5199863,Kihumo Village || Antenna Array,13691748,pm1,µg/m³,30.3,2026-08-02T05:00:00Z
5199863,Kihumo Village || Antenna Array,13691748,pm1,µg/m³,29.2,2026-08-02T06:00:00Z
5199863,Kihumo Village || Antenna Array,13691748,pm1,µg/m³,39.0,2026-08-02T07:00:00Z
5199863,Kihumo Village || Antenna Array,13691748,pm1,µg/m³,28.3,2026-08-02T08:00:00Z
5199863,Kihumo Village || Antenna Array,13691748,pm1,µg/m³,27.5,2026-08-02T09:00:00Z
5199863,Kihumo Village || Antenna Array,13691748,pm1,µg/m³,24.7,2026-08-02T10:00:00Z
5199863,Kihumo Village || Antenna Array,13691748,pm1,µg/m³,26.1,2026-08-02T11:00:00Z
5199863,Kihumo Village || Antenna Array,13691748,pm1,µg/m³,24.0,2026-08-02T12:00:00Z
5199863,Kihumo Village || Antenna Array,13691748,pm1,µg/m³,27.0,2026-08-02T13:00:00Z
5199863,Kihumo Village || Antenna Array,13691748,pm1,µg/m³,30.3,2026-08-02T14:00:00Z
5199863,Kihumo Village || Antenna Array,13691748,pm1,µg/m³,31.9,2026-08-02T15:00:00Z
5199863,Kihumo Village || Antenna Array,13691748,pm1,µg/m³,33.8,2026-08-02T16:00:00Z
5199863,Kihumo Village || Antenna Array,13691748,pm1,µg/m³,33.0,2026-08-02T17:00:00Z
5199863,Kihumo Village || Antenna Array,13691748,pm1,µg/m³,34.2,2026-08-02T18:00:00Z
5199863,Kihumo Village || Antenna Array,13691748,pm1,µg/m³,29.8,2026-08-02T19:00:00Z
5199863,Kihumo Village || Antenna Array,13691748,pm1,µg/m³,26.3,2026-08-02T20:00:00Z
5199863,Kihumo Village || Antenna Array,13691748,pm1,µg/m³,26.2,2026-08-02T21:00:00Z
5199863,Kihumo Village || Antenna Array,13691748,pm1,µg/m³,28.9,2026-08-02T22:00:00Z
5199863,Kihumo Village || Antenna Array,13691748,pm1,µg/m³,31.1,2026-08-02T23:00:00Z
5199863,Kihumo Village || Antenna Array,13691748,pm1,µg/m³,33.2,2026-08-03T00:00:00Z
5199863,Kihumo Village || Antenna Array,13691748,pm1,µg/m³,31.8,2026-08-03T01:00:00Z
5199863,Kihumo Village || Antenna Array,13691748,pm1,µg/m³,32.5,2026-08-03T02:00:00Z
5199863,Kihumo Village || Antenna Array,13691748,pm1,µg/m³,32.0,2026-08-03T03:00:00Z
5199863,Kihumo Village || Antenna Array,13691748,pm1,µg/m³,29.8,2026-08-03T04:00:00Z
5199863,Kihumo Village || Antenna Array,13691748,pm1,µg/m³,30.9,2026-08-03T05:00:00Z
5199863,Kihumo Village || Antenna Array,13691748,pm1,µg/m³,31.3,2026-08-03T06:00:00Z
5199863,Kihumo Village || Antenna Array,13691748,pm1,µg/m³,29.5,2026-08-03T07:00:00Z
5199863,Kihumo Village || Antenna Array,13691748,pm1,µg/m³,28.0,2026-08-03T08:00:00Z
5199863,Kihumo Village || Antenna Array,13691748,pm1,µg/m³,28.9,2026-08-03T09:00:00Z
5199863,Kihumo Village || Antenna Array,13691748,pm1,µg/m³,29.6,2026-08-03T10:00:00Z
5199863,Kihumo Village || Antenna Array,13691748,pm1,µg/m³,33.0,2026-08-03T11:00:00Z
5199863,Kihumo Village || Antenna Array,13691748,pm1,µg/m³,30.2,2026-08-03T12:00:00Z
5199863,Kihumo Village || Antenna Array,13691748,pm1,µg/m³,29.8,2026-08-03T13:00:00Z
5199863,Kihumo Village || Antenna Array,13691748,pm1,µg/m³,31.2,2026-08-03T14:00:00Z
5199863,Kihumo Village || Antenna Array,13691748,pm1,µg/m³,35.7,2026-08-03T15:00:00Z
5199863,Kihumo Village || Antenna Array,13691748,pm1,µg/m³,33.3,2026-08-03T16:00:00Z
5199863,Kihumo Village || Antenna Array,13691748,pm1,µg/m³,28.1,2026-08-03T17:00:00Z
5199863,Kihumo Village || Antenna Array,13691748,pm1,µg/m³,29.9,2026-08-03T18:00:00Z
5199863,Kihumo Village || Antenna Array,13691748,pm1,µg/m³,31.5,2026-08-03T19:00:00Z
5199863,Kihumo Village || Antenna Array,13691748,pm1,µg/m³,33.0,2026-08-03T20:00:00Z
5199863,Kihumo Village || Antenna Array,13691748,pm1,µg/m³,32.2,2026-08-03T21:00:00Z
5199863,Kihumo Village || Antenna Array,13691748,pm1,µg/m³,33.1,2026-08-03T22:00:00Z
5199863,Kihumo Village || Antenna Array,13691748,pm1,µg/m³,29.1,2026-08-03T23:00:00Z
5199863,Kihumo Village || Antenna Array,13691748,pm1,µg/m³,25.0,2026-08-04T00:00:00Z
5199863,Kihumo Village || Antenna Array,13691748,pm1,µg/m³,26.6,2026-08-04T01:00:00Z
5199863,Kihumo Village || Antenna Array,13691748,pm1,µg/m³,24.6,2026-08-04T02:00:00Z
5199863,Kihumo Village || Antenna Array,13691748,pm1,µg/m³,24.9,2026-08-04T03:00:00Z
5199863,Kihumo Village || Antenna Array,13691748,pm1,µg/m³,30.9,2026-08-04T04:00:00Z
5199863,Kihumo Village || Antenna Array,13691748,pm1,µg/m³,25.8,2026-08-04T05:00:00Z
5199863,Kihumo Village || Antenna Array,13691748,pm1,µg/m³,30.3,2026-08-04T06:00:00Z
5199863,Kihumo Village || Antenna Array,13691748,pm1,µg/m³,25.9,2026-08-04T07:00:00Z
5199863,Kihumo Village || Antenna Array,13691748,pm1,µg/m³,24.3,2026-08-04T08:00:00Z
5199863,Kihumo Village || Antenna Array,13691748,pm1,µg/m³,23.3,2026-08-04T09:00:00Z
5199863,Kihumo Village || Antenna Array,13691748,pm1,µg/m³,25.2,2026-08-04T10:00:00Z
5199863,Kihumo Village || Antenna Array,13691748,pm1,µg/m³,29.2,2026-08-04T11:00:00Z
5199863,Kihumo Village || Antenna Array,13691748,pm1,µg/m³,41.1,2026-08-04T12:00:00Z
5199863,Kihumo Village || Antenna Array,13691748,pm1,µg/m³,30.3,2026-08-04T13:00:00Z
5199863,Kihumo Village || Antenna Array,13691748,pm1,µg/m³,26.6,2026-08-04T14:00:00Z
5199863,Kihumo Village || Antenna Array,13691748,pm1,µg/m³,29.9,2026-08-04T15:00:00Z
5199863,Kihumo Village || Antenna Array,13691748,pm1,µg/m³,32.0,2026-08-04T16:00:00Z
5199863,Kihumo Village || Antenna Array,13691748,pm1,µg/m³,37.1,2026-08-04T17:00:00Z
5199863,Kihumo Village || Antenna Array,13691748,pm1,µg/m³,33.2,2026-08-04T18:00:00Z
5199863,Kihumo Village || Antenna Array,13691748,pm1,µg/m³,33.3,2026-08-04T19:00:00Z
5199863,Kihumo Village || Antenna Array,13691748,pm1,µg/m³,30.2,2026-08-04T20:00:00Z
5199863,Kihumo Village || Antenna Array,13691748,pm1,µg/m³,28.9,2026-08-04T21:00:00Z
5199863,Kihumo Village || Antenna Array,13691748,pm1,µg/m³,24.3,2026-08-04T22:00:00Z
5199863,Kihumo Village || Antenna Array,13691748,pm1,µg/m³,24.6,2026-08-04T23:00:00Z
5199863,Kihumo Village || Antenna Array,13691748,pm1,µg/m³,17.1,2026-08-05T00:00:00Z
5199863,Kihumo Village || Antenna Array,13691748,pm1,µg/m³,12.6,2026-08-05T01:00:00Z
5199863,Kihumo Village || Antenna Array,13691748,pm1,µg/m³,11.1,2026-08-05T02:00:00Z
5199863,Kihumo Village || Antenna Array,13691748,pm1,µg/m³,17.4,2026-08-05T03:00:00Z
5199863,Kihumo Village || Antenna Array,13691748,pm1,µg/m³,23.1,2026-08-05T04:00:00Z
5199863,Kihumo Village || Antenna Array,13691748,pm1,µg/m³,21.8,2026-08-05T05:00:00Z
5199863,Kihumo Village || Antenna Array,13691748,pm1,µg/m³,22.4,2026-08-05T06:00:00Z
5199863,Kihumo Village || Antenna Array,13691748,pm1,µg/m³,21.7,2026-08-05T07:00:00Z
5199863,Kihumo Village || Antenna Array,13691748,pm1,µg/m³,20.7,2026-08-05T08:00:00Z
5199863,Kihumo Village || Antenna Array,13691748,pm1,µg/m³,33.7,2026-08-05T10:00:00Z
5199863,Kihumo Village || Antenna Array,13691748,pm1,µg/m³,24.4,2026-08-05T11:00:00Z
5199863,Kihumo Village || Antenna Array,13691748,pm1,µg/m³,44.8,2026-08-05T18:00:00Z
5199863,Kihumo Village || Antenna Array,13691748,pm1,µg/m³,45.8,2026-08-05T19:00:00Z
5199863,Kihumo Village || Antenna Array,13691748,pm1,µg/m³,33.8,2026-08-05T20:00:00Z
5199863,Kihumo Village || Antenna Array,13691748,pm1,µg/m³,25.5,2026-08-05T21:00:00Z
5199863,Kihumo Village || Antenna Array,13691748,pm1,µg/m³,17.6,2026-08-05T22:00:00Z
5199863,Kihumo Village || Antenna Array,13691748,pm1,µg/m³,9.8,2026-08-05T23:00:00Z
5199863,Kihumo Village || Antenna Array,13691748,pm1,µg/m³,9.0,2026-08-06T00:00:00Z
5199863,Kihumo Village || Antenna Array,13691748,pm1,µg/m³,14.3,2026-08-06T01:00:00Z
5199863,Kihumo Village || Antenna Array,13691748,pm1,µg/m³,14.7,2026-08-06T02:00:00Z
5199863,Kihumo Village || Antenna Array,13691748,pm1,µg/m³,14.4,2026-08-06T03:00:00Z
5199863,Kihumo Village || Antenna Array,13691748,pm1,µg/m³,18.0,2026-08-06T04:00:00Z
5199863,Kihumo Village || Antenna Array,13691748,pm1,µg/m³,21.7,2026-08-06T05:00:00Z
5199863,Kihumo Village || Antenna Array,13691748,pm1,µg/m³,22.8,2026-08-06T06:00:00Z
5199863,Kihumo Village || Antenna Array,13691748,pm1,µg/m³,26.0,2026-08-06T07:00:00Z
5199863,Kihumo Village || Antenna Array,13691748,pm1,µg/m³,29.6,2026-08-06T08:00:00Z
5199863,Kihumo Village || Antenna Array,13691748,pm1,µg/m³,29.6,2026-08-06T09:00:00Z
5199863,Kihumo Village || Antenna Array,13691748,pm1,µg/m³,23.6,2026-08-06T10:00:00Z
5199863,Kihumo Village || Antenna Array,13691748,pm1,µg/m³,14.7,2026-08-06T11:00:00Z
5199863,Kihumo Village || Antenna Array,13691748,pm1,µg/m³,12.4,2026-08-06T12:00:00Z
5199863,Kihumo Village || Antenna Array,13691748,pm1,µg/m³,14.6,2026-08-06T13:00:00Z
5199863,Kihumo Village || Antenna Array,13691748,pm1,µg/m³,13.7,2026-08-06T14:00:00Z
5199863,Kihumo Village || Antenna Array,13691748,pm1,µg/m³,21.6,2026-08-06T15:00:00Z
5199863,Kihumo Village || Antenna Array,13691748,pm1,µg/m³,24.2,2026-08-06T16:00:00Z
5199863,Kihumo Village || Antenna Array,13691748,pm1,µg/m³,23.0,2026-08-06T17:00:00Z
5199863,Kihumo Village || Antenna Array,13691748,pm1,µg/m³,22.5,2026-08-06T18:00:00Z
5199863,Kihumo Village || Antenna Array,13691748,pm1,µg/m³,23.3,2026-08-06T19:00:00Z
5199863,Kihumo Village || Antenna Array,13691748,pm1,µg/m³,23.5,2026-08-06T20:00:00Z
5199863,Kihumo Village || Antenna Array,13691748,pm1,µg/m³,23.4,2026-08-06T21:00:00Z
5199863,Kihumo Village || Antenna Array,13691748,pm1,µg/m³,22.6,2026-08-06T22:00:00Z
5199863,Kihumo Village || Antenna Array,13691748,pm1,µg/m³,21.0,2026-08-06T23:00:00Z
5199863,Kihumo Village || Antenna Array,13691748,pm1,µg/m³,20.9,2026-08-07T00:00:00Z
5199863,Kihumo Village || Antenna Array,13691748,pm1,µg/m³,19.6,2026-08-07T01:00:00Z
5199863,Kihumo Village || Antenna Array,13691748,pm1,µg/m³,14.7,2026-08-07T02:00:00Z
5199863,Kihumo Village || Antenna Array,13691748,pm1,µg/m³,13.6,2026-08-07T03:00:00Z
5199863,Kihumo Village || Antenna Array,13691748,pm1,µg/m³,17.6,2026-08-07T04:00:00Z
5199863,Kihumo Village || Antenna Array,13691748,pm1,µg/m³,19.0,2026-08-07T05:00:00Z
5199863,Kihumo Village || Antenna Array,13691748,pm1,µg/m³,22.2,2026-08-07T06:00:00Z
5199863,Kihumo Village || Antenna Array,13691748,pm1,µg/m³,24.6,2026-08-07T07:00:00Z
5199863,Kihumo Village || Antenna Array,13691748,pm1,µg/m³,30.2,2026-08-07T08:00:00Z
5199863,Kihumo Village || Antenna Array,13691748,pm1,µg/m³,33.4,2026-08-07T09:00:00Z
5199863,Kihumo Village || Antenna Array,13691748,pm1,µg/m³,30.4,2026-08-07T10:00:00Z
5199863,Kihumo Village || Antenna Array,13691748,pm1,µg/m³,28.9,2026-08-07T11:00:00Z
5199863,Kihumo Village || Antenna Array,13691748,pm1,µg/m³,26.4,2026-08-07T12:00:00Z
5199863,Kihumo Village || Antenna Array,13691748,pm1,µg/m³,25.3,2026-08-07T13:00:00Z
5199863,Kihumo Village || Antenna Array,13691748,pm1,µg/m³,26.8,2026-08-07T14:00:00Z
5199863,Kihumo Village || Antenna Array,13691748,pm1,µg/m³,29.3,2026-08-07T15:00:00Z
5199863,Kihumo Village || Antenna Array,13691748,pm1,µg/m³,29.6,2026-08-07T16:00:00Z
5199863,Kihumo Village || Antenna Array,13691748,pm1,µg/m³,29.0,2026-08-07T17:00:00Z
5199863,Kihumo Village || Antenna Array,13691748,pm1,µg/m³,25.8,2026-08-07T18:00:00Z
5199863,Kihumo Village || Antenna Array,13691748,pm1,µg/m³,24.0,2026-08-07T19:00:00Z
5199863,Kihumo Village || Antenna Array,13691748,pm1,µg/m³,21.5,2026-08-07T20:00:00Z
5199863,Kihumo Village || Antenna Array,13691748,pm1,µg/m³,20.9,2026-08-07T21:00:00Z
5199863,Kihumo Village || Antenna Array,13691748,pm1,µg/m³,21.3,2026-08-07T22:00:00Z
5199863,Kihumo Village || Antenna Array,13691748,pm1,µg/m³,22.1,2026-08-07T23:00:00Z
5199863,Kihumo Village || Antenna Array,13691748,pm1,µg/m³,19.9,2026-08-08T00:00:00Z
5199863,Kihumo Village || Antenna Array,13691748,pm1,µg/m³,20.4,2026-08-08T01:00:00Z
5199863,Kihumo Village || Antenna Array,13691748,pm1,µg/m³,21.5,2026-08-08T02:00:00Z
5199863,Kihumo Village || Antenna Array,13691748,pm1,µg/m³,22.2,2026-08-08T03:00:00Z
5199863,Kihumo Village || Antenna Array,13691748,pm1,µg/m³,22.3,2026-08-08T04:00:00Z
5199863,Kihumo Village || Antenna Array,13691748,pm1,µg/m³,21.7,2026-08-08T05:00:00Z
5199863,Kihumo Village || Antenna Array,13691748,pm1,µg/m³,22.6,2026-08-08T06:00:00Z
5199863,Kihumo Village || Antenna Array,13691748,pm1,µg/m³,27.6,2026-08-08T07:00:00Z
5199863,Kihumo Village || Antenna Array,13691748,pm1,µg/m³,27.8,2026-08-08T08:00:00Z
5199863,Kihumo Village || Antenna Array,13691748,pm1,µg/m³,25.4,2026-08-08T09:00:00Z
5199863,Kihumo Village || Antenna Array,13691748,pm1,µg/m³,24.4,2026-08-08T10:00:00Z
5199863,Kihumo Village || Antenna Array,13691748,pm1,µg/m³,25.0,2026-08-08T11:00:00Z
5199863,Kihumo Village || Antenna Array,13691748,pm1,µg/m³,25.5,2026-08-08T12:00:00Z
5199863,Kihumo Village || Antenna Array,13691748,pm1,µg/m³,24.5,2026-08-08T13:00:00Z
5199863,Kihumo Village || Antenna Array,13691748,pm1,µg/m³,22.2,2026-08-08T14:00:00Z
5199863,Kihumo Village || Antenna Array,13691748,pm1,µg/m³,26.1,2026-08-08T15:00:00Z
5199863,Kihumo Village || Antenna Array,13691748,pm1,µg/m³,32.8,2026-08-08T16:00:00Z
5199863,Kihumo Village || Antenna Array,13691748,pm1,µg/m³,30.4,2026-08-08T17:00:00Z
5199863,Kihumo Village || Antenna Array,13691748,pm1,µg/m³,32.6,2026-08-08T18:00:00Z
5199863,Kihumo Village || Antenna Array,13691748,pm1,µg/m³,30.7,2026-08-08T19:00:00Z
5199863,Kihumo Village || Antenna Array,13691748,pm1,µg/m³,27.3,2026-08-08T20:00:00Z
5199863,Kihumo Village || Antenna Array,13691748,pm1,µg/m³,18.2,2026-08-08T21:00:00Z
5199863,Kihumo Village || Antenna Array,13691748,pm1,µg/m³,4.5,2026-08-08T22:00:00Z
5199863,Kihumo Village || Antenna Array,13691748,pm1,µg/m³,4.6,2026-08-08T23:00:00Z
5199863,Kihumo Village || Antenna Array,13691748,pm1,µg/m³,7.8,2026-08-09T00:00:00Z
5199863,Kihumo Village || Antenna Array,13691748,pm1,µg/m³,6.3,2026-08-09T01:00:00Z
5199863,Kihumo Village || Antenna Array,13691748,pm1,µg/m³,2.1,2026-08-09T02:00:00Z
5199863,Kihumo Village || Antenna Array,13691748,pm1,µg/m³,2.9,2026-08-09T03:00:00Z
5199863,Kihumo Village || Antenna Array,13691748,pm1,µg/m³,12.0,2026-08-09T04:00:00Z
5199863,Kihumo Village || Antenna Array,13691748,pm1,µg/m³,12.9,2026-08-09T12:00:00Z
5199863,Kihumo Village || Antenna Array,13691748,pm1,µg/m³,9.9,2026-08-09T13:00:00Z
5199863,Kihumo Village || Antenna Array,13691748,pm1,µg/m³,10.8,2026-08-09T14:00:00Z
5199863,Kihumo Village || Antenna Array,13691748,pm1,µg/m³,21.4,2026-08-09T15:00:00Z
5199863,Kihumo Village || Antenna Array,13691748,pm1,µg/m³,25.5,2026-08-09T16:00:00Z
5199863,Kihumo Village || Antenna Array,13691748,pm1,µg/m³,29.9,2026-08-09T17:00:00Z
5199863,Kihumo Village || Antenna Array,13691748,pm1,µg/m³,32.0,2026-08-09T18:00:00Z
5199863,Kihumo Village || Antenna Array,13691748,pm1,µg/m³,33.0,2026-08-09T19:00:00Z
5199863,Kihumo Village || Antenna Array,13691748,pm1,µg/m³,33.8,2026-08-09T20:00:00Z
5199863,Kihumo Village || Antenna Array,13691748,pm1,µg/m³,30.6,2026-08-09T21:00:00Z
5199863,Kihumo Village || Antenna Array,13691748,pm1,µg/m³,18.0,2026-08-09T22:00:00Z
5199863,Kihumo Village || Antenna Array,13691748,pm1,µg/m³,25.8,2026-08-09T23:00:00Z
5199863,Kihumo Village || Antenna Array,13691748,pm1,µg/m³,22.2,2026-08-10T00:00:00Z
5199863,Kihumo Village || Antenna Array,13691748,pm1,µg/m³,19.4,2026-08-10T01:00:00Z
5199863,Kihumo Village || Antenna Array,13691748,pm1,µg/m³,18.7,2026-08-10T02:00:00Z
5199863,Kihumo Village || Antenna Array,13691748,pm1,µg/m³,17.4,2026-08-10T03:00:00Z
5199863,Kihumo Village || Antenna Array,13691748,pm1,µg/m³,11.3,2026-08-10T04:00:00Z
5199863,Kihumo Village || Antenna Array,13691748,pm1,µg/m³,7.7,2026-08-10T05:00:00Z
5199863,Kihumo Village || Antenna Array,13691748,pm1,µg/m³,6.7,2026-08-10T06:00:00Z
5199863,Kihumo Village || Antenna Array,13691748,pm1,µg/m³,13.8,2026-08-10T07:00:00Z
5199863,Kihumo Village || Antenna Array,13691748,pm1,µg/m³,29.0,2026-08-10T08:00:00Z
5199863,Kihumo Village || Antenna Array,13691748,pm1,µg/m³,28.7,2026-08-10T09:00:00Z
5199863,Kihumo Village || Antenna Array,13691748,pm1,µg/m³,26.0,2026-08-10T10:00:00Z
5199863,Kihumo Village || Antenna Array,13691748,pm1,µg/m³,22.2,2026-08-10T11:00:00Z
5199863,Kihumo Village || Antenna Array,13691748,pm1,µg/m³,19.7,2026-08-10T12:00:00Z
5199863,Kihumo Village || Antenna Array,13691748,pm1,µg/m³,14.9,2026-08-10T13:00:00Z
5199863,Kihumo Village || Antenna Array,13691748,pm1,µg/m³,10.4,2026-08-10T14:00:00Z
5199863,Kihumo Village || Antenna Array,13691748,pm1,µg/m³,19.3,2026-08-10T15:00:00Z
5199863,Kihumo Village || Antenna Array,13691748,pm1,µg/m³,20.7,2026-08-10T16:00:00Z
5199863,Kihumo Village || Antenna Array,13691748,pm1,µg/m³,23.9,2026-08-10T17:00:00Z
5199863,Kihumo Village || Antenna Array,13691748,pm1,µg/m³,33.1,2026-08-10T18:00:00Z
5199863,Kihumo Village || Antenna Array,13691748,pm1,µg/m³,26.5,2026-08-10T19:00:00Z
5199863,Kihumo Village || Antenna Array,13691748,pm1,µg/m³,21.1,2026-08-10T20:00:00Z
5199863,Kihumo Village || Antenna Array,13691748,pm1,µg/m³,14.5,2026-08-10T21:00:00Z
5199863,Kihumo Village || Antenna Array,13691748,pm1,µg/m³,25.2,2026-08-10T22:00:00Z
5199863,Kihumo Village || Antenna Array,13691748,pm1,µg/m³,26.3,2026-08-10T23:00:00Z
5199863,Kihumo Village || Antenna Array,13691748,pm1,µg/m³,22.8,2026-08-11T00:00:00Z
5199863,Kihumo Village || Antenna Array,13691748,pm1,µg/m³,21.6,2026-08-11T01:00:00Z
5199863,Kihumo Village || Antenna Array,13691748,pm1,µg/m³,10.1,2026-08-11T02:00:00Z
5199863,Kihumo Village || Antenna Array,13691748,pm1,µg/m³,9.4,2026-08-11T03:00:00Z
5199863,Kihumo Village || Antenna Array,13691748,pm1,µg/m³,12.1,2026-08-11T04:00:00Z
5199863,Kihumo Village || Antenna Array,13691748,pm1,µg/m³,8.7,2026-08-11T05:00:00Z
5199863,Kihumo Village || Antenna Array,13691748,pm1,µg/m³,6.8,2026-08-11T06:00:00Z
5199863,Kihumo Village || Antenna Array,13691748,pm1,µg/m³,7.9,2026-08-11T07:00:00Z
5199863,Kihumo Village || Antenna Array,13691748,pm1,µg/m³,7.3,2026-08-11T08:00:00Z
5199863,Kihumo Village || Antenna Array,13691748,pm1,µg/m³,18.1,2026-08-11T09:00:00Z
5199863,Kihumo Village || Antenna Array,13691748,pm1,µg/m³,22.9,2026-08-11T10:00:00Z
5199863,Kihumo Village || Antenna Array,13691748,pm1,µg/m³,23.2,2026-08-11T11:00:00Z
5199863,Kihumo Village || Antenna Array,13691748,pm1,µg/m³,16.9,2026-08-11T15:00:00Z
5199863,Kihumo Village || Antenna Array,13691748,pm1,µg/m³,19.8,2026-08-11T16:00:00Z
5199863,Kihumo Village || Antenna Array,13691748,pm1,µg/m³,23.1,2026-08-11T17:00:00Z
5199863,Kihumo Village || Antenna Array,13691748,pm1,µg/m³,36.1,2026-08-11T18:00:00Z
5199863,Kihumo Village || Antenna Array,13691748,pm1,µg/m³,40.3,2026-08-11T19:00:00Z
5199863,Kihumo Village || Antenna Array,13691748,pm1,µg/m³,17.4,2026-08-11T20:00:00Z
5199863,Kihumo Village || Antenna Array,13691748,pm1,µg/m³,17.4,2026-08-11T21:00:00Z
5199863,Kihumo Village || Antenna Array,13691748,pm1,µg/m³,19.7,2026-08-11T22:00:00Z
5199863,Kihumo Village || Antenna Array,13691748,pm1,µg/m³,12.2,2026-08-11T23:00:00Z
5199863,Kihumo Village || Antenna Array,13691748,pm1,µg/m³,11.9,2026-08-12T00:00:00Z
5199863,Kihumo Village || Antenna Array,13691748,pm1,µg/m³,12.6,2026-08-12T01:00:00Z
5199863,Kihumo Village || Antenna Array,13691748,pm1,µg/m³,13.2,2026-08-12T02:00:00Z
5199863,Kihumo Village || Antenna Array,13691748,pm1,µg/m³,21.1,2026-08-12T03:00:00Z
5199863,Kihumo Village || Antenna Array,13691748,pm1,µg/m³,27.6,2026-08-12T04:00:00Z
5199863,Kihumo Village || Antenna Array,13691748,pm1,µg/m³,9.9,2026-08-12T05:00:00Z
5199863,Kihumo Village || Antenna Array,13691748,pm1,µg/m³,3.8,2026-08-12T06:00:00Z
5199863,Kihumo Village || Antenna Array,13691748,pm1,µg/m³,2.4,2026-08-12T07:00:00Z
5199863,Kihumo Village || Antenna Array,13691748,pm1,µg/m³,4.9,2026-08-12T08:00:00Z
5199863,Kihumo Village || Antenna Array,13691748,pm1,µg/m³,4.4,2026-08-12T09:00:00Z
5199863,Kihumo Village || Antenna Array,13691748,pm1,µg/m³,3.3,2026-08-12T10:00:00Z
5199863,Kihumo Village || Antenna Array,13691748,pm1,µg/m³,1.1,2026-08-12T11:00:00Z
5199863,Kihumo Village || Antenna Array,13691748,pm1,µg/m³,2.8,2026-08-12T12:00:00Z
5199863,Kihumo Village || Antenna Array,13691748,pm1,µg/m³,4.7,2026-08-12T13:00:00Z
5199863,Kihumo Village || Antenna Array,13691748,pm1,µg/m³,9.0,2026-08-12T14:00:00Z
5199863,Kihumo Village || Antenna Array,13691748,pm1,µg/m³,10.7,2026-08-12T15:00:00Z
5199863,Kihumo Village || Antenna Array,13691748,pm1,µg/m³,8.9,2026-08-12T16:00:00Z
5199863,Kihumo Village || Antenna Array,13691748,pm1,µg/m³,13.2,2026-08-12T17:00:00Z
5199863,Kihumo Village || Antenna Array,13691748,pm1,µg/m³,15.8,2026-08-12T18:00:00Z
5199863,Kihumo Village || Antenna Array,13691748,pm1,µg/m³,10.0,2026-08-12T19:00:00Z
5199863,Kihumo Village || Antenna Array,13691748,pm1,µg/m³,16.7,2026-08-12T20:00:00Z
5199863,Kihumo Village || Antenna Array,13691748,pm1,µg/m³,21.3,2026-08-12T21:00:00Z
5199863,Kihumo Village || Antenna Array,13691748,pm1,µg/m³,10.8,2026-08-12T22:00:00Z
5199863,Kihumo Village || Antenna Array,13691748,pm1,µg/m³,8.1,2026-08-12T23:00:00Z
5199863,Kihumo Village || Antenna Array,13691748,pm1,µg/m³,8.0,2026-08-13T00:00:00Z
5199863,Kihumo Village || Antenna Array,13691748,pm1,µg/m³,7.9,2026-08-13T01:00:00Z
5199863,Kihumo Village || Antenna Array,13691748,pm1,µg/m³,5.8,2026-08-13T02:00:00Z
5199863,Kihumo Village || Antenna Array,13691748,pm1,µg/m³,15.0,2026-08-13T03:00:00Z
5199863,Kihumo Village || Antenna Array,13691748,pm1,µg/m³,25.8,2026-08-13T04:00:00Z
5199863,Kihumo Village || Antenna Array,13691748,pm1,µg/m³,16.1,2026-08-13T05:00:00Z
5199863,Kihumo Village || Antenna Array,13691748,pm1,µg/m³,11.1,2026-08-13T06:00:00Z
5199863,Kihumo Village || Antenna Array,13691748,pm1,µg/m³,4.8,2026-08-13T07:00:00Z
5199863,Kihumo Village || Antenna Array,13691748,pm1,µg/m³,2.2,2026-08-13T08:00:00Z
5199863,Kihumo Village || Antenna Array,13691748,pm1,µg/m³,2.1,2026-08-13T09:00:00Z
5199863,Kihumo Village || Antenna Array,13691748,pm1,µg/m³,2.1,2026-08-13T10:00:00Z
5199863,Kihumo Village || Antenna Array,13691748,pm1,µg/m³,2.6,2026-08-13T11:00:00Z
5199863,Kihumo Village || Antenna Array,13691748,pm1,µg/m³,2.1,2026-08-13T12:00:00Z
5199863,Kihumo Village || Antenna Array,13691748,pm1,µg/m³,1.7,2026-08-13T13:00:00Z
5199863,Kihumo Village || Antenna Array,13691748,pm1,µg/m³,4.1,2026-08-13T14:00:00Z
5199863,Kihumo Village || Antenna Array,13691748,pm1,µg/m³,10.3,2026-08-13T15:00:00Z
5199863,Kihumo Village || Antenna Array,13691748,pm1,µg/m³,20.2,2026-08-13T16:00:00Z
5199863,Kihumo Village || Antenna Array,13691748,pm1,µg/m³,41.4,2026-08-13T17:00:00Z
5199863,Kihumo Village || Antenna Array,13691748,pm1,µg/m³,38.1,2026-08-13T18:00:00Z
5199863,Kihumo Village || Antenna Array,13691748,pm1,µg/m³,31.4,2026-08-13T19:00:00Z
5199863,Kihumo Village || Antenna Array,13691748,pm1,µg/m³,4.1,2026-08-14T11:00:00Z
5199863,Kihumo Village || Antenna Array,13691748,pm1,µg/m³,6.4,2026-08-14T13:00:00Z
5199863,Kihumo Village || Antenna Array,13691748,pm1,µg/m³,46.2,2026-08-15T16:00:00Z
5199863,Kihumo Village || Antenna Array,13691748,pm1,µg/m³,45.9,2026-08-15T19:00:00Z
5199863,Kihumo Village || Antenna Array,13691748,pm1,µg/m³,20.0,2026-08-16T08:00:00Z
5199863,Kihumo Village || Antenna Array,13691748,pm1,µg/m³,21.2,2026-08-16T09:00:00Z
5199863,Kihumo Village || Antenna Array,13691748,pm1,µg/m³,22.4,2026-08-16T10:00:00Z
5199863,Kihumo Village || Antenna Array,13691748,pm1,µg/m³,22.9,2026-08-16T11:00:00Z
5199863,Kihumo Village || Antenna Array,13691748,pm1,µg/m³,22.9,2026-08-16T12:00:00Z
5199863,Kihumo Village || Antenna Array,13691748,pm1,µg/m³,28.4,2026-08-16T13:00:00Z
5199863,Kihumo Village || Antenna Array,13691748,pm1,µg/m³,32.3,2026-08-16T14:00:00Z
5199863,Kihumo Village || Antenna Array,13691748,pm1,µg/m³,37.4,2026-08-16T15:00:00Z
5199863,Kihumo Village || Antenna Array,13691748,pm1,µg/m³,44.2,2026-08-16T16:00:00Z
5199863,Kihumo Village || Antenna Array,13691748,pm1,µg/m³,33.2,2026-08-16T17:00:00Z
5199863,Kihumo Village || Antenna Array,13691748,pm1,µg/m³,29.9,2026-08-16T18:00:00Z
5199863,Kihumo Village || Antenna Array,13691748,pm1,µg/m³,27.7,2026-08-16T19:00:00Z
5199863,Kihumo Village || Antenna Array,13691748,pm1,µg/m³,27.1,2026-08-16T20:00:00Z
5199863,Kihumo Village || Antenna Array,13691748,pm1,µg/m³,22.5,2026-08-17T06:00:00Z
5199863,Kihumo Village || Antenna Array,13691748,pm1,µg/m³,24.6,2026-08-17T07:00:00Z
5199863,Kihumo Village || Antenna Array,13691748,pm1,µg/m³,23.6,2026-08-17T08:00:00Z
5199863,Kihumo Village || Antenna Array,13691748,pm1,µg/m³,25.4,2026-08-17T09:00:00Z
5199863,Kihumo Village || Antenna Array,13691748,pm1,µg/m³,30.2,2026-08-17T10:00:00Z
5199863,Kihumo Village || Antenna Array,13691748,pm1,µg/m³,30.6,2026-08-17T11:00:00Z
5199863,Kihumo Village || Antenna Array,13691748,pm1,µg/m³,32.5,2026-08-17T12:00:00Z
5199863,Kihumo Village || Antenna Array,13691748,pm1,µg/m³,31.1,2026-08-17T13:00:00Z
5199863,Kihumo Village || Antenna Array,13691748,pm1,µg/m³,27.0,2026-08-17T14:00:00Z
5199863,Kihumo Village || Antenna Array,13691748,pm1,µg/m³,39.0,2026-08-17T15:00:00Z
5199863,Kihumo Village || Antenna Array,13691748,pm1,µg/m³,48.9,2026-08-17T16:00:00Z
5199863,Kihumo Village || Antenna Array,13691748,pm1,µg/m³,29.0,2026-08-17T17:00:00Z
5199863,Kihumo Village || Antenna Array,13691748,pm1,µg/m³,24.9,2026-08-17T18:00:00Z
5199863,Kihumo Village || Antenna Array,13691748,pm1,µg/m³,23.9,2026-08-17T19:00:00Z
5199863,Kihumo Village || Antenna Array,13691748,pm1,µg/m³,24.1,2026-08-17T20:00:00Z
5199863,Kihumo Village || Antenna Array,13691748,pm1,µg/m³,23.4,2026-08-17T21:00:00Z
5199863,Kihumo Village || Antenna Array,13691748,pm1,µg/m³,22.1,2026-08-17T22:00:00Z
5199863,Kihumo Village || Antenna Array,13691748,pm1,µg/m³,21.5,2026-08-17T23:00:00Z
5199863,Kihumo Village || Antenna Array,13691748,pm1,µg/m³,21.5,2026-08-18T00:00:00Z
5199863,Kihumo Village || Antenna Array,13691748,pm1,µg/m³,22.1,2026-08-18T01:00:00Z
5199863,Kihumo Village || Antenna Array,13691748,pm1,µg/m³,22.5,2026-08-18T02:00:00Z
5199863,Kihumo Village || Antenna Array,13691748,pm1,µg/m³,19.5,2026-08-18T03:00:00Z
5199863,Kihumo Village || Antenna Array,13691748,pm1,µg/m³,26.3,2026-08-18T04:00:00Z
5199863,Kihumo Village || Antenna Array,13691748,pm1,µg/m³,22.4,2026-08-18T05:00:00Z
5199863,Kihumo Village || Antenna Array,13691748,pm1,µg/m³,23.1,2026-08-18T06:00:00Z
5199863,Kihumo Village || Antenna Array,13691748,pm1,µg/m³,23.8,2026-08-18T07:00:00Z
5199863,Kihumo Village || Antenna Array,13691748,pm1,µg/m³,24.1,2026-08-18T08:00:00Z
5199863,Kihumo Village || Antenna Array,13691748,pm1,µg/m³,29.1,2026-08-18T09:00:00Z
5199863,Kihumo Village || Antenna Array,13691748,pm1,µg/m³,32.4,2026-08-18T10:00:00Z
5199863,Kihumo Village || Antenna Array,13691748,pm1,µg/m³,24.9,2026-08-18T11:00:00Z
5199863,Kihumo Village || Antenna Array,13691748,pm1,µg/m³,24.9,2026-08-18T12:00:00Z
5199863,Kihumo Village || Antenna Array,13691748,pm1,µg/m³,26.1,2026-08-18T13:00:00Z
5199863,Kihumo Village || Antenna Array,13691748,pm1,µg/m³,28.8,2026-08-18T14:00:00Z
5199863,Kihumo Village || Antenna Array,13691748,pm1,µg/m³,36.2,2026-08-18T15:00:00Z
5199863,Kihumo Village || Antenna Array,13691748,pm1,µg/m³,42.5,2026-08-18T16:00:00Z
5199863,Kihumo Village || Antenna Array,13691748,pm1,µg/m³,36.0,2026-08-18T17:00:00Z
5199863,Kihumo Village || Antenna Array,13691748,pm1,µg/m³,27.8,2026-08-18T18:00:00Z
5199863,Kihumo Village || Antenna Array,13691748,pm1,µg/m³,25.0,2026-08-18T19:00:00Z
5199863,Kihumo Village || Antenna Array,13691748,pm1,µg/m³,25.9,2026-08-18T20:00:00Z
5199863,Kihumo Village || Antenna Array,13691748,pm1,µg/m³,24.1,2026-08-18T21:00:00Z
5199863,Kihumo Village || Antenna Array,13691748,pm1,µg/m³,20.3,2026-08-18T22:00:00Z
5199863,Kihumo Village || Antenna Array,13691748,pm1,µg/m³,19.6,2026-08-18T23:00:00Z
5199863,Kihumo Village || Antenna Array,13691748,pm1,µg/m³,16.5,2026-08-19T00:00:00Z
5199863,Kihumo Village || Antenna Array,13691748,pm1,µg/m³,15.2,2026-08-19T01:00:00Z
5199863,Kihumo Village || Antenna Array,13691748,pm1,µg/m³,11.6,2026-08-19T02:00:00Z
5199863,Kihumo Village || Antenna Array,13691748,pm1,µg/m³,21.2,2026-08-19T03:00:00Z
5199863,Kihumo Village || Antenna Array,13691748,pm1,µg/m³,25.0,2026-08-19T04:00:00Z
5199863,Kihumo Village || Antenna Array,13691748,pm1,µg/m³,26.2,2026-08-19T05:00:00Z
5199863,Kihumo Village || Antenna Array,13691748,pm1,µg/m³,24.1,2026-08-19T06:00:00Z
5199863,Kihumo Village || Antenna Array,13691748,pm1,µg/m³,28.4,2026-08-19T07:00:00Z
5199863,Kihumo Village || Antenna Array,13691748,pm1,µg/m³,29.1,2026-08-19T08:00:00Z
5199863,Kihumo Village || Antenna Array,13691748,pm1,µg/m³,25.1,2026-08-19T09:00:00Z
5199863,Kihumo Village || Antenna Array,13691748,pm1,µg/m³,25.5,2026-08-19T10:00:00Z
5199863,Kihumo Village || Antenna Array,13691748,pm1,µg/m³,28.2,2026-08-19T11:00:00Z
5199863,Kihumo Village || Antenna Array,13691748,pm1,µg/m³,29.5,2026-08-19T12:00:00Z
5199863,Kihumo Village || Antenna Array,13691748,pm1,µg/m³,25.1,2026-08-19T13:00:00Z
5199863,Kihumo Village || Antenna Array,13691748,pm1,µg/m³,23.1,2026-08-19T14:00:00Z
5199863,Kihumo Village || Antenna Array,13691748,pm1,µg/m³,29.7,2026-08-19T15:00:00Z
5199863,Kihumo Village || Antenna Array,13691748,pm1,µg/m³,23.7,2026-08-19T16:00:00Z
5199863,Kihumo Village || Antenna Array,13691748,pm1,µg/m³,26.3,2026-08-19T17:00:00Z
5199863,Kihumo Village || Antenna Array,13691748,pm1,µg/m³,24.1,2026-08-19T18:00:00Z
5199863,Kihumo Village || Antenna Array,13691748,pm1,µg/m³,26.6,2026-08-19T19:00:00Z
5199863,Kihumo Village || Antenna Array,13691748,pm1,µg/m³,27.9,2026-08-19T20:00:00Z
5199863,Kihumo Village || Antenna Array,13691748,pm1,µg/m³,28.3,2026-08-19T21:00:00Z
5199863,Kihumo Village || Antenna Array,13691748,pm1,µg/m³,28.7,2026-08-19T22:00:00Z
5199863,Kihumo Village || Antenna Array,13691748,pm1,µg/m³,28.3,2026-08-19T23:00:00Z
5199863,Kihumo Village || Antenna Array,13691748,pm1,µg/m³,28.1,2026-08-20T00:00:00Z
5199863,Kihumo Village || Antenna Array,13691748,pm1,µg/m³,27.2,2026-08-20T01:00:00Z
5199863,Kihumo Village || Antenna Array,13691748,pm1,µg/m³,28.1,2026-08-20T02:00:00Z
5199863,Kihumo Village || Antenna Array,13691748,pm1,µg/m³,30.2,2026-08-20T03:00:00Z
5199863,Kihumo Village || Antenna Array,13691748,pm1,µg/m³,32.2,2026-08-20T05:00:00Z
5199863,Kihumo Village || Antenna Array,13691748,pm1,µg/m³,30.6,2026-08-20T06:00:00Z
5199863,Kihumo Village || Antenna Array,13691748,pm1,µg/m³,29.8,2026-08-20T07:00:00Z
5199863,Kihumo Village || Antenna Array,13691748,pm1,µg/m³,30.6,2026-08-20T08:00:00Z
5199863,Kihumo Village || Antenna Array,13691748,pm1,µg/m³,27.4,2026-08-20T09:00:00Z
5199863,Kihumo Village || Antenna Array,13691748,pm1,µg/m³,26.8,2026-08-20T10:00:00Z
5199863,Kihumo Village || Antenna Array,13691748,pm1,µg/m³,30.9,2026-08-20T11:00:00Z
5199863,Kihumo Village || Antenna Array,13691748,pm1,µg/m³,28.7,2026-08-20T12:00:00Z
5199863,Kihumo Village || Antenna Array,13691748,pm1,µg/m³,27.8,2026-08-20T13:00:00Z
5199863,Kihumo Village || Antenna Array,13691748,pm1,µg/m³,26.9,2026-08-20T14:00:00Z
5199863,Kihumo Village || Antenna Array,13691748,pm1,µg/m³,27.3,2026-08-20T15:00:00Z
5199863,Kihumo Village || Antenna Array,13691748,pm1,µg/m³,32.1,2026-08-20T16:00:00Z
5199863,Kihumo Village || Antenna Array,13691748,pm1,µg/m³,34.3,2026-08-20T17:00:00Z
5199863,Kihumo Village || Antenna Array,13691748,pm1,µg/m³,33.7,2026-08-20T18:00:00Z
5199863,Kihumo Village || Antenna Array,13691748,pm1,µg/m³,34.4,2026-08-20T19:00:00Z
5199863,Kihumo Village || Antenna Array,13691748,pm1,µg/m³,26.3,2026-08-20T20:00:00Z
5199863,Kihumo Village || Antenna Array,13691748,pm1,µg/m³,24.1,2026-08-20T21:00:00Z
5199863,Kihumo Village || Antenna Array,13691748,pm1,µg/m³,21.1,2026-08-20T22:00:00Z
5199863,Kihumo Village || Antenna Array,13691748,pm1,µg/m³,14.8,2026-08-20T23:00:00Z
5199863,Kihumo Village || Antenna Array,13691748,pm1,µg/m³,19.0,2026-08-21T00:00:00Z
5199863,Kihumo Village || Antenna Array,13691748,pm1,µg/m³,19.9,2026-08-21T01:00:00Z
5199863,Kihumo Village || Antenna Array,13691748,pm1,µg/m³,19.8,2026-08-21T02:00:00Z
5199863,Kihumo Village || Antenna Array,13691748,pm1,µg/m³,21.7,2026-08-21T03:00:00Z
5199863,Kihumo Village || Antenna Array,13691748,pm1,µg/m³,23.4,2026-08-21T04:00:00Z
5199863,Kihumo Village || Antenna Array,13691748,pm1,µg/m³,23.5,2026-08-21T05:00:00Z
5199863,Kihumo Village || Antenna Array,13691748,pm1,µg/m³,22.9,2026-08-21T06:00:00Z
5199863,Kihumo Village || Antenna Array,13691748,pm1,µg/m³,23.4,2026-08-21T07:00:00Z
5199863,Kihumo Village || Antenna Array,13691748,pm1,µg/m³,22.5,2026-08-21T08:00:00Z
5199863,Kihumo Village || Antenna Array,13691748,pm1,µg/m³,27.2,2026-08-21T09:00:00Z
5199863,Kihumo Village || Antenna Array,13691748,pm1,µg/m³,33.2,2026-08-21T10:00:00Z
5199863,Kihumo Village || Antenna Array,13691748,pm1,µg/m³,31.5,2026-08-21T11:00:00Z
5199863,Kihumo Village || Antenna Array,13691748,pm1,µg/m³,27.7,2026-08-21T12:00:00Z
5199863,Kihumo Village || Antenna Array,13691748,pm1,µg/m³,23.8,2026-08-21T13:00:00Z
5199863,Kihumo Village || Antenna Array,13691748,pm1,µg/m³,24.9,2026-08-21T14:00:00Z
5199863,Kihumo Village || Antenna Array,13691748,pm1,µg/m³,29.0,2026-08-21T15:00:00Z
5199863,Kihumo Village || Antenna Array,13691748,pm1,µg/m³,32.9,2026-08-21T16:00:00Z
5199863,Kihumo Village || Antenna Array,13691748,pm1,µg/m³,36.3,2026-08-21T17:00:00Z
5199863,Kihumo Village || Antenna Array,13691748,pm1,µg/m³,35.6,2026-08-21T18:00:00Z
5199863,Kihumo Village || Antenna Array,13691748,pm1,µg/m³,31.5,2026-08-21T19:00:00Z
5199863,Kihumo Village || Antenna Array,13691748,pm1,µg/m³,23.8,2026-08-21T20:00:00Z
5199863,Kihumo Village || Antenna Array,13691748,pm1,µg/m³,9.3,2026-08-21T21:00:00Z
5199863,Kihumo Village || Antenna Array,13691748,pm1,µg/m³,7.0,2026-08-21T22:00:00Z
5199863,Kihumo Village || Antenna Array,13691748,pm1,µg/m³,5.8,2026-08-21T23:00:00Z
5199863,Kihumo Village || Antenna Array,13691748,pm1,µg/m³,6.1,2026-08-22T00:00:00Z
5199863,Kihumo Village || Antenna Array,13691748,pm1,µg/m³,6.5,2026-08-22T01:00:00Z
5199863,Kihumo Village || Antenna Array,13691748,pm1,µg/m³,7.0,2026-08-22T02:00:00Z
5199863,Kihumo Village || Antenna Array,13691748,pm1,µg/m³,9.9,2026-08-22T03:00:00Z
5199863,Kihumo Village || Antenna Array,13691748,pm1,µg/m³,19.0,2026-08-22T04:00:00Z
5199863,Kihumo Village || Antenna Array,13691748,pm1,µg/m³,17.8,2026-08-22T05:00:00Z
5199863,Kihumo Village || Antenna Array,13691748,pm1,µg/m³,17.6,2026-08-22T06:00:00Z
5199863,Kihumo Village || Antenna Array,13691748,pm1,µg/m³,22.7,2026-08-22T07:00:00Z
5199863,Kihumo Village || Antenna Array,13691748,pm1,µg/m³,29.4,2026-08-22T08:00:00Z
5199863,Kihumo Village || Antenna Array,13691748,pm1,µg/m³,29.1,2026-08-22T09:00:00Z
5199863,Kihumo Village || Antenna Array,13691748,pm1,µg/m³,26.9,2026-08-22T10:00:00Z
5199863,Kihumo Village || Antenna Array,13691748,pm1,µg/m³,23.9,2026-08-22T11:00:00Z
5199863,Kihumo Village || Antenna Array,13691748,pm1,µg/m³,21.9,2026-08-22T12:00:00Z
5199863,Kihumo Village || Antenna Array,13691748,pm1,µg/m³,21.1,2026-08-22T13:00:00Z
5199863,Kihumo Village || Antenna Array,13691748,pm1,µg/m³,21.9,2026-08-22T14:00:00Z
5199863,Kihumo Village || Antenna Array,13691748,pm1,µg/m³,25.7,2026-08-22T15:00:00Z
5199863,Kihumo Village || Antenna Array,13691748,pm1,µg/m³,24.4,2026-08-22T16:00:00Z
5199863,Kihumo Village || Antenna Array,13691748,pm1,µg/m³,21.3,2026-08-22T17:00:00Z
5199863,Kihumo Village || Antenna Array,13691748,pm1,µg/m³,19.1,2026-08-22T18:00:00Z
5199863,Kihumo Village || Antenna Array,13691748,pm1,µg/m³,9.6,2026-08-22T19:00:00Z
5199863,Kihumo Village || Antenna Array,13691748,pm1,µg/m³,3.4,2026-08-22T20:00:00Z
5199863,Kihumo Village || Antenna Array,13691748,pm1,µg/m³,0.4,2026-08-22T21:00:00Z
5199863,Kihumo Village || Antenna Array,13691748,pm1,µg/m³,0.0,2026-08-22T22:00:00Z
5199863,Kihumo Village || Antenna Array,13691748,pm1,µg/m³,0.1,2026-08-22T23:00:00Z
5199863,Kihumo Village || Antenna Array,13691748,pm1,µg/m³,1.2,2026-08-23T00:00:00Z
5199863,Kihumo Village || Antenna Array,13691748,pm1,µg/m³,0.9,2026-08-23T01:00:00Z
5199863,Kihumo Village || Antenna Array,13691748,pm1,µg/m³,1.2,2026-08-23T02:00:00Z
5199863,Kihumo Village || Antenna Array,13691748,pm1,µg/m³,2.3,2026-08-23T03:00:00Z
5199863,Kihumo Village || Antenna Array,13691748,pm1,µg/m³,5.2,2026-08-23T04:00:00Z
5199863,Kihumo Village || Antenna Array,13691748,pm1,µg/m³,5.0,2026-08-23T05:00:00Z
5199863,Kihumo Village || Antenna Array,13691748,pm1,µg/m³,6.7,2026-08-23T06:00:00Z
5199863,Kihumo Village || Antenna Array,13691748,pm1,µg/m³,7.4,2026-08-23T07:00:00Z
5199863,Kihumo Village || Antenna Array,13691748,pm1,µg/m³,8.3,2026-08-23T08:00:00Z
5199863,Kihumo Village || Antenna Array,13691748,pm1,µg/m³,7.7,2026-08-23T09:00:00Z
5199863,Kihumo Village || Antenna Array,13691748,pm1,µg/m³,9.8,2026-08-23T10:00:00Z
5199863,Kihumo Village || Antenna Array,13691748,pm1,µg/m³,13.1,2026-08-23T11:00:00Z
5199863,Kihumo Village || Antenna Array,13691748,pm1,µg/m³,9.2,2026-08-23T12:00:00Z
5199863,Kihumo Village || Antenna Array,13691748,pm1,µg/m³,7.5,2026-08-23T13:00:00Z
5199863,Kihumo Village || Antenna Array,13691748,pm1,µg/m³,10.9,2026-08-23T14:00:00Z
5199863,Kihumo Village || Antenna Array,13691748,pm1,µg/m³,13.0,2026-08-23T15:00:00Z
5199863,Kihumo Village || Antenna Array,13691748,pm1,µg/m³,16.7,2026-08-24T15:00:00Z
5199863,Kihumo Village || Antenna Array,13691748,pm1,µg/m³,15.9,2026-08-24T16:00:00Z
5199863,Kihumo Village || Antenna Array,13691748,pm1,µg/m³,20.3,2026-08-24T17:00:00Z
5199863,Kihumo Village || Antenna Array,13691748,pm1,µg/m³,13.1,2026-08-24T18:00:00Z
5199863,Kihumo Village || Antenna Array,13691748,pm1,µg/m³,6.9,2026-08-24T19:00:00Z
5199863,Kihumo Village || Antenna Array,13691748,pm1,µg/m³,3.9,2026-08-24T20:00:00Z
5199863,Kihumo Village || Antenna Array,13691748,pm1,µg/m³,2.7,2026-08-24T21:00:00Z
5199863,Kihumo Village || Antenna Array,13691748,pm1,µg/m³,1.5,2026-08-24T22:00:00Z
5199863,Kihumo Village || Antenna Array,13691748,pm1,µg/m³,1.5,2026-08-24T23:00:00Z
5199863,Kihumo Village || Antenna Array,13691748,pm1,µg/m³,1.1,2026-08-25T00:00:00Z
5199863,Kihumo Village || Antenna Array,13691748,pm1,µg/m³,1.2,2026-08-25T01:00:00Z
5199863,Kihumo Village || Antenna Array,13691748,pm1,µg/m³,2.7,2026-08-25T02:00:00Z
5199863,Kihumo Village || Antenna Array,13691748,pm1,µg/m³,5.4,2026-08-25T03:00:00Z
5199863,Kihumo Village || Antenna Array,13691748,pm1,µg/m³,13.0,2026-08-25T04:00:00Z
5199863,Kihumo Village || Antenna Array,13691748,pm1,µg/m³,16.1,2026-08-25T05:00:00Z
5199863,Kihumo Village || Antenna Array,13691748,pm1,µg/m³,22.5,2026-08-25T06:00:00Z
5199863,Kihumo Village || Antenna Array,13691748,pm1,µg/m³,29.6,2026-08-25T07:00:00Z
5199863,Kihumo Village || Antenna Array,13691748,pm1,µg/m³,17.5,2026-08-25T08:00:00Z
5199863,Kihumo Village || Antenna Array,13691748,pm1,µg/m³,9.6,2026-08-25T09:00:00Z
5199863,Kihumo Village || Antenna Array,13691748,pm1,µg/m³,8.1,2026-08-25T10:00:00Z
5199863,Kihumo Village || Antenna Array,13691748,pm1,µg/m³,7.5,2026-08-25T11:00:00Z
5199863,Kihumo Village || Antenna Array,13691748,pm1,µg/m³,7.3,2026-08-25T12:00:00Z
5199863,Kihumo Village || Antenna Array,13691748,pm1,µg/m³,10.1,2026-08-25T13:00:00Z
5199863,Kihumo Village || Antenna Array,13691748,pm1,µg/m³,7.3,2026-08-25T14:00:00Z
5199863,Kihumo Village || Antenna Array,13691748,pm1,µg/m³,14.6,2026-08-25T15:00:00Z
5199863,Kihumo Village || Antenna Array,13691748,pm1,µg/m³,20.2,2026-08-25T16:00:00Z
5199863,Kihumo Village || Antenna Array,13691748,pm1,µg/m³,21.8,2026-08-25T17:00:00Z
5199863,Kihumo Village || Antenna Array,13691748,pm1,µg/m³,12.5,2026-08-25T18:00:00Z
5199863,Kihumo Village || Antenna Array,13691748,pm1,µg/m³,15.2,2026-08-25T19:00:00Z
5199863,Kihumo Village || Antenna Array,13691748,pm1,µg/m³,11.9,2026-08-25T20:00:00Z
5199863,Kihumo Village || Antenna Array,13691748,pm1,µg/m³,4.1,2026-08-25T21:00:00Z
5199863,Kihumo Village || Antenna Array,13691748,pm1,µg/m³,4.6,2026-08-25T22:00:00Z
5199863,Kihumo Village || Antenna Array,13691748,pm1,µg/m³,8.1,2026-08-25T23:00:00Z
5199863,Kihumo Village || Antenna Array,13691748,pm1,µg/m³,7.8,2026-08-26T00:00:00Z
5199863,Kihumo Village || Antenna Array,13691748,pm1,µg/m³,9.1,2026-08-26T01:00:00Z
5199863,Kihumo Village || Antenna Array,13691748,pm1,µg/m³,9.4,2026-08-26T02:00:00Z
5199863,Kihumo Village || Antenna Array,13691748,pm1,µg/m³,25.3,2026-08-26T03:00:00Z
5199863,Kihumo Village || Antenna Array,13691748,pm1,µg/m³,22.8,2026-08-26T04:00:00Z
5199863,Kihumo Village || Antenna Array,13691748,pm1,µg/m³,7.8,2026-08-26T05:00:00Z
5199863,Kihumo Village || Antenna Array,13691748,pm1,µg/m³,13.1,2026-08-26T06:00:00Z
5199863,Kihumo Village || Antenna Array,13691748,pm1,µg/m³,15.3,2026-08-26T07:00:00Z
5199863,Kihumo Village || Antenna Array,13691748,pm1,µg/m³,23.1,2026-08-26T08:00:00Z
5199863,Kihumo Village || Antenna Array,13691748,pm1,µg/m³,16.4,2026-08-26T09:00:00Z
5199863,Kihumo Village || Antenna Array,13691748,pm1,µg/m³,8.9,2026-08-26T10:00:00Z
5199863,Kihumo Village || Antenna Array,13691748,pm1,µg/m³,7.9,2026-08-26T11:00:00Z
5199863,Kihumo Village || Antenna Array,13691748,pm1,µg/m³,11.7,2026-08-26T12:00:00Z
5199863,Kihumo Village || Antenna Array,13691748,pm1,µg/m³,11.8,2026-08-26T13:00:00Z
5199863,Kihumo Village || Antenna Array,13691748,pm1,µg/m³,6.5,2026-08-26T14:00:00Z
5199863,Kihumo Village || Antenna Array,13691748,pm1,µg/m³,19.6,2026-08-26T15:00:00Z
5199863,Kihumo Village || Antenna Array,13691748,pm1,µg/m³,18.6,2026-08-26T16:00:00Z
5199863,Kihumo Village || Antenna Array,13691748,pm1,µg/m³,23.6,2026-08-26T17:00:00Z
5199863,Kihumo Village || Antenna Array,13691748,pm1,µg/m³,34.4,2026-08-26T18:00:00Z
5199863,Kihumo Village || Antenna Array,13691748,pm1,µg/m³,35.3,2026-08-26T19:00:00Z
5199863,Kihumo Village || Antenna Array,13691748,pm1,µg/m³,22.3,2026-08-26T20:00:00Z
5199863,Kihumo Village || Antenna Array,13691748,pm1,µg/m³,6.2,2026-08-26T21:00:00Z
5199863,Kihumo Village || Antenna Array,13691748,pm1,µg/m³,7.1,2026-08-26T22:00:00Z
5199863,Kihumo Village || Antenna Array,13691748,pm1,µg/m³,14.6,2026-08-26T23:00:00Z
5199863,Kihumo Village || Antenna Array,13691748,pm1,µg/m³,13.3,2026-08-27T00:00:00Z
5199863,Kihumo Village || Antenna Array,13691748,pm1,µg/m³,20.9,2026-08-27T01:00:00Z
5199863,Kihumo Village || Antenna Array,13691748,pm1,µg/m³,16.7,2026-08-27T02:00:00Z
5199863,Kihumo Village || Antenna Array,13691748,pm1,µg/m³,13.3,2026-08-27T03:00:00Z
5199863,Kihumo Village || Antenna Array,13691748,pm1,µg/m³,14.7,2026-08-27T04:00:00Z
5199863,Kihumo Village || Antenna Array,13691748,pm1,µg/m³,15.2,2026-08-27T05:00:00Z
5199863,Kihumo Village || Antenna Array,13691748,pm1,µg/m³,18.0,2026-08-27T06:00:00Z
5199863,Kihumo Village || Antenna Array,13691748,pm1,µg/m³,19.5,2026-08-27T07:00:00Z
5199863,Kihumo Village || Antenna Array,13691748,pm1,µg/m³,20.5,2026-08-27T08:00:00Z
5199863,Kihumo Village || Antenna Array,13691748,pm1,µg/m³,19.0,2026-08-27T09:00:00Z
5199863,Kihumo Village || Antenna Array,13691748,pm1,µg/m³,7.9,2026-08-27T10:00:00Z
5199863,Kihumo Village || Antenna Array,13691748,pm1,µg/m³,20.6,2026-08-27T11:00:00Z
5199863,Kihumo Village || Antenna Array,13691748,pm1,µg/m³,18.9,2026-08-27T12:00:00Z
5199863,Kihumo Village || Antenna Array,13691748,pm1,µg/m³,6.4,2026-08-27T13:00:00Z
5199863,Kihumo Village || Antenna Array,13691748,pm1,µg/m³,9.5,2026-08-27T14:00:00Z
5199863,Kihumo Village || Antenna Array,13691748,pm1,µg/m³,9.6,2026-08-27T15:00:00Z
5199863,Kihumo Village || Antenna Array,13691748,pm1,µg/m³,10.7,2026-08-27T16:00:00Z
5199863,Kihumo Village || Antenna Array,13691748,pm1,µg/m³,17.5,2026-08-27T17:00:00Z
5199863,Kihumo Village || Antenna Array,13691748,pm1,µg/m³,12.2,2026-08-27T18:00:00Z
5199863,Kihumo Village || Antenna Array,13691748,pm1,µg/m³,21.1,2026-08-27T19:00:00Z
5199863,Kihumo Village || Antenna Array,13691748,pm1,µg/m³,15.9,2026-08-27T20:00:00Z
5199863,Kihumo Village || Antenna Array,13691748,pm1,µg/m³,23.2,2026-08-27T21:00:00Z
5199863,Kihumo Village || Antenna Array,13691748,pm1,µg/m³,17.9,2026-08-27T22:00:00Z
5199863,Kihumo Village || Antenna Array,13691748,pm1,µg/m³,15.8,2026-08-27T23:00:00Z
5199863,Kihumo Village || Antenna Array,13691748,pm1,µg/m³,17.6,2026-08-28T00:00:00Z
5199863,Kihumo Village || Antenna Array,13691748,pm1,µg/m³,16.4,2026-08-28T01:00:00Z
5199863,Kihumo Village || Antenna Array,13691748,pm1,µg/m³,12.3,2026-08-28T02:00:00Z
5199863,Kihumo Village || Antenna Array,13691748,pm1,µg/m³,21.2,2026-08-28T03:00:00Z
5199863,Kihumo Village || Antenna Array,13691748,pm1,µg/m³,21.1,2026-08-28T04:00:00Z
5199863,Kihumo Village || Antenna Array,13691748,pm1,µg/m³,20.5,2026-08-28T05:00:00Z
5199863,Kihumo Village || Antenna Array,13691748,pm1,µg/m³,19.3,2026-08-28T06:00:00Z
5199863,Kihumo Village || Antenna Array,13691748,pm1,µg/m³,13.1,2026-08-28T07:00:00Z
5199863,Kihumo Village || Antenna Array,13691748,pm1,µg/m³,15.3,2026-08-28T08:00:00Z
5199863,Kihumo Village || Antenna Array,13691748,pm1,µg/m³,11.1,2026-08-28T09:00:00Z
5199863,Kihumo Village || Antenna Array,13691748,pm1,µg/m³,8.5,2026-08-28T10:00:00Z
5199863,Kihumo Village || Antenna Array,13691748,pm1,µg/m³,5.6,2026-08-28T11:00:00Z
5199863,Kihumo Village || Antenna Array,13691748,pm1,µg/m³,5.2,2026-08-28T12:00:00Z
5199863,Kihumo Village || Antenna Array,13691748,pm1,µg/m³,14.0,2026-08-28T13:00:00Z
5199863,Kihumo Village || Antenna Array,13691748,pm1,µg/m³,11.8,2026-08-28T14:00:00Z
5199863,Kihumo Village || Antenna Array,13691748,pm1,µg/m³,16.2,2026-08-28T15:00:00Z
5199863,Kihumo Village || Antenna Array,13691748,pm1,µg/m³,17.6,2026-08-28T16:00:00Z
5199863,Kihumo Village || Antenna Array,13691748,pm1,µg/m³,16.1,2026-08-28T17:00:00Z
5199863,Kihumo Village || Antenna Array,13691748,pm1,µg/m³,22.6,2026-08-28T18:00:00Z
5199863,Kihumo Village || Antenna Array,13691748,pm1,µg/m³,23.3,2026-08-28T19:00:00Z
5199863,Kihumo Village || Antenna Array,13691748,pm1,µg/m³,11.9,2026-08-28T20:00:00Z
5199863,Kihumo Village || Antenna Array,13691748,pm1,µg/m³,8.5,2026-08-28T21:00:00Z
5199863,Kihumo Village || Antenna Array,13691748,pm1,µg/m³,6.1,2026-08-28T22:00:00Z
5199863,Kihumo Village || Antenna Array,13691748,pm1,µg/m³,5.8,2026-08-28T23:00:00Z
5199863,Kihumo Village || Antenna Array,13691748,pm1,µg/m³,6.7,2026-08-29T00:00:00Z
5199863,Kihumo Village || Antenna Array,13691748,pm1,µg/m³,6.8,2026-08-29T01:00:00Z
5199863,Kihumo Village || Antenna Array,13691748,pm1,µg/m³,8.9,2026-08-29T02:00:00Z
5199863,Kihumo Village || Antenna Array,13691748,pm1,µg/m³,14.1,2026-08-29T03:00:00Z
5199863,Kihumo Village || Antenna Array,13691748,pm1,µg/m³,16.2,2026-08-29T04:00:00Z
5199863,Kihumo Village || Antenna Array,13691748,pm1,µg/m³,17.6,2026-08-29T05:00:00Z
5199863,Kihumo Village || Antenna Array,13691748,pm1,µg/m³,18.6,2026-08-29T06:00:00Z
5199863,Kihumo Village || Antenna Array,13691748,pm1,µg/m³,18.5,2026-08-29T07:00:00Z
5199863,Kihumo Village || Antenna Array,13691748,pm1,µg/m³,8.8,2026-08-29T08:00:00Z
5199863,Kihumo Village || Antenna Array,13691748,pm1,µg/m³,3.9,2026-08-29T09:00:00Z
5199863,Kihumo Village || Antenna Array,13691748,pm1,µg/m³,4.8,2026-08-29T10:00:00Z
5199863,Kihumo Village || Antenna Array,13691748,pm1,µg/m³,6.6,2026-08-29T11:00:00Z
5199863,Kihumo Village || Antenna Array,13691748,pm1,µg/m³,6.5,2026-08-29T12:00:00Z
5199863,Kihumo Village || Antenna Array,13691748,pm1,µg/m³,11.1,2026-08-29T13:00:00Z
5199863,Kihumo Village || Antenna Array,13691748,pm1,µg/m³,12.0,2026-08-29T14:00:00Z
5199863,Kihumo Village || Antenna Array,13691748,pm1,µg/m³,15.3,2026-08-29T15:00:00Z
5199863,Kihumo Village || Antenna Array,13691748,pm1,µg/m³,16.4,2026-08-29T16:00:00Z
5199863,Kihumo Village || Antenna Array,13691748,pm1,µg/m³,12.7,2026-08-29T17:00:00Z
5199863,Kihumo Village || Antenna Array,13691748,pm1,µg/m³,11.3,2026-08-29T18:00:00Z
5199863,Kihumo Village || Antenna Array,13691748,pm1,µg/m³,8.4,2026-08-29T19:00:00Z
5199863,Kihumo Village || Antenna Array,13691748,pm1,µg/m³,15.3,2026-08-29T20:00:00Z
5199863,Kihumo Village || Antenna Array,13691748,pm1,µg/m³,17.7,2026-08-29T21:00:00Z
5199863,Kihumo Village || Antenna Array,13691748,pm1,µg/m³,15.7,2026-08-29T22:00:00Z
5199863,Kihumo Village || Antenna Array,13691748,pm1,µg/m³,16.0,2026-08-29T23:00:00Z
5199863,Kihumo Village || Antenna Array,13691748,pm1,µg/m³,6.4,2026-08-30T00:00:00Z
5199863,Kihumo Village || Antenna Array,13691748,pm1,µg/m³,3.8,2026-08-30T01:00:00Z
5199863,Kihumo Village || Antenna Array,13691748,pm1,µg/m³,3.6,2026-08-30T02:00:00Z
5199863,Kihumo Village || Antenna Array,13691748,pm1,µg/m³,4.3,2026-08-30T03:00:00Z
5199863,Kihumo Village || Antenna Array,13691748,pm1,µg/m³,7.6,2026-08-30T04:00:00Z
5199863,Kihumo Village || Antenna Array,13691748,pm1,µg/m³,19.7,2026-08-30T05:00:00Z
5199863,Kihumo Village || Antenna Array,13691748,pm1,µg/m³,22.4,2026-08-30T06:00:00Z
5199863,Kihumo Village || Antenna Array,13691748,pm1,µg/m³,21.7,2026-08-30T07:00:00Z
5199863,Kihumo Village || Antenna Array,13691748,pm1,µg/m³,12.9,2026-08-30T08:00:00Z
5199863,Kihumo Village || Antenna Array,13691748,pm1,µg/m³,4.7,2026-08-30T09:00:00Z
5199863,Kihumo Village || Antenna Array,13691748,pm1,µg/m³,3.0,2026-08-30T10:00:00Z
5199863,Kihumo Village || Antenna Array,13691748,pm1,µg/m³,1.7,2026-08-30T11:00:00Z
5199863,Kihumo Village || Antenna Array,13691748,pm1,µg/m³,1.2,2026-08-30T12:00:00Z
5199863,Kihumo Village || Antenna Array,13691748,pm1,µg/m³,4.3,2026-08-30T13:00:00Z
5199863,Kihumo Village || Antenna Array,13691748,pm1,µg/m³,5.0,2026-08-30T14:00:00Z
5199863,Kihumo Village || Antenna Array,13691748,pm1,µg/m³,3.2,2026-08-30T15:00:00Z
5199863,Kihumo Village || Antenna Array,13691748,pm1,µg/m³,10.1,2026-08-30T16:00:00Z
5199863,Kihumo Village || Antenna Array,13691748,pm1,µg/m³,11.6,2026-08-30T17:00:00Z
5199863,Kihumo Village || Antenna Array,13691748,pm1,µg/m³,8.0,2026-08-30T18:00:00Z
5199863,Kihumo Village || Antenna Array,13691748,pm1,µg/m³,7.0,2026-08-30T19:00:00Z
5199863,Kihumo Village || Antenna Array,13691748,pm1,µg/m³,4.6,2026-08-30T20:00:00Z
5199863,Kihumo Village || Antenna Array,13691748,pm1,µg/m³,1.8,2026-08-30T21:00:00Z
5199863,Kihumo Village || Antenna Array,13691748,pm1,µg/m³,0.3,2026-08-30T22:00:00Z
5199863,Kihumo Village || Antenna Array,13691748,pm1,µg/m³,0.0,2026-08-30T23:00:00Z
5199863,Kihumo Village || Antenna Array,13691748,pm1,µg/m³,0.0,2026-08-31T00:00:00Z
5199863,Kihumo Village || Antenna Array,13691748,pm1,µg/m³,27.2,2026-09-01T15:00:00Z
5199863,Kihumo Village || Antenna Array,13691748,pm1,µg/m³,21.0,2026-09-01T16:00:00Z
5199863,Kihumo Village || Antenna Array,13691748,pm1,µg/m³,26.0,2026-09-01T17:00:00Z
5199863,Kihumo Village || Antenna Array,13691748,pm1,µg/m³,17.9,2026-09-01T18:00:00Z
5199863,Kihumo Village || Antenna Array,13691748,pm1,µg/m³,9.7,2026-09-01T19:00:00Z
5199863,Kihumo Village || Antenna Array,13691748,pm1,µg/m³,3.1,2026-09-01T20:00:00Z
5199863,Kihumo Village || Antenna Array,13691748,pm1,µg/m³,1.0,2026-09-01T21:00:00Z
5199863,Kihumo Village || Antenna Array,13691748,pm1,µg/m³,1.7,2026-09-01T22:00:00Z
5199863,Kihumo Village || Antenna Array,13691748,pm1,µg/m³,0.3,2026-09-01T23:00:00Z
5199863,Kihumo Village || Antenna Array,13691748,pm1,µg/m³,1.3,2026-09-02T00:00:00Z
5199863,Kihumo Village || Antenna Array,13691748,pm1,µg/m³,0.4,2026-09-02T01:00:00Z
5199863,Kihumo Village || Antenna Array,13691748,pm1,µg/m³,1.4,2026-09-02T02:00:00Z
5199863,Kihumo Village || Antenna Array,13691748,pm1,µg/m³,5.9,2026-09-02T03:00:00Z
5199863,Kihumo Village || Antenna Array,13691748,pm1,µg/m³,11.5,2026-09-02T04:00:00Z
5199863,Kihumo Village || Antenna Array,13691748,pm1,µg/m³,10.4,2026-09-02T05:00:00Z
5199863,Kihumo Village || Antenna Array,13691748,pm1,µg/m³,13.2,2026-09-02T06:00:00Z
5199863,Kihumo Village || Antenna Array,13691748,pm1,µg/m³,19.4,2026-09-02T07:00:00Z
5199863,Kihumo Village || Antenna Array,13691748,pm1,µg/m³,14.6,2026-09-02T08:00:00Z
5199863,Kihumo Village || Antenna Array,13691748,pm1,µg/m³,12.1,2026-09-02T09:00:00Z
5199863,Kihumo Village || Antenna Array,13691748,pm1,µg/m³,5.7,2026-09-02T10:00:00Z
5199863,Kihumo Village || Antenna Array,13691748,pm1,µg/m³,1.8,2026-09-02T11:00:00Z
5199863,Kihumo Village || Antenna Array,13691748,pm1,µg/m³,3.9,2026-09-02T12:00:00Z
5199863,Kihumo Village || Antenna Array,13691748,pm1,µg/m³,5.8,2026-09-02T13:00:00Z
5199863,Kihumo Village || Antenna Array,13691748,pm1,µg/m³,10.0,2026-09-02T14:00:00Z
5199863,Kihumo Village || Antenna Array,13691748,pm1,µg/m³,23.7,2026-09-02T15:00:00Z
5199863,Kihumo Village || Antenna Array,13691748,pm1,µg/m³,19.7,2026-09-02T16:00:00Z
5199863,Kihumo Village || Antenna Array,13691748,pm1,µg/m³,17.0,2026-09-02T17:00:00Z
5199863,Kihumo Village || Antenna Array,13691748,pm1,µg/m³,14.8,2026-09-02T18:00:00Z
5199863,Kihumo Village || Antenna Array,13691748,pm1,µg/m³,8.1,2026-09-02T19:00:00Z
5199863,Kihumo Village || Antenna Array,13691748,pm1,µg/m³,4.9,2026-09-02T20:00:00Z
5199863,Kihumo Village || Antenna Array,13691748,pm1,µg/m³,3.7,2026-09-02T21:00:00Z
5199863,Kihumo Village || Antenna Array,13691748,pm1,µg/m³,5.2,2026-09-02T22:00:00Z
5199863,Kihumo Village || Antenna Array,13691748,pm1,µg/m³,7.3,2026-09-02T23:00:00Z
5199863,Kihumo Village || Antenna Array,13691748,pm1,µg/m³,7.6,2026-09-03T00:00:00Z
5199863,Kihumo Village || Antenna Array,13691748,pm1,µg/m³,5.4,2026-09-03T01:00:00Z
5199863,Kihumo Village || Antenna Array,13691748,pm1,µg/m³,4.3,2026-09-03T02:00:00Z
5199863,Kihumo Village || Antenna Array,13691748,pm1,µg/m³,6.7,2026-09-03T03:00:00Z
5199863,Kihumo Village || Antenna Array,13691748,pm1,µg/m³,19.3,2026-09-03T04:00:00Z
5199863,Kihumo Village || Antenna Array,13691748,pm1,µg/m³,15.5,2026-09-03T05:00:00Z
5199863,Kihumo Village || Antenna Array,13691748,pm1,µg/m³,21.8,2026-09-03T06:00:00Z
5199863,Kihumo Village || Antenna Array,13691748,pm1,µg/m³,26.1,2026-09-03T07:00:00Z
5199863,Kihumo Village || Antenna Array,13691748,pm1,µg/m³,26.0,2026-09-03T08:00:00Z
5199863,Kihumo Village || Antenna Array,13691748,pm1,µg/m³,30.1,2026-09-03T09:00:00Z
5199863,Kihumo Village || Antenna Array,13691748,pm1,µg/m³,35.2,2026-09-03T10:00:00Z
5199863,Kihumo Village || Antenna Array,13691748,pm1,µg/m³,33.1,2026-09-03T11:00:00Z
5199863,Kihumo Village || Antenna Array,13691748,pm1,µg/m³,28.0,2026-09-03T12:00:00Z
5199863,Kihumo Village || Antenna Array,13691748,pm1,µg/m³,37.1,2026-09-03T13:00:00Z
5199863,Kihumo Village || Antenna Array,13691748,pm1,µg/m³,19.5,2026-09-03T14:00:00Z
5199863,Kihumo Village || Antenna Array,13691748,pm1,µg/m³,22.2,2026-09-03T15:00:00Z
5199863,Kihumo Village || Antenna Array,13691748,pm1,µg/m³,19.5,2026-09-03T16:00:00Z
5199863,Kihumo Village || Antenna Array,13691748,pm1,µg/m³,23.9,2026-09-03T17:00:00Z
5199863,Kihumo Village || Antenna Array,13691748,pm1,µg/m³,25.5,2026-09-03T18:00:00Z
5199863,Kihumo Village || Antenna Array,13691748,pm1,µg/m³,9.4,2026-09-03T19:00:00Z
5199863,Kihumo Village || Antenna Array,13691748,pm1,µg/m³,4.0,2026-09-03T20:00:00Z
5199863,Kihumo Village || Antenna Array,13691748,pm1,µg/m³,4.2,2026-09-03T21:00:00Z
5199863,Kihumo Village || Antenna Array,13691748,pm1,µg/m³,4.7,2026-09-03T22:00:00Z
5199863,Kihumo Village || Antenna Array,13691748,pm1,µg/m³,5.1,2026-09-03T23:00:00Z
5199863,Kihumo Village || Antenna Array,13691748,pm1,µg/m³,6.2,2026-09-04T00:00:00Z
5199863,Kihumo Village || Antenna Array,13691748,pm1,µg/m³,7.4,2026-09-04T01:00:00Z
5199863,Kihumo Village || Antenna Array,13691748,pm1,µg/m³,11.2,2026-09-04T02:00:00Z
5199863,Kihumo Village || Antenna Array,13691748,pm1,µg/m³,29.5,2026-09-04T03:00:00Z
5199863,Kihumo Village || Antenna Array,13691748,pm1,µg/m³,32.5,2026-09-04T04:00:00Z
5199863,Kihumo Village || Antenna Array,13691748,pm1,µg/m³,27.1,2026-09-04T05:00:00Z
5199863,Kihumo Village || Antenna Array,13691748,pm1,µg/m³,29.0,2026-09-04T06:00:00Z
5199863,Kihumo Village || Antenna Array,13691748,pm1,µg/m³,23.9,2026-09-04T07:00:00Z
5199863,Kihumo Village || Antenna Array,13691748,pm1,µg/m³,17.3,2026-09-04T08:00:00Z
5199863,Kihumo Village || Antenna Array,13691748,pm1,µg/m³,8.9,2026-09-04T09:00:00Z
5199863,Kihumo Village || Antenna Array,13691748,pm1,µg/m³,6.7,2026-09-04T10:00:00Z
5199863,Kihumo Village || Antenna Array,13691748,pm1,µg/m³,12.9,2026-09-04T11:00:00Z
5199863,Kihumo Village || Antenna Array,13691748,pm1,µg/m³,19.5,2026-09-04T12:00:00Z
5199863,Kihumo Village || Antenna Array,13691748,pm1,µg/m³,22.1,2026-09-04T13:00:00Z
5199863,Kihumo Village || Antenna Array,13691748,pm1,µg/m³,22.2,2026-09-04T14:00:00Z
5199863,Kihumo Village || Antenna Array,13691748,pm1,µg/m³,32.4,2026-09-04T15:00:00Z
5199863,Kihumo Village || Antenna Array,13691748,pm1,µg/m³,27.3,2026-09-04T16:00:00Z
5199863,Kihumo Village || Antenna Array,13691748,pm1,µg/m³,13.3,2026-09-04T17:00:00Z
5199863,Kihumo Village || Antenna Array,13691748,pm1,µg/m³,7.6,2026-09-04T18:00:00Z
5199863,Kihumo Village || Antenna Array,13691748,pm1,µg/m³,6.2,2026-09-04T19:00:00Z
5199863,Kihumo Village || Antenna Array,13691748,pm1,µg/m³,2.4,2026-09-04T20:00:00Z
5199863,Kihumo Village || Antenna Array,13691748,pm1,µg/m³,2.6,2026-09-04T21:00:00Z
5199863,Kihumo Village || Antenna Array,13691748,pm1,µg/m³,0.9,2026-09-04T22:00:00Z
5199863,Kihumo Village || Antenna Array,13691748,pm1,µg/m³,1.4,2026-09-04T23:00:00Z
5199863,Kihumo Village || Antenna Array,13691748,pm1,µg/m³,1.6,2026-09-05T00:00:00Z
5199863,Kihumo Village || Antenna Array,13691748,pm1,µg/m³,2.9,2026-09-05T01:00:00Z
5199863,Kihumo Village || Antenna Array,13691748,pm1,µg/m³,4.2,2026-09-05T02:00:00Z
5199863,Kihumo Village || Antenna Array,13691748,pm1,µg/m³,7.3,2026-09-05T03:00:00Z
5199863,Kihumo Village || Antenna Array,13691748,pm1,µg/m³,11.0,2026-09-05T04:00:00Z
5199863,Kihumo Village || Antenna Array,13691748,pm1,µg/m³,20.9,2026-09-05T05:00:00Z
5199863,Kihumo Village || Antenna Array,13691748,pm1,µg/m³,15.2,2026-09-05T06:00:00Z
5199863,Kihumo Village || Antenna Array,13691748,pm1,µg/m³,10.9,2026-09-05T07:00:00Z
5199863,Kihumo Village || Antenna Array,13691748,pm1,µg/m³,9.2,2026-09-05T08:00:00Z
5199863,Kihumo Village || Antenna Array,13691748,pm1,µg/m³,8.2,2026-09-05T09:00:00Z
5199863,Kihumo Village || Antenna Array,13691748,pm1,µg/m³,14.3,2026-09-05T10:00:00Z
5199863,Kihumo Village || Antenna Array,13691748,pm1,µg/m³,14.4,2026-09-05T11:00:00Z
5199863,Kihumo Village || Antenna Array,13691748,pm1,µg/m³,13.3,2026-09-05T12:00:00Z
5199863,Kihumo Village || Antenna Array,13691748,pm1,µg/m³,9.4,2026-09-05T13:00:00Z
5199863,Kihumo Village || Antenna Array,13691748,pm1,µg/m³,11.7,2026-09-05T14:00:00Z
5199863,Kihumo Village || Antenna Array,13691748,pm1,µg/m³,10.6,2026-09-05T15:00:00Z
5199863,Kihumo Village || Antenna Array,13691748,pm1,µg/m³,19.0,2026-09-05T16:00:00Z
5199863,Kihumo Village || Antenna Array,13691748,pm1,µg/m³,5.1,2026-09-05T17:00:00Z
5199863,Kihumo Village || Antenna Array,13691748,pm1,µg/m³,5.5,2026-09-05T18:00:00Z
5199863,Kihumo Village || Antenna Array,13691748,pm1,µg/m³,2.1,2026-09-05T19:00:00Z
5199863,Kihumo Village || Antenna Array,13691748,pm1,µg/m³,0.7,2026-09-05T20:00:00Z
5199863,Kihumo Village || Antenna Array,13691748,pm1,µg/m³,1.7,2026-09-05T21:00:00Z
5199863,Kihumo Village || Antenna Array,13691748,pm1,µg/m³,2.5,2026-09-05T22:00:00Z
5199863,Kihumo Village || Antenna Array,13691748,pm1,µg/m³,1.8,2026-09-05T23:00:00Z
5199863,Kihumo Village || Antenna Array,13691748,pm1,µg/m³,1.9,2026-09-06T00:00:00Z
5199863,Kihumo Village || Antenna Array,13691748,pm1,µg/m³,4.2,2026-09-06T01:00:00Z
5199863,Kihumo Village || Antenna Array,13691748,pm1,µg/m³,5.5,2026-09-06T02:00:00Z
5199863,Kihumo Village || Antenna Array,13691748,pm1,µg/m³,4.7,2026-09-06T03:00:00Z
5199863,Kihumo Village || Antenna Array,13691748,pm1,µg/m³,7.6,2026-09-06T04:00:00Z
5199863,Kihumo Village || Antenna Array,13691748,pm1,µg/m³,4.4,2026-09-06T05:00:00Z
5199863,Kihumo Village || Antenna Array,13691748,pm1,µg/m³,6.7,2026-09-06T06:00:00Z
5199863,Kihumo Village || Antenna Array,13691748,pm1,µg/m³,8.1,2026-09-06T07:00:00Z
5199863,Kihumo Village || Antenna Array,13691748,pm1,µg/m³,16.2,2026-09-06T08:00:00Z
5199863,Kihumo Village || Antenna Array,13691748,pm1,µg/m³,20.8,2026-09-06T09:00:00Z
5199863,Kihumo Village || Antenna Array,13691748,pm1,µg/m³,9.1,2026-09-06T10:00:00Z
5199863,Kihumo Village || Antenna Array,13691748,pm1,µg/m³,18.9,2026-09-11T09:00:00Z
5199863,Kihumo Village || Antenna Array,13691748,pm1,µg/m³,21.0,2026-09-11T10:00:00Z
5199863,Kihumo Village || Antenna Array,13691748,pm1,µg/m³,6.0,2026-09-11T11:00:00Z
5199863,Kihumo Village || Antenna Array,13691748,pm1,µg/m³,9.3,2026-09-11T12:00:00Z
5199863,Kihumo Village || Antenna Array,13691748,pm1,µg/m³,8.6,2026-09-11T13:00:00Z
5199863,Kihumo Village || Antenna Array,13691748,pm1,µg/m³,5.7,2026-09-11T14:00:00Z
5199863,Kihumo Village || Antenna Array,13691748,pm1,µg/m³,14.1,2026-09-11T15:00:00Z
5199863,Kihumo Village || Antenna Array,13691748,pm1,µg/m³,11.0,2026-09-11T16:00:00Z
5199863,Kihumo Village || Antenna Array,13691748,pm1,µg/m³,17.0,2026-09-11T17:00:00Z
5199863,Kihumo Village || Antenna Array,13691748,pm1,µg/m³,4.0,2026-09-11T18:00:00Z
5199863,Kihumo Village || Antenna Array,13691748,pm1,µg/m³,2.8,2026-09-11T19:00:00Z
5199863,Kihumo Village || Antenna Array,13691748,pm1,µg/m³,3.0,2026-09-11T20:00:00Z
5199863,Kihumo Village || Antenna Array,13691748,pm1,µg/m³,1.7,2026-09-11T21:00:00Z
5199863,Kihumo Village || Antenna Array,13691748,pm1,µg/m³,1.2,2026-09-11T22:00:00Z
5199863,Kihumo Village || Antenna Array,13691748,pm1,µg/m³,1.9,2026-09-11T23:00:00Z
5199863,Kihumo Village || Antenna Array,13691748,pm1,µg/m³,5.1,2026-09-12T00:00:00Z
5199863,Kihumo Village || Antenna Array,13691748,pm1,µg/m³,0.5,2026-09-12T01:00:00Z
5199863,Kihumo Village || Antenna Array,13691748,pm1,µg/m³,3.8,2026-09-12T02:00:00Z
5199863,Kihumo Village || Antenna Array,13691748,pm1,µg/m³,0.3,2026-09-12T03:00:00Z
5199863,Kihumo Village || Antenna Array,13691748,pm1,µg/m³,1.1,2026-09-12T04:00:00Z
5199863,Kihumo Village || Antenna Array,13691748,pm1,µg/m³,1.7,2026-09-12T05:00:00Z
5199863,Kihumo Village || Antenna Array,13691748,pm1,µg/m³,1.4,2026-09-12T06:00:00Z
5199863,Kihumo Village || Antenna Array,13691748,pm1,µg/m³,5.8,2026-09-12T07:00:00Z
5199863,Kihumo Village || Antenna Array,13691748,pm1,µg/m³,4.2,2026-09-12T08:00:00Z
5199863,Kihumo Village || Antenna Array,13691748,pm1,µg/m³,3.9,2026-09-12T09:00:00Z
5199863,Kihumo Village || Antenna Array,13691748,pm1,µg/m³,5.4,2026-09-12T10:00:00Z
5199863,Kihumo Village || Antenna Array,13691748,pm1,µg/m³,17.3,2026-09-12T11:00:00Z
5199863,Kihumo Village || Antenna Array,13691748,pm1,µg/m³,14.1,2026-09-12T12:00:00Z
5199863,Kihumo Village || Antenna Array,13691748,pm1,µg/m³,8.9,2026-09-12T13:00:00Z
5199863,Kihumo Village || Antenna Array,13691748,pm1,µg/m³,7.6,2026-09-12T14:00:00Z
5199863,Kihumo Village || Antenna Array,13691748,pm1,µg/m³,15.9,2026-09-12T15:00:00Z
5199863,Kihumo Village || Antenna Array,13691748,pm1,µg/m³,18.5,2026-09-12T16:00:00Z
5199863,Kihumo Village || Antenna Array,13691748,pm1,µg/m³,12.8,2026-09-12T17:00:00Z
5199863,Kihumo Village || Antenna Array,13691748,pm1,µg/m³,5.2,2026-09-12T18:00:00Z
5199863,Kihumo Village || Antenna Array,13691748,pm1,µg/m³,6.2,2026-09-12T19:00:00Z
5199863,Kihumo Village || Antenna Array,13691748,pm1,µg/m³,8.4,2026-09-12T20:00:00Z
5199863,Kihumo Village || Antenna Array,13691748,pm1,µg/m³,3.7,2026-09-12T21:00:00Z
5199863,Kihumo Village || Antenna Array,13691748,pm1,µg/m³,3.0,2026-09-12T22:00:00Z
5199863,Kihumo Village || Antenna Array,13691748,pm1,µg/m³,5.6,2026-09-12T23:00:00Z
5199863,Kihumo Village || Antenna Array,13691748,pm1,µg/m³,4.5,2026-09-13T00:00:00Z
5199863,Kihumo Village || Antenna Array,13691748,pm1,µg/m³,2.3,2026-09-13T01:00:00Z
5199863,Kihumo Village || Antenna Array,13691748,pm1,µg/m³,2.3,2026-09-13T02:00:00Z
5199863,Kihumo Village || Antenna Array,13691748,pm1,µg/m³,2.1,2026-09-13T03:00:00Z
5199863,Kihumo Village || Antenna Array,13691748,pm1,µg/m³,5.2,2026-09-13T04:00:00Z
5199863,Kihumo Village || Antenna Array,13691748,pm1,µg/m³,5.6,2026-09-13T06:00:00Z
5199863,Kihumo Village || Antenna Array,13691748,pm1,µg/m³,7.0,2026-09-13T07:00:00Z
5199863,Kihumo Village || Antenna Array,13691748,pm1,µg/m³,7.8,2026-09-13T08:00:00Z
5199863,Kihumo Village || Antenna Array,13691748,pm1,µg/m³,13.0,2026-09-13T09:00:00Z
5199863,Kihumo Village || Antenna Array,13691748,pm1,µg/m³,6.5,2026-09-13T10:00:00Z
5199863,Kihumo Village || Antenna Array,13691748,pm1,µg/m³,4.6,2026-09-13T20:00:00Z
5199863,Kihumo Village || Antenna Array,13691748,pm1,µg/m³,4.2,2026-09-13T21:00:00Z
5199863,Kihumo Village || Antenna Array,13691748,pm1,µg/m³,4.6,2026-09-13T23:00:00Z
5199863,Kihumo Village || Antenna Array,13691748,pm1,µg/m³,4.7,2026-09-14T00:00:00Z
5199863,Kihumo Village || Antenna Array,13691748,pm1,µg/m³,5.0,2026-09-14T01:00:00Z
5199863,Kihumo Village || Antenna Array,13691748,pm1,µg/m³,4.1,2026-09-14T02:00:00Z
5199863,Kihumo Village || Antenna Array,13691748,pm1,µg/m³,8.2,2026-09-14T03:00:00Z
5199863,Kihumo Village || Antenna Array,13691748,pm1,µg/m³,16.3,2026-09-14T04:00:00Z
5199863,Kihumo Village || Antenna Array,13691748,pm1,µg/m³,19.3,2026-09-14T05:00:00Z
5199863,Kihumo Village || Antenna Array,13691748,pm1,µg/m³,21.4,2026-09-14T06:00:00Z
5199863,Kihumo Village || Antenna Array,13691748,pm1,µg/m³,23.0,2026-09-14T07:00:00Z
5199863,Kihumo Village || Antenna Array,13691748,pm1,µg/m³,25.4,2026-09-14T08:00:00Z
5199863,Kihumo Village || Antenna Array,13691748,pm1,µg/m³,25.8,2026-09-14T09:00:00Z
5199863,Kihumo Village || Antenna Array,13691748,pm1,µg/m³,23.8,2026-09-14T10:00:00Z
5199863,Kihumo Village || Antenna Array,13691748,pm1,µg/m³,28.3,2026-09-14T11:00:00Z
5199863,Kihumo Village || Antenna Array,13691748,pm1,µg/m³,21.9,2026-09-14T12:00:00Z
5199863,Kihumo Village || Antenna Array,13691748,pm1,µg/m³,9.7,2026-09-14T13:00:00Z
5199863,Kihumo Village || Antenna Array,13691748,pm1,µg/m³,13.5,2026-09-14T14:00:00Z
5199863,Kihumo Village || Antenna Array,13691748,pm1,µg/m³,17.6,2026-09-14T15:00:00Z
5199863,Kihumo Village || Antenna Array,13691748,pm1,µg/m³,17.9,2026-09-14T16:00:00Z
5199863,Kihumo Village || Antenna Array,13691748,pm1,µg/m³,17.7,2026-09-14T17:00:00Z
5199863,Kihumo Village || Antenna Array,13691748,pm1,µg/m³,12.7,2026-09-14T18:00:00Z
5199863,Kihumo Village || Antenna Array,13691748,pm1,µg/m³,7.5,2026-09-14T19:00:00Z
5199863,Kihumo Village || Antenna Array,13691748,pm1,µg/m³,5.5,2026-09-14T20:00:00Z
5199863,Kihumo Village || Antenna Array,13691748,pm1,µg/m³,4.4,2026-09-14T21:00:00Z
5199863,Kihumo Village || Antenna Array,13691748,pm1,µg/m³,4.6,2026-09-14T22:00:00Z
5199863,Kihumo Village || Antenna Array,13691748,pm1,µg/m³,5.3,2026-09-14T23:00:00Z
5199863,Kihumo Village || Antenna Array,13691748,pm1,µg/m³,8.6,2026-09-15T00:00:00Z
5199863,Kihumo Village || Antenna Array,13691748,pm1,µg/m³,7.4,2026-09-15T01:00:00Z
5199863,Kihumo Village || Antenna Array,13691748,pm1,µg/m³,9.9,2026-09-15T02:00:00Z
5199863,Kihumo Village || Antenna Array,13691748,pm1,µg/m³,10.9,2026-09-15T03:00:00Z
5199863,Kihumo Village || Antenna Array,13691748,pm1,µg/m³,16.4,2026-09-15T04:00:00Z
5199863,Kihumo Village || Antenna Array,13691748,pm1,µg/m³,21.1,2026-09-15T05:00:00Z
5199863,Kihumo Village || Antenna Array,13691748,pm1,µg/m³,28.4,2026-09-15T06:00:00Z
5199863,Kihumo Village || Antenna Array,13691748,pm1,µg/m³,23.5,2026-09-15T07:00:00Z
5199863,Kihumo Village || Antenna Array,13691748,pm1,µg/m³,21.7,2026-09-15T08:00:00Z
5199863,Kihumo Village || Antenna Array,13691748,pm1,µg/m³,24.1,2026-09-15T09:00:00Z
5199863,Kihumo Village || Antenna Array,13691748,pm1,µg/m³,30.8,2026-09-15T10:00:00Z
5199863,Kihumo Village || Antenna Array,13691748,pm1,µg/m³,32.1,2026-09-15T11:00:00Z
5199863,Kihumo Village || Antenna Array,13691748,pm1,µg/m³,32.5,2026-09-15T12:00:00Z
5199863,Kihumo Village || Antenna Array,13691748,pm1,µg/m³,27.9,2026-09-15T13:00:00Z
5199863,Kihumo Village || Antenna Array,13691748,pm1,µg/m³,29.3,2026-09-15T14:00:00Z
5199863,Kihumo Village || Antenna Array,13691748,pm1,µg/m³,34.4,2026-09-15T15:00:00Z
5199863,Kihumo Village || Antenna Array,13691748,pm1,µg/m³,38.1,2026-09-15T16:00:00Z
5199863,Kihumo Village || Antenna Array,13691748,pm1,µg/m³,32.4,2026-09-15T17:00:00Z
5199863,Kihumo Village || Antenna Array,13691748,pm1,µg/m³,31.6,2026-09-15T18:00:00Z
5199863,Kihumo Village || Antenna Array,13691748,pm1,µg/m³,30.3,2026-09-15T19:00:00Z
5199863,Kihumo Village || Antenna Array,13691748,pm1,µg/m³,21.8,2026-09-15T20:00:00Z
5199863,Kihumo Village || Antenna Array,13691748,pm1,µg/m³,7.6,2026-09-15T21:00:00Z
5199863,Kihumo Village || Antenna Array,13691748,pm1,µg/m³,10.2,2026-09-15T22:00:00Z
5199863,Kihumo Village || Antenna Array,13691748,pm1,µg/m³,13.1,2026-09-15T23:00:00Z
5199863,Kihumo Village || Antenna Array,13691748,pm1,µg/m³,8.6,2026-09-16T00:00:00Z
5199863,Kihumo Village || Antenna Array,13691748,pm1,µg/m³,6.8,2026-09-16T01:00:00Z
5199863,Kihumo Village || Antenna Array,13691748,pm1,µg/m³,8.0,2026-09-16T02:00:00Z
5199863,Kihumo Village || Antenna Array,13691748,pm1,µg/m³,11.6,2026-09-16T03:00:00Z
5199863,Kihumo Village || Antenna Array,13691748,pm1,µg/m³,15.8,2026-09-16T04:00:00Z
5199863,Kihumo Village || Antenna Array,13691748,pm1,µg/m³,14.1,2026-09-16T05:00:00Z
5199863,Kihumo Village || Antenna Array,13691748,pm1,µg/m³,21.8,2026-09-16T06:00:00Z
5199863,Kihumo Village || Antenna Array,13691748,pm1,µg/m³,17.2,2026-09-16T07:00:00Z
5199863,Kihumo Village || Antenna Array,13691748,pm1,µg/m³,11.4,2026-09-16T08:00:00Z
5199863,Kihumo Village || Antenna Array,13691748,pm1,µg/m³,14.2,2026-09-16T09:00:00Z
5199863,Kihumo Village || Antenna Array,13691748,pm1,µg/m³,16.8,2026-09-16T10:00:00Z
5199863,Kihumo Village || Antenna Array,13691748,pm1,µg/m³,18.9,2026-09-16T11:00:00Z
5199863,Kihumo Village || Antenna Array,13691748,pm1,µg/m³,9.9,2026-09-16T12:00:00Z
5199863,Kihumo Village || Antenna Array,13691748,pm1,µg/m³,10.5,2026-09-16T13:00:00Z
5199863,Kihumo Village || Antenna Array,13691748,pm1,µg/m³,15.1,2026-09-16T14:00:00Z
5199863,Kihumo Village || Antenna Array,13691748,pm1,µg/m³,23.3,2026-09-16T15:00:00Z
5199863,Kihumo Village || Antenna Array,13691748,pm1,µg/m³,20.6,2026-09-16T16:00:00Z
5199863,Kihumo Village || Antenna Array,13691748,pm1,µg/m³,7.8,2026-09-16T17:00:00Z
5199863,Kihumo Village || Antenna Array,13691748,pm1,µg/m³,6.9,2026-09-16T18:00:00Z
5199863,Kihumo Village || Antenna Array,13691748,pm1,µg/m³,3.7,2026-09-16T19:00:00Z
5199863,Kihumo Village || Antenna Array,13691748,pm1,µg/m³,1.9,2026-09-16T20:00:00Z
5199863,Kihumo Village || Antenna Array,13691748,pm1,µg/m³,1.0,2026-09-16T21:00:00Z
5199863,Kihumo Village || Antenna Array,13691748,pm1,µg/m³,0.3,2026-09-16T22:00:00Z
5199863,Kihumo Village || Antenna Array,13691748,pm1,µg/m³,0.2,2026-09-16T23:00:00Z
5199863,Kihumo Village || Antenna Array,13691748,pm1,µg/m³,0.6,2026-09-17T00:00:00Z
5199863,Kihumo Village || Antenna Array,13691748,pm1,µg/m³,0.5,2026-09-17T01:00:00Z
5199863,Kihumo Village || Antenna Array,13691748,pm1,µg/m³,1.2,2026-09-17T02:00:00Z
5199863,Kihumo Village || Antenna Array,13691748,pm1,µg/m³,3.1,2026-09-17T03:00:00Z
5199863,Kihumo Village || Antenna Array,13691748,pm1,µg/m³,8.1,2026-09-17T04:00:00Z
5199863,Kihumo Village || Antenna Array,13691748,pm1,µg/m³,7.9,2026-09-17T05:00:00Z
5199863,Kihumo Village || Antenna Array,13691748,pm1,µg/m³,6.4,2026-09-17T06:00:00Z
5199863,Kihumo Village || Antenna Array,13691748,pm1,µg/m³,6.4,2026-09-17T07:00:00Z
5199863,Kihumo Village || Antenna Array,13691748,pm1,µg/m³,5.8,2026-09-17T08:00:00Z
5199863,Kihumo Village || Antenna Array,13691748,pm1,µg/m³,13.3,2026-09-17T09:00:00Z
5199863,Kihumo Village || Antenna Array,13691748,pm1,µg/m³,6.9,2026-09-17T10:00:00Z
5199863,Kihumo Village || Antenna Array,13691748,pm1,µg/m³,3.5,2026-09-17T11:00:00Z
5199863,Kihumo Village || Antenna Array,13691748,pm1,µg/m³,12.6,2026-09-17T12:00:00Z
5199863,Kihumo Village || Antenna Array,13691748,pm1,µg/m³,14.1,2026-09-17T13:00:00Z
5199863,Kihumo Village || Antenna Array,13691748,pm1,µg/m³,19.2,2026-09-17T14:00:00Z
5199863,Kihumo Village || Antenna Array,13691748,pm1,µg/m³,21.8,2026-09-17T15:00:00Z
5199863,Kihumo Village || Antenna Array,13691748,pm1,µg/m³,26.0,2026-09-17T16:00:00Z
5199863,Kihumo Village || Antenna Array,13691748,pm1,µg/m³,6.7,2026-09-17T17:00:00Z
5199863,Kihumo Village || Antenna Array,13691748,pm1,µg/m³,3.0,2026-09-17T18:00:00Z
5199863,Kihumo Village || Antenna Array,13691748,pm1,µg/m³,3.4,2026-09-17T19:00:00Z
5199863,Kihumo Village || Antenna Array,13691748,pm1,µg/m³,1.0,2026-09-17T20:00:00Z
5199863,Kihumo Village || Antenna Array,13691748,pm1,µg/m³,0.6,2026-09-17T21:00:00Z
5199863,Kihumo Village || Antenna Array,13691748,pm1,µg/m³,1.0,2026-09-17T22:00:00Z
5199863,Kihumo Village || Antenna Array,13691748,pm1,µg/m³,0.0,2026-09-18T00:00:00Z
5199863,Kihumo Village || Antenna Array,13691748,pm1,µg/m³,0.0,2026-09-18T01:00:00Z
5199863,Kihumo Village || Antenna Array,13691748,pm1,µg/m³,1.3,2026-09-18T02:00:00Z
5199863,Kihumo Village || Antenna Array,13691748,pm1,µg/m³,34.8,2026-09-18T03:00:00Z
5199863,Kihumo Village || Antenna Array,13691748,pm1,µg/m³,13.5,2026-09-18T04:00:00Z
5199863,Kihumo Village || Antenna Array,13691748,pm1,µg/m³,11.3,2026-09-18T06:00:00Z
5199863,Kihumo Village || Antenna Array,13691748,pm1,µg/m³,23.1,2026-09-18T08:00:00Z
5199863,Kihumo Village || Antenna Array,13691748,pm1,µg/m³,18.6,2026-09-19T08:00:00Z
5199863,Kihumo Village || Antenna Array,13691748,pm1,µg/m³,9.6,2026-09-20T06:00:00Z
5199863,Kihumo Village || Antenna Array,13691748,pm1,µg/m³,14.6,2026-09-20T07:00:00Z
5199863,Kihumo Village || Antenna Array,13691748,pm1,µg/m³,3.3,2026-09-20T20:00:00Z
5199863,Kihumo Village || Antenna Array,13691748,pm1,µg/m³,0.5,2026-09-20T21:00:00Z
5199863,Kihumo Village || Antenna Array,13691748,pm1,µg/m³,0.2,2026-09-20T22:00:00Z
5199863,Kihumo Village || Antenna Array,13691748,pm1,µg/m³,0.0,2026-09-20T23:00:00Z
5199863,Kihumo Village || Antenna Array,13691748,pm1,µg/m³,0.0,2026-09-21T00:00:00Z
5199863,Kihumo Village || Antenna Array,13691748,pm1,µg/m³,0.2,2026-09-21T01:00:00Z
5199863,Kihumo Village || Antenna Array,13691748,pm1,µg/m³,2.2,2026-09-21T02:00:00Z
5199863,Kihumo Village || Antenna Array,13691748,pm1,µg/m³,3.3,2026-09-21T03:00:00Z
5199863,Kihumo Village || Antenna Array,13691748,pm1,µg/m³,6.9,2026-09-21T04:00:00Z
5199863,Kihumo Village || Antenna Array,13691748,pm1,µg/m³,8.4,2026-09-21T05:00:00Z
5199863,Kihumo Village || Antenna Array,13691748,pm1,µg/m³,11.6,2026-09-21T06:00:00Z
5199863,Kihumo Village || Antenna Array,13691748,pm1,µg/m³,16.7,2026-09-21T07:00:00Z
5199863,Kihumo Village || Antenna Array,13691748,pm1,µg/m³,21.4,2026-09-21T08:00:00Z
5199863,Kihumo Village || Antenna Array,13691748,pm1,µg/m³,12.7,2026-09-21T10:00:00Z
5199863,Kihumo Village || Antenna Array,13691748,pm1,µg/m³,7.0,2026-09-21T11:00:00Z
5199863,Kihumo Village || Antenna Array,13691748,pm1,µg/m³,20.2,2026-09-21T15:00:00Z
5199863,Kihumo Village || Antenna Array,13691748,pm1,µg/m³,9.6,2026-09-21T20:00:00Z
5199863,Kihumo Village || Antenna Array,13691748,pm1,µg/m³,6.2,2026-09-21T21:00:00Z
5199863,Kihumo Village || Antenna Array,13691748,pm1,µg/m³,4.0,2026-09-21T22:00:00Z
5199863,Kihumo Village || Antenna Array,13691748,pm1,µg/m³,3.5,2026-09-21T23:00:00Z
5199863,Kihumo Village || Antenna Array,13691748,pm1,µg/m³,3.6,2026-09-22T00:00:00Z
5199863,Kihumo Village || Antenna Array,13691748,pm1,µg/m³,4.5,2026-09-22T01:00:00Z
5199863,Kihumo Village || Antenna Array,13691748,pm1,µg/m³,6.9,2026-09-22T02:00:00Z
5199863,Kihumo Village || Antenna Array,13691748,pm1,µg/m³,12.5,2026-09-22T03:00:00Z
5199863,Kihumo Village || Antenna Array,13691748,pm1,µg/m³,7.9,2026-09-22T04:00:00Z
5199863,Kihumo Village || Antenna Array,13691748,pm1,µg/m³,6.7,2026-09-22T05:00:00Z
5199863,Kihumo Village || Antenna Array,13691748,pm1,µg/m³,15.9,2026-09-22T06:00:00Z
5199863,Kihumo Village || Antenna Array,13691748,pm1,µg/m³,4.4,2026-09-22T07:00:00Z
5199863,Kihumo Village || Antenna Array,13691748,pm1,µg/m³,4.2,2026-09-22T08:00:00Z
5199863,Kihumo Village || Antenna Array,13691748,pm1,µg/m³,18.6,2026-09-22T09:00:00Z
5199863,Kihumo Village || Antenna Array,13691748,pm1,µg/m³,10.7,2026-09-22T10:00:00Z
5199863,Kihumo Village || Antenna Array,13691748,pm1,µg/m³,8.2,2026-09-22T11:00:00Z
5199863,Kihumo Village || Antenna Array,13691748,pm1,µg/m³,3.9,2026-09-22T12:00:00Z
5199863,Kihumo Village || Antenna Array,13691748,pm1,µg/m³,5.8,2026-09-22T17:00:00Z
5199863,Kihumo Village || Antenna Array,13691748,pm1,µg/m³,3.5,2026-09-22T18:00:00Z
5199863,Kihumo Village || Antenna Array,13691748,pm1,µg/m³,1.7,2026-09-22T19:00:00Z
5199863,Kihumo Village || Antenna Array,13691748,pm1,µg/m³,4.0,2026-09-22T20:00:00Z
5199863,Kihumo Village || Antenna Array,13691748,pm1,µg/m³,0.2,2026-09-22T21:00:00Z
5199863,Kihumo Village || Antenna Array,13691748,pm1,µg/m³,0.8,2026-09-22T22:00:00Z
5199863,Kihumo Village || Antenna Array,13691748,pm1,µg/m³,1.5,2026-09-22T23:00:00Z
5199863,Kihumo Village || Antenna Array,13691748,pm1,µg/m³,2.5,2026-09-23T00:00:00Z
5199863,Kihumo Village || Antenna Array,13691748,pm1,µg/m³,1.5,2026-09-23T01:00:00Z
5199863,Kihumo Village || Antenna Array,13691748,pm1,µg/m³,5.8,2026-09-23T02:00:00Z
5199863,Kihumo Village || Antenna Array,13691748,pm1,µg/m³,22.3,2026-09-23T03:00:00Z
5199863,Kihumo Village || Antenna Array,13691748,pm1,µg/m³,7.3,2026-09-23T05:00:00Z
5199863,Kihumo Village || Antenna Array,13691748,pm1,µg/m³,8.3,2026-09-23T06:00:00Z
5199863,Kihumo Village || Antenna Array,13691748,pm1,µg/m³,8.4,2026-09-23T07:00:00Z
5199863,Kihumo Village || Antenna Array,13691748,pm1,µg/m³,15.5,2026-09-23T08:00:00Z
5199863,Kihumo Village || Antenna Array,13691748,pm1,µg/m³,17.9,2026-09-23T09:00:00Z
5199863,Kihumo Village || Antenna Array,13691748,pm1,µg/m³,8.3,2026-09-23T10:00:00Z
5199863,Kihumo Village || Antenna Array,13691748,pm1,µg/m³,7.1,2026-09-23T11:00:00Z
5199863,Kihumo Village || Antenna Array,13691748,pm1,µg/m³,6.7,2026-09-23T12:00:00Z
5199863,Kihumo Village || Antenna Array,13691748,pm1,µg/m³,6.7,2026-09-23T13:00:00Z
5199863,Kihumo Village || Antenna Array,13691748,pm1,µg/m³,8.2,2026-09-23T14:00:00Z
5199863,Kihumo Village || Antenna Array,13691748,pm1,µg/m³,9.7,2026-09-23T15:00:00Z
5199863,Kihumo Village || Antenna Array,13691748,pm1,µg/m³,12.9,2026-09-23T16:00:00Z
5199863,Kihumo Village || Antenna Array,13691748,pm1,µg/m³,12.3,2026-09-23T17:00:00Z
5199863,Kihumo Village || Antenna Array,13691748,pm1,µg/m³,12.2,2026-09-23T18:00:00Z
5199863,Kihumo Village || Antenna Array,13691748,pm1,µg/m³,2.3,2026-09-23T20:00:00Z
5199863,Kihumo Village || Antenna Array,13691748,pm1,µg/m³,4.0,2026-09-23T23:00:00Z
5199863,Kihumo Village || Antenna Array,13691748,pm1,µg/m³,3.8,2026-09-24T00:00:00Z
5199863,Kihumo Village || Antenna Array,13691748,pm1,µg/m³,3.1,2026-09-24T01:00:00Z
5199863,Kihumo Village || Antenna Array,13691748,pm1,µg/m³,3.2,2026-09-24T02:00:00Z
5199863,Kihumo Village || Antenna Array,13691748,pm1,µg/m³,6.0,2026-09-24T03:00:00Z
5199863,Kihumo Village || Antenna Array,13691748,pm1,µg/m³,10.2,2026-09-24T04:00:00Z
5199863,Kihumo Village || Antenna Array,13691748,pm1,µg/m³,13.9,2026-09-24T05:00:00Z
5199863,Kihumo Village || Antenna Array,13691748,pm1,µg/m³,13.9,2026-09-24T06:00:00Z
5199863,Kihumo Village || Antenna Array,13691748,pm1,µg/m³,17.2,2026-09-24T07:00:00Z
5199863,Kihumo Village || Antenna Array,13691748,pm1,µg/m³,23.2,2026-09-24T08:00:00Z
5199863,Kihumo Village || Antenna Array,13691748,pm1,µg/m³,22.5,2026-09-24T09:00:00Z
5199863,Kihumo Village || Antenna Array,13691748,pm1,µg/m³,22.2,2026-09-24T10:00:00Z
5199863,Kihumo Village || Antenna Array,13691748,pm1,µg/m³,15.0,2026-09-24T11:00:00Z
5199863,Kihumo Village || Antenna Array,13691748,pm1,µg/m³,6.4,2026-09-24T12:00:00Z
5199863,Kihumo Village || Antenna Array,13691748,pm1,µg/m³,4.0,2026-09-24T13:00:00Z
5199863,Kihumo Village || Antenna Array,13691748,pm1,µg/m³,10.4,2026-09-24T14:00:00Z
5199863,Kihumo Village || Antenna Array,13691748,pm1,µg/m³,9.5,2026-09-24T15:00:00Z
5199863,Kihumo Village || Antenna Array,13691748,pm1,µg/m³,11.2,2026-09-24T16:00:00Z
5199863,Kihumo Village || Antenna Array,13691748,pm1,µg/m³,10.1,2026-09-24T17:00:00Z
5199863,Kihumo Village || Antenna Array,13691748,pm1,µg/m³,13.9,2026-09-24T18:00:00Z
5199863,Kihumo Village || Antenna Array,13691748,pm1,µg/m³,5.4,2026-09-24T19:00:00Z
5199863,Kihumo Village || Antenna Array,13691748,pm1,µg/m³,3.3,2026-09-24T20:00:00Z
5199863,Kihumo Village || Antenna Array,13691749,pm25,µg/m³,40.8,2026-07-31T21:00:00Z
5199863,Kihumo Village || Antenna Array,13691749,pm25,µg/m³,34.0,2026-07-31T22:00:00Z
5199863,Kihumo Village || Antenna Array,13691749,pm25,µg/m³,37.7,2026-07-31T23:00:00Z
5199863,Kihumo Village || Antenna Array,13691749,pm25,µg/m³,40.1,2026-08-01T00:00:00Z
5199863,Kihumo Village || Antenna Array,13691749,pm25,µg/m³,47.5,2026-08-01T01:00:00Z
5199863,Kihumo Village || Antenna Array,13691749,pm25,µg/m³,40.3,2026-08-01T02:00:00Z
5199863,Kihumo Village || Antenna Array,13691749,pm25,µg/m³,36.1,2026-08-01T03:00:00Z
5199863,Kihumo Village || Antenna Array,13691749,pm25,µg/m³,35.5,2026-08-01T04:00:00Z
5199863,Kihumo Village || Antenna Array,13691749,pm25,µg/m³,39.5,2026-08-01T05:00:00Z
5199863,Kihumo Village || Antenna Array,13691749,pm25,µg/m³,42.9,2026-08-01T06:00:00Z
5199863,Kihumo Village || Antenna Array,13691749,pm25,µg/m³,42.1,2026-08-01T07:00:00Z
5199863,Kihumo Village || Antenna Array,13691749,pm25,µg/m³,42.7,2026-08-01T08:00:00Z
5199863,Kihumo Village || Antenna Array,13691749,pm25,µg/m³,38.4,2026-08-01T09:00:00Z
5199863,Kihumo Village || Antenna Array,13691749,pm25,µg/m³,36.0,2026-08-01T10:00:00Z
5199863,Kihumo Village || Antenna Array,13691749,pm25,µg/m³,32.6,2026-08-01T11:00:00Z
5199863,Kihumo Village || Antenna Array,13691749,pm25,µg/m³,32.1,2026-08-01T12:00:00Z
5199863,Kihumo Village || Antenna Array,13691749,pm25,µg/m³,30.5,2026-08-01T13:00:00Z
5199863,Kihumo Village || Antenna Array,13691749,pm25,µg/m³,42.7,2026-08-01T14:00:00Z
5199863,Kihumo Village || Antenna Array,13691749,pm25,µg/m³,47.9,2026-08-01T15:00:00Z
5199863,Kihumo Village || Antenna Array,13691749,pm25,µg/m³,47.7,2026-08-01T16:00:00Z
5199863,Kihumo Village || Antenna Array,13691749,pm25,µg/m³,49.4,2026-08-01T17:00:00Z
5199863,Kihumo Village || Antenna Array,13691749,pm25,µg/m³,47.5,2026-08-01T18:00:00Z
5199863,Kihumo Village || Antenna Array,13691749,pm25,µg/m³,47.0,2026-08-01T19:00:00Z
5199863,Kihumo Village || Antenna Array,13691749,pm25,µg/m³,46.2,2026-08-01T20:00:00Z
5199863,Kihumo Village || Antenna Array,13691749,pm25,µg/m³,44.1,2026-08-01T21:00:00Z
5199863,Kihumo Village || Antenna Array,13691749,pm25,µg/m³,45.6,2026-08-01T22:00:00Z
5199863,Kihumo Village || Antenna Array,13691749,pm25,µg/m³,52.3,2026-08-01T23:00:00Z
5199863,Kihumo Village || Antenna Array,13691749,pm25,µg/m³,66.7,2026-08-02T00:00:00Z
5199863,Kihumo Village || Antenna Array,13691749,pm25,µg/m³,65.2,2026-08-02T01:00:00Z
5199863,Kihumo Village || Antenna Array,13691749,pm25,µg/m³,54.4,2026-08-02T02:00:00Z
5199863,Kihumo Village || Antenna Array,13691749,pm25,µg/m³,53.4,2026-08-02T03:00:00Z
5199863,Kihumo Village || Antenna Array,13691749,pm25,µg/m³,52.9,2026-08-02T04:00:00Z
5199863,Kihumo Village || Antenna Array,13691749,pm25,µg/m³,47.4,2026-08-02T05:00:00Z
5199863,Kihumo Village || Antenna Array,13691749,pm25,µg/m³,45.8,2026-08-02T06:00:00Z
5199863,Kihumo Village || Antenna Array,13691749,pm25,µg/m³,60.8,2026-08-02T07:00:00Z
5199863,Kihumo Village || Antenna Array,13691749,pm25,µg/m³,44.2,2026-08-02T08:00:00Z
5199863,Kihumo Village || Antenna Array,13691749,pm25,µg/m³,42.4,2026-08-02T09:00:00Z
5199863,Kihumo Village || Antenna Array,13691749,pm25,µg/m³,37.9,2026-08-02T10:00:00Z
5199863,Kihumo Village || Antenna Array,13691749,pm25,µg/m³,40.1,2026-08-02T11:00:00Z
5199863,Kihumo Village || Antenna Array,13691749,pm25,µg/m³,36.5,2026-08-02T12:00:00Z
5199863,Kihumo Village || Antenna Array,13691749,pm25,µg/m³,41.7,2026-08-02T13:00:00Z
5199863,Kihumo Village || Antenna Array,13691749,pm25,µg/m³,47.2,2026-08-02T14:00:00Z
5199863,Kihumo Village || Antenna Array,13691749,pm25,µg/m³,49.7,2026-08-02T15:00:00Z
5199863,Kihumo Village || Antenna Array,13691749,pm25,µg/m³,52.6,2026-08-02T16:00:00Z
5199863,Kihumo Village || Antenna Array,13691749,pm25,µg/m³,51.5,2026-08-02T17:00:00Z
5199863,Kihumo Village || Antenna Array,13691749,pm25,µg/m³,55.2,2026-08-02T18:00:00Z
5199863,Kihumo Village || Antenna Array,13691749,pm25,µg/m³,46.0,2026-08-02T19:00:00Z
5199863,Kihumo Village || Antenna Array,13691749,pm25,µg/m³,40.7,2026-08-02T20:00:00Z
5199863,Kihumo Village || Antenna Array,13691749,pm25,µg/m³,40.7,2026-08-02T21:00:00Z
5199863,Kihumo Village || Antenna Array,13691749,pm25,µg/m³,45.2,2026-08-02T22:00:00Z
5199863,Kihumo Village || Antenna Array,13691749,pm25,µg/m³,49.1,2026-08-02T23:00:00Z
5199863,Kihumo Village || Antenna Array,13691749,pm25,µg/m³,52.7,2026-08-03T00:00:00Z
5199863,Kihumo Village || Antenna Array,13691749,pm25,µg/m³,50.5,2026-08-03T01:00:00Z
5199863,Kihumo Village || Antenna Array,13691749,pm25,µg/m³,51.4,2026-08-03T02:00:00Z
5199863,Kihumo Village || Antenna Array,13691749,pm25,µg/m³,51.1,2026-08-03T03:00:00Z
5199863,Kihumo Village || Antenna Array,13691749,pm25,µg/m³,48.7,2026-08-03T04:00:00Z
5199863,Kihumo Village || Antenna Array,13691749,pm25,µg/m³,50.9,2026-08-03T05:00:00Z
5199863,Kihumo Village || Antenna Array,13691749,pm25,µg/m³,51.6,2026-08-03T06:00:00Z
5199863,Kihumo Village || Antenna Array,13691749,pm25,µg/m³,48.3,2026-08-03T07:00:00Z
5199863,Kihumo Village || Antenna Array,13691749,pm25,µg/m³,45.2,2026-08-03T08:00:00Z
5199863,Kihumo Village || Antenna Array,13691749,pm25,µg/m³,46.3,2026-08-03T09:00:00Z
5199863,Kihumo Village || Antenna Array,13691749,pm25,µg/m³,46.8,2026-08-03T10:00:00Z
5199863,Kihumo Village || Antenna Array,13691749,pm25,µg/m³,53.2,2026-08-03T11:00:00Z
5199863,Kihumo Village || Antenna Array,13691749,pm25,µg/m³,47.8,2026-08-03T12:00:00Z
5199863,Kihumo Village || Antenna Array,13691749,pm25,µg/m³,47.9,2026-08-03T13:00:00Z
5199863,Kihumo Village || Antenna Array,13691749,pm25,µg/m³,49.9,2026-08-03T14:00:00Z
5199863,Kihumo Village || Antenna Array,13691749,pm25,µg/m³,59.7,2026-08-03T15:00:00Z
5199863,Kihumo Village || Antenna Array,13691749,pm25,µg/m³,54.4,2026-08-03T16:00:00Z
5199863,Kihumo Village || Antenna Array,13691749,pm25,µg/m³,44.9,2026-08-03T17:00:00Z
5199863,Kihumo Village || Antenna Array,13691749,pm25,µg/m³,47.5,2026-08-03T18:00:00Z
5199863,Kihumo Village || Antenna Array,13691749,pm25,µg/m³,50.5,2026-08-03T19:00:00Z
5199863,Kihumo Village || Antenna Array,13691749,pm25,µg/m³,53.1,2026-08-03T20:00:00Z
5199863,Kihumo Village || Antenna Array,13691749,pm25,µg/m³,51.7,2026-08-03T21:00:00Z
5199863,Kihumo Village || Antenna Array,13691749,pm25,µg/m³,52.3,2026-08-03T22:00:00Z
5199863,Kihumo Village || Antenna Array,13691749,pm25,µg/m³,46.7,2026-08-03T23:00:00Z
5199863,Kihumo Village || Antenna Array,13691749,pm25,µg/m³,40.4,2026-08-04T00:00:00Z
5199863,Kihumo Village || Antenna Array,13691749,pm25,µg/m³,42.7,2026-08-04T01:00:00Z
5199863,Kihumo Village || Antenna Array,13691749,pm25,µg/m³,39.1,2026-08-04T02:00:00Z
5199863,Kihumo Village || Antenna Array,13691749,pm25,µg/m³,39.8,2026-08-04T03:00:00Z
5199863,Kihumo Village || Antenna Array,13691749,pm25,µg/m³,48.3,2026-08-04T04:00:00Z
5199863,Kihumo Village || Antenna Array,13691749,pm25,µg/m³,41.1,2026-08-04T05:00:00Z
5199863,Kihumo Village || Antenna Array,13691749,pm25,µg/m³,48.3,2026-08-04T06:00:00Z
5199863,Kihumo Village || Antenna Array,13691749,pm25,µg/m³,40.9,2026-08-04T07:00:00Z
5199863,Kihumo Village || Antenna Array,13691749,pm25,µg/m³,39.1,2026-08-04T08:00:00Z
5199863,Kihumo Village || Antenna Array,13691749,pm25,µg/m³,37.3,2026-08-04T09:00:00Z
5199863,Kihumo Village || Antenna Array,13691749,pm25,µg/m³,40.4,2026-08-04T10:00:00Z
5199863,Kihumo Village || Antenna Array,13691749,pm25,µg/m³,46.6,2026-08-04T11:00:00Z
5199863,Kihumo Village || Antenna Array,13691749,pm25,µg/m³,66.5,2026-08-04T12:00:00Z
5199863,Kihumo Village || Antenna Array,13691749,pm25,µg/m³,47.8,2026-08-04T13:00:00Z
5199863,Kihumo Village || Antenna Array,13691749,pm25,µg/m³,42.7,2026-08-04T14:00:00Z
5199863,Kihumo Village || Antenna Array,13691749,pm25,µg/m³,47.8,2026-08-04T15:00:00Z
5199863,Kihumo Village || Antenna Array,13691749,pm25,µg/m³,50.8,2026-08-04T16:00:00Z
5199863,Kihumo Village || Antenna Array,13691749,pm25,µg/m³,59.0,2026-08-04T17:00:00Z
5199863,Kihumo Village || Antenna Array,13691749,pm25,µg/m³,52.1,2026-08-04T18:00:00Z
5199863,Kihumo Village || Antenna Array,13691749,pm25,µg/m³,52.5,2026-08-04T19:00:00Z
5199863,Kihumo Village || Antenna Array,13691749,pm25,µg/m³,47.6,2026-08-04T20:00:00Z
5199863,Kihumo Village || Antenna Array,13691749,pm25,µg/m³,45.3,2026-08-04T21:00:00Z
5199863,Kihumo Village || Antenna Array,13691749,pm25,µg/m³,37.8,2026-08-04T22:00:00Z
5199863,Kihumo Village || Antenna Array,13691749,pm25,µg/m³,38.4,2026-08-04T23:00:00Z
5199863,Kihumo Village || Antenna Array,13691749,pm25,µg/m³,28.9,2026-08-05T00:00:00Z
5199863,Kihumo Village || Antenna Array,13691749,pm25,µg/m³,25.5,2026-08-05T01:00:00Z
5199863,Kihumo Village || Antenna Array,13691749,pm25,µg/m³,25.1,2026-08-05T02:00:00Z
5199863,Kihumo Village || Antenna Array,13691749,pm25,µg/m³,30.9,2026-08-05T03:00:00Z
5199863,Kihumo Village || Antenna Array,13691749,pm25,µg/m³,37.2,2026-08-05T04:00:00Z
5199863,Kihumo Village || Antenna Array,13691749,pm25,µg/m³,34.1,2026-08-05T05:00:00Z
5199863,Kihumo Village || Antenna Array,13691749,pm25,µg/m³,34.3,2026-08-05T06:00:00Z
5199863,Kihumo Village || Antenna Array,13691749,pm25,µg/m³,32.9,2026-08-05T07:00:00Z
5199863,Kihumo Village || Antenna Array,13691749,pm25,µg/m³,30.5,2026-08-05T08:00:00Z
5199863,Kihumo Village || Antenna Array,13691749,pm25,µg/m³,56.0,2026-08-05T10:00:00Z
5199863,Kihumo Village || Antenna Array,13691749,pm25,µg/m³,38.1,2026-08-05T11:00:00Z
5199863,Kihumo Village || Antenna Array,13691749,pm25,µg/m³,74.8,2026-08-05T18:00:00Z
5199863,Kihumo Village || Antenna Array,13691749,pm25,µg/m³,74.7,2026-08-05T19:00:00Z
5199863,Kihumo Village || Antenna Array,13691749,pm25,µg/m³,54.9,2026-08-05T20:00:00Z
5199863,Kihumo Village || Antenna Array,13691749,pm25,µg/m³,41.5,2026-08-05T21:00:00Z
5199863,Kihumo Village || Antenna Array,13691749,pm25,µg/m³,30.3,2026-08-05T22:00:00Z
5199863,Kihumo Village || Antenna Array,13691749,pm25,µg/m³,22.3,2026-08-05T23:00:00Z
5199863,Kihumo Village || Antenna Array,13691749,pm25,µg/m³,22.3,2026-08-06T00:00:00Z
5199863,Kihumo Village || Antenna Array,13691749,pm25,µg/m³,27.0,2026-08-06T01:00:00Z
5199863,Kihumo Village || Antenna Array,13691749,pm25,µg/m³,27.4,2026-08-06T02:00:00Z
5199863,Kihumo Village || Antenna Array,13691749,pm25,µg/m³,26.9,2026-08-06T03:00:00Z
5199863,Kihumo Village || Antenna Array,13691749,pm25,µg/m³,29.9,2026-08-06T04:00:00Z
5199863,Kihumo Village || Antenna Array,13691749,pm25,µg/m³,34.3,2026-08-06T05:00:00Z
5199863,Kihumo Village || Antenna Array,13691749,pm25,µg/m³,36.1,2026-08-06T06:00:00Z
5199863,Kihumo Village || Antenna Array,13691749,pm25,µg/m³,40.9,2026-08-06T07:00:00Z
5199863,Kihumo Village || Antenna Array,13691749,pm25,µg/m³,46.6,2026-08-06T08:00:00Z
5199863,Kihumo Village || Antenna Array,13691749,pm25,µg/m³,46.3,2026-08-06T09:00:00Z
5199863,Kihumo Village || Antenna Array,13691749,pm25,µg/m³,36.4,2026-08-06T10:00:00Z
5199863,Kihumo Village || Antenna Array,13691749,pm25,µg/m³,25.6,2026-08-06T11:00:00Z
5199863,Kihumo Village || Antenna Array,13691749,pm25,µg/m³,23.7,2026-08-06T12:00:00Z
5199863,Kihumo Village || Antenna Array,13691749,pm25,µg/m³,25.8,2026-08-06T13:00:00Z
5199863,Kihumo Village || Antenna Array,13691749,pm25,µg/m³,25.6,2026-08-06T14:00:00Z
5199863,Kihumo Village || Antenna Array,13691749,pm25,µg/m³,33.3,2026-08-06T15:00:00Z
5199863,Kihumo Village || Antenna Array,13691749,pm25,µg/m³,38.3,2026-08-06T16:00:00Z
5199863,Kihumo Village || Antenna Array,13691749,pm25,µg/m³,36.2,2026-08-06T17:00:00Z
5199863,Kihumo Village || Antenna Array,13691749,pm25,µg/m³,35.7,2026-08-06T18:00:00Z
5199863,Kihumo Village || Antenna Array,13691749,pm25,µg/m³,37.9,2026-08-06T19:00:00Z
5199863,Kihumo Village || Antenna Array,13691749,pm25,µg/m³,38.4,2026-08-06T20:00:00Z
5199863,Kihumo Village || Antenna Array,13691749,pm25,µg/m³,38.9,2026-08-06T21:00:00Z
5199863,Kihumo Village || Antenna Array,13691749,pm25,µg/m³,36.9,2026-08-06T22:00:00Z
5199863,Kihumo Village || Antenna Array,13691749,pm25,µg/m³,33.7,2026-08-06T23:00:00Z
5199863,Kihumo Village || Antenna Array,13691749,pm25,µg/m³,33.3,2026-08-07T00:00:00Z
5199863,Kihumo Village || Antenna Array,13691749,pm25,µg/m³,32.3,2026-08-07T01:00:00Z
5199863,Kihumo Village || Antenna Array,13691749,pm25,µg/m³,27.5,2026-08-07T02:00:00Z
5199863,Kihumo Village || Antenna Array,13691749,pm25,µg/m³,27.0,2026-08-07T03:00:00Z
5199863,Kihumo Village || Antenna Array,13691749,pm25,µg/m³,30.1,2026-08-07T04:00:00Z
5199863,Kihumo Village || Antenna Array,13691749,pm25,µg/m³,30.6,2026-08-07T05:00:00Z
5199863,Kihumo Village || Antenna Array,13691749,pm25,µg/m³,34.7,2026-08-07T06:00:00Z
5199863,Kihumo Village || Antenna Array,13691749,pm25,µg/m³,38.6,2026-08-07T07:00:00Z
5199863,Kihumo Village || Antenna Array,13691749,pm25,µg/m³,47.3,2026-08-07T08:00:00Z
5199863,Kihumo Village || Antenna Array,13691749,pm25,µg/m³,53.0,2026-08-07T09:00:00Z
5199863,Kihumo Village || Antenna Array,13691749,pm25,µg/m³,47.8,2026-08-07T10:00:00Z
5199863,Kihumo Village || Antenna Array,13691749,pm25,µg/m³,45.3,2026-08-07T11:00:00Z
5199863,Kihumo Village || Antenna Array,13691749,pm25,µg/m³,41.2,2026-08-07T12:00:00Z
5199863,Kihumo Village || Antenna Array,13691749,pm25,µg/m³,40.0,2026-08-07T13:00:00Z
5199863,Kihumo Village || Antenna Array,13691749,pm25,µg/m³,42.1,2026-08-07T14:00:00Z
5199863,Kihumo Village || Antenna Array,13691749,pm25,µg/m³,46.9,2026-08-07T15:00:00Z
5199863,Kihumo Village || Antenna Array,13691749,pm25,µg/m³,47.6,2026-08-07T16:00:00Z
5199863,Kihumo Village || Antenna Array,13691749,pm25,µg/m³,46.4,2026-08-07T17:00:00Z
5199863,Kihumo Village || Antenna Array,13691749,pm25,µg/m³,41.6,2026-08-07T18:00:00Z
5199863,Kihumo Village || Antenna Array,13691749,pm25,µg/m³,38.6,2026-08-07T19:00:00Z
5199863,Kihumo Village || Antenna Array,13691749,pm25,µg/m³,33.5,2026-08-07T20:00:00Z
5199863,Kihumo Village || Antenna Array,13691749,pm25,µg/m³,32.7,2026-08-07T21:00:00Z
5199863,Kihumo Village || Antenna Array,13691749,pm25,µg/m³,33.6,2026-08-07T22:00:00Z
5199863,Kihumo Village || Antenna Array,13691749,pm25,µg/m³,35.4,2026-08-07T23:00:00Z
5199863,Kihumo Village || Antenna Array,13691749,pm25,µg/m³,32.0,2026-08-08T00:00:00Z
5199863,Kihumo Village || Antenna Array,13691749,pm25,µg/m³,32.5,2026-08-08T01:00:00Z
5199863,Kihumo Village || Antenna Array,13691749,pm25,µg/m³,34.1,2026-08-08T02:00:00Z
5199863,Kihumo Village || Antenna Array,13691749,pm25,µg/m³,35.5,2026-08-08T03:00:00Z
5199863,Kihumo Village || Antenna Array,13691749,pm25,µg/m³,36.1,2026-08-08T04:00:00Z
5199863,Kihumo Village || Antenna Array,13691749,pm25,µg/m³,34.8,2026-08-08T05:00:00Z
5199863,Kihumo Village || Antenna Array,13691749,pm25,µg/m³,34.9,2026-08-08T06:00:00Z
5199863,Kihumo Village || Antenna Array,13691749,pm25,µg/m³,44.7,2026-08-08T07:00:00Z
5199863,Kihumo Village || Antenna Array,13691749,pm25,µg/m³,46.3,2026-08-08T08:00:00Z
5199863,Kihumo Village || Antenna Array,13691749,pm25,µg/m³,41.8,2026-08-08T09:00:00Z
5199863,Kihumo Village || Antenna Array,13691749,pm25,µg/m³,39.0,2026-08-08T10:00:00Z
5199863,Kihumo Village || Antenna Array,13691749,pm25,µg/m³,40.3,2026-08-08T11:00:00Z
5199863,Kihumo Village || Antenna Array,13691749,pm25,µg/m³,42.6,2026-08-08T12:00:00Z
5199863,Kihumo Village || Antenna Array,13691749,pm25,µg/m³,42.2,2026-08-08T13:00:00Z
5199863,Kihumo Village || Antenna Array,13691749,pm25,µg/m³,35.3,2026-08-08T14:00:00Z
5199863,Kihumo Village || Antenna Array,13691749,pm25,µg/m³,41.3,2026-08-08T15:00:00Z
5199863,Kihumo Village || Antenna Array,13691749,pm25,µg/m³,52.4,2026-08-08T16:00:00Z
5199863,Kihumo Village || Antenna Array,13691749,pm25,µg/m³,48.2,2026-08-08T17:00:00Z
5199863,Kihumo Village || Antenna Array,13691749,pm25,µg/m³,51.5,2026-08-08T18:00:00Z
5199863,Kihumo Village || Antenna Array,13691749,pm25,µg/m³,48.7,2026-08-08T19:00:00Z
5199863,Kihumo Village || Antenna Array,13691749,pm25,µg/m³,43.2,2026-08-08T20:00:00Z
5199863,Kihumo Village || Antenna Array,13691749,pm25,µg/m³,31.0,2026-08-08T21:00:00Z
5199863,Kihumo Village || Antenna Array,13691749,pm25,µg/m³,9.1,2026-08-08T22:00:00Z
5199863,Kihumo Village || Antenna Array,13691749,pm25,µg/m³,9.9,2026-08-08T23:00:00Z
5199863,Kihumo Village || Antenna Array,13691749,pm25,µg/m³,20.3,2026-08-09T00:00:00Z
5199863,Kihumo Village || Antenna Array,13691749,pm25,µg/m³,14.8,2026-08-09T01:00:00Z
5199863,Kihumo Village || Antenna Array,13691749,pm25,µg/m³,5.3,2026-08-09T02:00:00Z
5199863,Kihumo Village || Antenna Array,13691749,pm25,µg/m³,6.4,2026-08-09T03:00:00Z
5199863,Kihumo Village || Antenna Array,13691749,pm25,µg/m³,20.7,2026-08-09T04:00:00Z
5199863,Kihumo Village || Antenna Array,13691749,pm25,µg/m³,24.9,2026-08-09T12:00:00Z
5199863,Kihumo Village || Antenna Array,13691749,pm25,µg/m³,21.9,2026-08-09T13:00:00Z
5199863,Kihumo Village || Antenna Array,13691749,pm25,µg/m³,22.4,2026-08-09T14:00:00Z
5199863,Kihumo Village || Antenna Array,13691749,pm25,µg/m³,33.7,2026-08-09T15:00:00Z
5199863,Kihumo Village || Antenna Array,13691749,pm25,µg/m³,40.0,2026-08-09T16:00:00Z
5199863,Kihumo Village || Antenna Array,13691749,pm25,µg/m³,46.6,2026-08-09T17:00:00Z
5199863,Kihumo Village || Antenna Array,13691749,pm25,µg/m³,49.6,2026-08-09T18:00:00Z
5199863,Kihumo Village || Antenna Array,13691749,pm25,µg/m³,51.8,2026-08-09T19:00:00Z
5199863,Kihumo Village || Antenna Array,13691749,pm25,µg/m³,53.7,2026-08-09T20:00:00Z
5199863,Kihumo Village || Antenna Array,13691749,pm25,µg/m³,48.4,2026-08-09T21:00:00Z
5199863,Kihumo Village || Antenna Array,13691749,pm25,µg/m³,32.4,2026-08-09T22:00:00Z
5199863,Kihumo Village || Antenna Array,13691749,pm25,µg/m³,43.0,2026-08-09T23:00:00Z
5199863,Kihumo Village || Antenna Array,13691749,pm25,µg/m³,39.8,2026-08-10T00:00:00Z
5199863,Kihumo Village || Antenna Array,13691749,pm25,µg/m³,38.1,2026-08-10T01:00:00Z
5199863,Kihumo Village || Antenna Array,13691749,pm25,µg/m³,39.6,2026-08-10T02:00:00Z
5199863,Kihumo Village || Antenna Array,13691749,pm25,µg/m³,38.7,2026-08-10T03:00:00Z
5199863,Kihumo Village || Antenna Array,13691749,pm25,µg/m³,25.6,2026-08-10T04:00:00Z
5199863,Kihumo Village || Antenna Array,13691749,pm25,µg/m³,17.3,2026-08-10T05:00:00Z
5199863,Kihumo Village || Antenna Array,13691749,pm25,µg/m³,14.4,2026-08-10T06:00:00Z
5199863,Kihumo Village || Antenna Array,13691749,pm25,µg/m³,24.9,2026-08-10T07:00:00Z
5199863,Kihumo Village || Antenna Array,13691749,pm25,µg/m³,43.7,2026-08-10T08:00:00Z
5199863,Kihumo Village || Antenna Array,13691749,pm25,µg/m³,44.0,2026-08-10T09:00:00Z
5199863,Kihumo Village || Antenna Array,13691749,pm25,µg/m³,38.8,2026-08-10T10:00:00Z
5199863,Kihumo Village || Antenna Array,13691749,pm25,µg/m³,32.4,2026-08-10T11:00:00Z
5199863,Kihumo Village || Antenna Array,13691749,pm25,µg/m³,29.6,2026-08-10T12:00:00Z
5199863,Kihumo Village || Antenna Array,13691749,pm25,µg/m³,24.7,2026-08-10T13:00:00Z
5199863,Kihumo Village || Antenna Array,13691749,pm25,µg/m³,21.6,2026-08-10T14:00:00Z
5199863,Kihumo Village || Antenna Array,13691749,pm25,µg/m³,30.3,2026-08-10T15:00:00Z
5199863,Kihumo Village || Antenna Array,13691749,pm25,µg/m³,31.4,2026-08-10T16:00:00Z
5199863,Kihumo Village || Antenna Array,13691749,pm25,µg/m³,35.8,2026-08-10T17:00:00Z
5199863,Kihumo Village || Antenna Array,13691749,pm25,µg/m³,51.9,2026-08-10T18:00:00Z
5199863,Kihumo Village || Antenna Array,13691749,pm25,µg/m³,40.9,2026-08-10T19:00:00Z
5199863,Kihumo Village || Antenna Array,13691749,pm25,µg/m³,36.0,2026-08-10T20:00:00Z
5199863,Kihumo Village || Antenna Array,13691749,pm25,µg/m³,30.3,2026-08-10T21:00:00Z
5199863,Kihumo Village || Antenna Array,13691749,pm25,µg/m³,44.9,2026-08-10T22:00:00Z
5199863,Kihumo Village || Antenna Array,13691749,pm25,µg/m³,45.8,2026-08-10T23:00:00Z
5199863,Kihumo Village || Antenna Array,13691749,pm25,µg/m³,38.6,2026-08-11T00:00:00Z
5199863,Kihumo Village || Antenna Array,13691749,pm25,µg/m³,36.0,2026-08-11T01:00:00Z
5199863,Kihumo Village || Antenna Array,13691749,pm25,µg/m³,24.2,2026-08-11T02:00:00Z
5199863,Kihumo Village || Antenna Array,13691749,pm25,µg/m³,21.6,2026-08-11T03:00:00Z
5199863,Kihumo Village || Antenna Array,13691749,pm25,µg/m³,24.4,2026-08-11T04:00:00Z
5199863,Kihumo Village || Antenna Array,13691749,pm25,µg/m³,18.0,2026-08-11T05:00:00Z
5199863,Kihumo Village || Antenna Array,13691749,pm25,µg/m³,14.1,2026-08-11T06:00:00Z
5199863,Kihumo Village || Antenna Array,13691749,pm25,µg/m³,15.5,2026-08-11T07:00:00Z
5199863,Kihumo Village || Antenna Array,13691749,pm25,µg/m³,14.9,2026-08-11T08:00:00Z
5199863,Kihumo Village || Antenna Array,13691749,pm25,µg/m³,27.6,2026-08-11T09:00:00Z
5199863,Kihumo Village || Antenna Array,13691749,pm25,µg/m³,33.1,2026-08-11T10:00:00Z
5199863,Kihumo Village || Antenna Array,13691749,pm25,µg/m³,34.1,2026-08-11T11:00:00Z
5199863,Kihumo Village || Antenna Array,13691749,pm25,µg/m³,28.5,2026-08-11T15:00:00Z
5199863,Kihumo Village || Antenna Array,13691749,pm25,µg/m³,31.3,2026-08-11T16:00:00Z
5199863,Kihumo Village || Antenna Array,13691749,pm25,µg/m³,35.4,2026-08-11T17:00:00Z
5199863,Kihumo Village || Antenna Array,13691749,pm25,µg/m³,56.8,2026-08-11T18:00:00Z
5199863,Kihumo Village || Antenna Array,13691749,pm25,µg/m³,66.5,2026-08-11T19:00:00Z
5199863,Kihumo Village || Antenna Array,13691749,pm25,µg/m³,29.2,2026-08-11T20:00:00Z
5199863,Kihumo Village || Antenna Array,13691749,pm25,µg/m³,29.9,2026-08-11T21:00:00Z
5199863,Kihumo Village || Antenna Array,13691749,pm25,µg/m³,34.5,2026-08-11T22:00:00Z
5199863,Kihumo Village || Antenna Array,13691749,pm25,µg/m³,26.7,2026-08-11T23:00:00Z
5199863,Kihumo Village || Antenna Array,13691749,pm25,µg/m³,26.8,2026-08-12T00:00:00Z
5199863,Kihumo Village || Antenna Array,13691749,pm25,µg/m³,27.3,2026-08-12T01:00:00Z
5199863,Kihumo Village || Antenna Array,13691749,pm25,µg/m³,27.7,2026-08-12T02:00:00Z
5199863,Kihumo Village || Antenna Array,13691749,pm25,µg/m³,35.6,2026-08-12T03:00:00Z
5199863,Kihumo Village || Antenna Array,13691749,pm25,µg/m³,44.5,2026-08-12T04:00:00Z
5199863,Kihumo Village || Antenna Array,13691749,pm25,µg/m³,19.2,2026-08-12T05:00:00Z
5199863,Kihumo Village || Antenna Array,13691749,pm25,µg/m³,7.2,2026-08-12T06:00:00Z
5199863,Kihumo Village || Antenna Array,13691749,pm25,µg/m³,5.2,2026-08-12T07:00:00Z
5199863,Kihumo Village || Antenna Array,13691749,pm25,µg/m³,9.6,2026-08-12T08:00:00Z
5199863,Kihumo Village || Antenna Array,13691749,pm25,µg/m³,8.5,2026-08-12T09:00:00Z
5199863,Kihumo Village || Antenna Array,13691749,pm25,µg/m³,6.8,2026-08-12T10:00:00Z
5199863,Kihumo Village || Antenna Array,13691749,pm25,µg/m³,3.7,2026-08-12T11:00:00Z
5199863,Kihumo Village || Antenna Array,13691749,pm25,µg/m³,7.3,2026-08-12T12:00:00Z
5199863,Kihumo Village || Antenna Array,13691749,pm25,µg/m³,9.5,2026-08-12T13:00:00Z
5199863,Kihumo Village || Antenna Array,13691749,pm25,µg/m³,17.5,2026-08-12T14:00:00Z
5199863,Kihumo Village || Antenna Array,13691749,pm25,µg/m³,21.7,2026-08-12T15:00:00Z
5199863,Kihumo Village || Antenna Array,13691749,pm25,µg/m³,19.9,2026-08-12T16:00:00Z
5199863,Kihumo Village || Antenna Array,13691749,pm25,µg/m³,24.7,2026-08-12T17:00:00Z
5199863,Kihumo Village || Antenna Array,13691749,pm25,µg/m³,29.0,2026-08-12T18:00:00Z
5199863,Kihumo Village || Antenna Array,13691749,pm25,µg/m³,22.4,2026-08-12T19:00:00Z
5199863,Kihumo Village || Antenna Array,13691749,pm25,µg/m³,33.0,2026-08-12T20:00:00Z
5199863,Kihumo Village || Antenna Array,13691749,pm25,µg/m³,40.3,2026-08-12T21:00:00Z
5199863,Kihumo Village || Antenna Array,13691749,pm25,µg/m³,25.3,2026-08-12T22:00:00Z
5199863,Kihumo Village || Antenna Array,13691749,pm25,µg/m³,20.5,2026-08-12T23:00:00Z
5199863,Kihumo Village || Antenna Array,13691749,pm25,µg/m³,19.9,2026-08-13T00:00:00Z
5199863,Kihumo Village || Antenna Array,13691749,pm25,µg/m³,19.0,2026-08-13T01:00:00Z
5199863,Kihumo Village || Antenna Array,13691749,pm25,µg/m³,13.1,2026-08-13T02:00:00Z
5199863,Kihumo Village || Antenna Array,13691749,pm25,µg/m³,30.2,2026-08-13T03:00:00Z
5199863,Kihumo Village || Antenna Array,13691749,pm25,µg/m³,38.6,2026-08-13T04:00:00Z
5199863,Kihumo Village || Antenna Array,13691749,pm25,µg/m³,27.0,2026-08-13T05:00:00Z
5199863,Kihumo Village || Antenna Array,13691749,pm25,µg/m³,20.1,2026-08-13T06:00:00Z
5199863,Kihumo Village || Antenna Array,13691749,pm25,µg/m³,9.7,2026-08-13T07:00:00Z
5199863,Kihumo Village || Antenna Array,13691749,pm25,µg/m³,5.1,2026-08-13T08:00:00Z
5199863,Kihumo Village || Antenna Array,13691749,pm25,µg/m³,5.2,2026-08-13T09:00:00Z
5199863,Kihumo Village || Antenna Array,13691749,pm25,µg/m³,4.6,2026-08-13T10:00:00Z
5199863,Kihumo Village || Antenna Array,13691749,pm25,µg/m³,5.7,2026-08-13T11:00:00Z
5199863,Kihumo Village || Antenna Array,13691749,pm25,µg/m³,5.0,2026-08-13T12:00:00Z
5199863,Kihumo Village || Antenna Array,13691749,pm25,µg/m³,4.3,2026-08-13T13:00:00Z
5199863,Kihumo Village || Antenna Array,13691749,pm25,µg/m³,8.6,2026-08-13T14:00:00Z
5199863,Kihumo Village || Antenna Array,13691749,pm25,µg/m³,20.6,2026-08-13T15:00:00Z
5199863,Kihumo Village || Antenna Array,13691749,pm25,µg/m³,32.4,2026-08-13T16:00:00Z
5199863,Kihumo Village || Antenna Array,13691749,pm25,µg/m³,66.4,2026-08-13T17:00:00Z
5199863,Kihumo Village || Antenna Array,13691749,pm25,µg/m³,62.5,2026-08-13T18:00:00Z
5199863,Kihumo Village || Antenna Array,13691749,pm25,µg/m³,47.9,2026-08-13T19:00:00Z
5199863,Kihumo Village || Antenna Array,13691749,pm25,µg/m³,7.2,2026-08-14T11:00:00Z
5199863,Kihumo Village || Antenna Array,13691749,pm25,µg/m³,15.1,2026-08-14T13:00:00Z
5199863,Kihumo Village || Antenna Array,13691749,pm25,µg/m³,74.6,2026-08-15T16:00:00Z
5199863,Kihumo Village || Antenna Array,13691749,pm25,µg/m³,72.3,2026-08-15T19:00:00Z
5199863,Kihumo Village || Antenna Array,13691749,pm25,µg/m³,32.0,2026-08-16T08:00:00Z
5199863,Kihumo Village || Antenna Array,13691749,pm25,µg/m³,33.6,2026-08-16T09:00:00Z
5199863,Kihumo Village || Antenna Array,13691749,pm25,µg/m³,35.7,2026-08-16T10:00:00Z
5199863,Kihumo Village || Antenna Array,13691749,pm25,µg/m³,36.6,2026-08-16T11:00:00Z
5199863,Kihumo Village || Antenna Array,13691749,pm25,µg/m³,36.6,2026-08-16T12:00:00Z
5199863,Kihumo Village || Antenna Array,13691749,pm25,µg/m³,45.4,2026-08-16T13:00:00Z
5199863,Kihumo Village || Antenna Array,13691749,pm25,µg/m³,52.3,2026-08-16T14:00:00Z
5199863,Kihumo Village || Antenna Array,13691749,pm25,µg/m³,64.1,2026-08-16T15:00:00Z
5199863,Kihumo Village || Antenna Array,13691749,pm25,µg/m³,75.8,2026-08-16T16:00:00Z
5199863,Kihumo Village || Antenna Array,13691749,pm25,µg/m³,53.7,2026-08-16T17:00:00Z
5199863,Kihumo Village || Antenna Array,13691749,pm25,µg/m³,47.7,2026-08-16T18:00:00Z
5199863,Kihumo Village || Antenna Array,13691749,pm25,µg/m³,44.2,2026-08-16T19:00:00Z
5199863,Kihumo Village || Antenna Array,13691749,pm25,µg/m³,43.1,2026-08-16T20:00:00Z
5199863,Kihumo Village || Antenna Array,13691749,pm25,µg/m³,35.7,2026-08-17T06:00:00Z
5199863,Kihumo Village || Antenna Array,13691749,pm25,µg/m³,38.8,2026-08-17T07:00:00Z
5199863,Kihumo Village || Antenna Array,13691749,pm25,µg/m³,37.0,2026-08-17T08:00:00Z
5199863,Kihumo Village || Antenna Array,13691749,pm25,µg/m³,39.8,2026-08-17T09:00:00Z
5199863,Kihumo Village || Antenna Array,13691749,pm25,µg/m³,47.2,2026-08-17T10:00:00Z
5199863,Kihumo Village || Antenna Array,13691749,pm25,µg/m³,47.9,2026-08-17T11:00:00Z
5199863,Kihumo Village || Antenna Array,13691749,pm25,µg/m³,50.8,2026-08-17T12:00:00Z
5199863,Kihumo Village || Antenna Array,13691749,pm25,µg/m³,48.8,2026-08-17T13:00:00Z
5199863,Kihumo Village || Antenna Array,13691749,pm25,µg/m³,41.6,2026-08-17T14:00:00Z
5199863,Kihumo Village || Antenna Array,13691749,pm25,µg/m³,60.7,2026-08-17T15:00:00Z
5199863,Kihumo Village || Antenna Array,13691749,pm25,µg/m³,79.2,2026-08-17T16:00:00Z
5199863,Kihumo Village || Antenna Array,13691749,pm25,µg/m³,45.1,2026-08-17T17:00:00Z
5199863,Kihumo Village || Antenna Array,13691749,pm25,µg/m³,38.7,2026-08-17T18:00:00Z
5199863,Kihumo Village || Antenna Array,13691749,pm25,µg/m³,37.5,2026-08-17T19:00:00Z
5199863,Kihumo Village || Antenna Array,13691749,pm25,µg/m³,36.7,2026-08-17T20:00:00Z
5199863,Kihumo Village || Antenna Array,13691749,pm25,µg/m³,36.3,2026-08-17T21:00:00Z
5199863,Kihumo Village || Antenna Array,13691749,pm25,µg/m³,33.7,2026-08-17T22:00:00Z
5199863,Kihumo Village || Antenna Array,13691749,pm25,µg/m³,32.9,2026-08-17T23:00:00Z
5199863,Kihumo Village || Antenna Array,13691749,pm25,µg/m³,32.7,2026-08-18T00:00:00Z
5199863,Kihumo Village || Antenna Array,13691749,pm25,µg/m³,33.6,2026-08-18T01:00:00Z
5199863,Kihumo Village || Antenna Array,13691749,pm25,µg/m³,35.2,2026-08-18T02:00:00Z
5199863,Kihumo Village || Antenna Array,13691749,pm25,µg/m³,31.1,2026-08-18T03:00:00Z
5199863,Kihumo Village || Antenna Array,13691749,pm25,µg/m³,42.4,2026-08-18T04:00:00Z
5199863,Kihumo Village || Antenna Array,13691749,pm25,µg/m³,36.0,2026-08-18T05:00:00Z
5199863,Kihumo Village || Antenna Array,13691749,pm25,µg/m³,35.9,2026-08-18T06:00:00Z
5199863,Kihumo Village || Antenna Array,13691749,pm25,µg/m³,38.2,2026-08-18T07:00:00Z
5199863,Kihumo Village || Antenna Array,13691749,pm25,µg/m³,38.6,2026-08-18T08:00:00Z
5199863,Kihumo Village || Antenna Array,13691749,pm25,µg/m³,45.6,2026-08-18T09:00:00Z
5199863,Kihumo Village || Antenna Array,13691749,pm25,µg/m³,51.9,2026-08-18T10:00:00Z
5199863,Kihumo Village || Antenna Array,13691749,pm25,µg/m³,40.6,2026-08-18T11:00:00Z
5199863,Kihumo Village || Antenna Array,13691749,pm25,µg/m³,39.9,2026-08-18T12:00:00Z
5199863,Kihumo Village || Antenna Array,13691749,pm25,µg/m³,41.1,2026-08-18T13:00:00Z
5199863,Kihumo Village || Antenna Array,13691749,pm25,µg/m³,45.2,2026-08-18T14:00:00Z
5199863,Kihumo Village || Antenna Array,13691749,pm25,µg/m³,57.4,2026-08-18T15:00:00Z
5199863,Kihumo Village || Antenna Array,13691749,pm25,µg/m³,68.0,2026-08-18T16:00:00Z
5199863,Kihumo Village || Antenna Array,13691749,pm25,µg/m³,57.0,2026-08-18T17:00:00Z
5199863,Kihumo Village || Antenna Array,13691749,pm25,µg/m³,43.0,2026-08-18T18:00:00Z
5199863,Kihumo Village || Antenna Array,13691749,pm25,µg/m³,39.1,2026-08-18T19:00:00Z
5199863,Kihumo Village || Antenna Array,13691749,pm25,µg/m³,41.1,2026-08-18T20:00:00Z
5199863,Kihumo Village || Antenna Array,13691749,pm25,µg/m³,38.3,2026-08-18T21:00:00Z
5199863,Kihumo Village || Antenna Array,13691749,pm25,µg/m³,31.8,2026-08-18T22:00:00Z
5199863,Kihumo Village || Antenna Array,13691749,pm25,µg/m³,31.6,2026-08-18T23:00:00Z
5199863,Kihumo Village || Antenna Array,13691749,pm25,µg/m³,29.9,2026-08-19T00:00:00Z
5199863,Kihumo Village || Antenna Array,13691749,pm25,µg/m³,29.6,2026-08-19T01:00:00Z
5199863,Kihumo Village || Antenna Array,13691749,pm25,µg/m³,26.3,2026-08-19T02:00:00Z
5199863,Kihumo Village || Antenna Array,13691749,pm25,µg/m³,35.2,2026-08-19T03:00:00Z
5199863,Kihumo Village || Antenna Array,13691749,pm25,µg/m³,40.8,2026-08-19T04:00:00Z
5199863,Kihumo Village || Antenna Array,13691749,pm25,µg/m³,41.7,2026-08-19T05:00:00Z
5199863,Kihumo Village || Antenna Array,13691749,pm25,µg/m³,38.8,2026-08-19T06:00:00Z
5199863,Kihumo Village || Antenna Array,13691749,pm25,µg/m³,45.5,2026-08-19T07:00:00Z
5199863,Kihumo Village || Antenna Array,13691749,pm25,µg/m³,46.6,2026-08-19T08:00:00Z
5199863,Kihumo Village || Antenna Array,13691749,pm25,µg/m³,40.7,2026-08-19T09:00:00Z
5199863,Kihumo Village || Antenna Array,13691749,pm25,µg/m³,41.2,2026-08-19T10:00:00Z
5199863,Kihumo Village || Antenna Array,13691749,pm25,µg/m³,44.3,2026-08-19T11:00:00Z
5199863,Kihumo Village || Antenna Array,13691749,pm25,µg/m³,45.6,2026-08-19T12:00:00Z
5199863,Kihumo Village || Antenna Array,13691749,pm25,µg/m³,38.0,2026-08-19T13:00:00Z
5199863,Kihumo Village || Antenna Array,13691749,pm25,µg/m³,35.3,2026-08-19T14:00:00Z
5199863,Kihumo Village || Antenna Array,13691749,pm25,µg/m³,47.4,2026-08-19T15:00:00Z
5199863,Kihumo Village || Antenna Array,13691749,pm25,µg/m³,36.6,2026-08-19T16:00:00Z
5199863,Kihumo Village || Antenna Array,13691749,pm25,µg/m³,40.3,2026-08-19T17:00:00Z
5199863,Kihumo Village || Antenna Array,13691749,pm25,µg/m³,37.3,2026-08-19T18:00:00Z
5199863,Kihumo Village || Antenna Array,13691749,pm25,µg/m³,40.7,2026-08-19T19:00:00Z
5199863,Kihumo Village || Antenna Array,13691749,pm25,µg/m³,42.7,2026-08-19T20:00:00Z
5199863,Kihumo Village || Antenna Array,13691749,pm25,µg/m³,43.8,2026-08-19T21:00:00Z
5199863,Kihumo Village || Antenna Array,13691749,pm25,µg/m³,43.9,2026-08-19T22:00:00Z
5199863,Kihumo Village || Antenna Array,13691749,pm25,µg/m³,43.7,2026-08-19T23:00:00Z
5199863,Kihumo Village || Antenna Array,13691749,pm25,µg/m³,43.1,2026-08-20T00:00:00Z
5199863,Kihumo Village || Antenna Array,13691749,pm25,µg/m³,42.1,2026-08-20T01:00:00Z
5199863,Kihumo Village || Antenna Array,13691749,pm25,µg/m³,43.7,2026-08-20T02:00:00Z
5199863,Kihumo Village || Antenna Array,13691749,pm25,µg/m³,47.2,2026-08-20T03:00:00Z
5199863,Kihumo Village || Antenna Array,13691749,pm25,µg/m³,50.6,2026-08-20T05:00:00Z
5199863,Kihumo Village || Antenna Array,13691749,pm25,µg/m³,48.3,2026-08-20T06:00:00Z
5199863,Kihumo Village || Antenna Array,13691749,pm25,µg/m³,46.3,2026-08-20T07:00:00Z
5199863,Kihumo Village || Antenna Array,13691749,pm25,µg/m³,47.8,2026-08-20T08:00:00Z
5199863,Kihumo Village || Antenna Array,13691749,pm25,µg/m³,42.4,2026-08-20T09:00:00Z
5199863,Kihumo Village || Antenna Array,13691749,pm25,µg/m³,41.2,2026-08-20T10:00:00Z
5199863,Kihumo Village || Antenna Array,13691749,pm25,µg/m³,47.4,2026-08-20T11:00:00Z
5199863,Kihumo Village || Antenna Array,13691749,pm25,µg/m³,44.2,2026-08-20T12:00:00Z
5199863,Kihumo Village || Antenna Array,13691749,pm25,µg/m³,42.3,2026-08-20T13:00:00Z
5199863,Kihumo Village || Antenna Array,13691749,pm25,µg/m³,41.0,2026-08-20T14:00:00Z
5199863,Kihumo Village || Antenna Array,13691749,pm25,µg/m³,42.8,2026-08-20T15:00:00Z
5199863,Kihumo Village || Antenna Array,13691749,pm25,µg/m³,48.6,2026-08-20T16:00:00Z
5199863,Kihumo Village || Antenna Array,13691749,pm25,µg/m³,52.5,2026-08-20T17:00:00Z
5199863,Kihumo Village || Antenna Array,13691749,pm25,µg/m³,51.9,2026-08-20T18:00:00Z
5199863,Kihumo Village || Antenna Array,13691749,pm25,µg/m³,52.6,2026-08-20T19:00:00Z
5199863,Kihumo Village || Antenna Array,13691749,pm25,µg/m³,40.5,2026-08-20T20:00:00Z
5199863,Kihumo Village || Antenna Array,13691749,pm25,µg/m³,37.4,2026-08-20T21:00:00Z
5199863,Kihumo Village || Antenna Array,13691749,pm25,µg/m³,33.0,2026-08-20T22:00:00Z
5199863,Kihumo Village || Antenna Array,13691749,pm25,µg/m³,27.0,2026-08-20T23:00:00Z
5199863,Kihumo Village || Antenna Array,13691749,pm25,µg/m³,30.6,2026-08-21T00:00:00Z
5199863,Kihumo Village || Antenna Array,13691749,pm25,µg/m³,31.0,2026-08-21T01:00:00Z
5199863,Kihumo Village || Antenna Array,13691749,pm25,µg/m³,30.5,2026-08-21T02:00:00Z
5199863,Kihumo Village || Antenna Array,13691749,pm25,µg/m³,33.2,2026-08-21T03:00:00Z
5199863,Kihumo Village || Antenna Array,13691749,pm25,µg/m³,35.5,2026-08-21T04:00:00Z
5199863,Kihumo Village || Antenna Array,13691749,pm25,µg/m³,36.0,2026-08-21T05:00:00Z
5199863,Kihumo Village || Antenna Array,13691749,pm25,µg/m³,34.9,2026-08-21T06:00:00Z
5199863,Kihumo Village || Antenna Array,13691749,pm25,µg/m³,36.3,2026-08-21T07:00:00Z
5199863,Kihumo Village || Antenna Array,13691749,pm25,µg/m³,34.3,2026-08-21T08:00:00Z
5199863,Kihumo Village || Antenna Array,13691749,pm25,µg/m³,41.4,2026-08-21T09:00:00Z
5199863,Kihumo Village || Antenna Array,13691749,pm25,µg/m³,51.2,2026-08-21T10:00:00Z
5199863,Kihumo Village || Antenna Array,13691749,pm25,µg/m³,48.8,2026-08-21T11:00:00Z
5199863,Kihumo Village || Antenna Array,13691749,pm25,µg/m³,42.2,2026-08-21T12:00:00Z
5199863,Kihumo Village || Antenna Array,13691749,pm25,µg/m³,36.1,2026-08-21T13:00:00Z
5199863,Kihumo Village || Antenna Array,13691749,pm25,µg/m³,37.8,2026-08-21T14:00:00Z
5199863,Kihumo Village || Antenna Array,13691749,pm25,µg/m³,44.6,2026-08-21T15:00:00Z
5199863,Kihumo Village || Antenna Array,13691749,pm25,µg/m³,50.2,2026-08-21T16:00:00Z
5199863,Kihumo Village || Antenna Array,13691749,pm25,µg/m³,55.9,2026-08-21T17:00:00Z
5199863,Kihumo Village || Antenna Array,13691749,pm25,µg/m³,54.8,2026-08-21T18:00:00Z
5199863,Kihumo Village || Antenna Array,13691749,pm25,µg/m³,48.6,2026-08-21T19:00:00Z
5199863,Kihumo Village || Antenna Array,13691749,pm25,µg/m³,36.2,2026-08-21T20:00:00Z
5199863,Kihumo Village || Antenna Array,13691749,pm25,µg/m³,19.5,2026-08-21T21:00:00Z
5199863,Kihumo Village || Antenna Array,13691749,pm25,µg/m³,17.2,2026-08-21T22:00:00Z
5199863,Kihumo Village || Antenna Array,13691749,pm25,µg/m³,13.0,2026-08-21T23:00:00Z
5199863,Kihumo Village || Antenna Array,13691749,pm25,µg/m³,13.5,2026-08-22T00:00:00Z
5199863,Kihumo Village || Antenna Array,13691749,pm25,µg/m³,14.4,2026-08-22T01:00:00Z
5199863,Kihumo Village || Antenna Array,13691749,pm25,µg/m³,16.8,2026-08-22T02:00:00Z
5199863,Kihumo Village || Antenna Array,13691749,pm25,µg/m³,21.7,2026-08-22T03:00:00Z
5199863,Kihumo Village || Antenna Array,13691749,pm25,µg/m³,30.0,2026-08-22T04:00:00Z
5199863,Kihumo Village || Antenna Array,13691749,pm25,µg/m³,27.6,2026-08-22T05:00:00Z
5199863,Kihumo Village || Antenna Array,13691749,pm25,µg/m³,27.6,2026-08-22T06:00:00Z
5199863,Kihumo Village || Antenna Array,13691749,pm25,µg/m³,34.2,2026-08-22T07:00:00Z
5199863,Kihumo Village || Antenna Array,13691749,pm25,µg/m³,45.2,2026-08-22T08:00:00Z
5199863,Kihumo Village || Antenna Array,13691749,pm25,µg/m³,44.7,2026-08-22T09:00:00Z
5199863,Kihumo Village || Antenna Array,13691749,pm25,µg/m³,41.0,2026-08-22T10:00:00Z
5199863,Kihumo Village || Antenna Array,13691749,pm25,µg/m³,35.3,2026-08-22T11:00:00Z
5199863,Kihumo Village || Antenna Array,13691749,pm25,µg/m³,32.1,2026-08-22T12:00:00Z
5199863,Kihumo Village || Antenna Array,13691749,pm25,µg/m³,31.6,2026-08-22T13:00:00Z
5199863,Kihumo Village || Antenna Array,13691749,pm25,µg/m³,32.4,2026-08-22T14:00:00Z
5199863,Kihumo Village || Antenna Array,13691749,pm25,µg/m³,39.6,2026-08-22T15:00:00Z
5199863,Kihumo Village || Antenna Array,13691749,pm25,µg/m³,36.6,2026-08-22T16:00:00Z
5199863,Kihumo Village || Antenna Array,13691749,pm25,µg/m³,32.2,2026-08-22T17:00:00Z
5199863,Kihumo Village || Antenna Array,13691749,pm25,µg/m³,32.6,2026-08-22T18:00:00Z
5199863,Kihumo Village || Antenna Array,13691749,pm25,µg/m³,18.8,2026-08-22T19:00:00Z
5199863,Kihumo Village || Antenna Array,13691749,pm25,µg/m³,7.4,2026-08-22T20:00:00Z
5199863,Kihumo Village || Antenna Array,13691749,pm25,µg/m³,2.9,2026-08-22T21:00:00Z
5199863,Kihumo Village || Antenna Array,13691749,pm25,µg/m³,1.8,2026-08-22T22:00:00Z
5199863,Kihumo Village || Antenna Array,13691749,pm25,µg/m³,1.8,2026-08-22T23:00:00Z
5199863,Kihumo Village || Antenna Array,13691749,pm25,µg/m³,4.6,2026-08-23T00:00:00Z
5199863,Kihumo Village || Antenna Array,13691749,pm25,µg/m³,3.7,2026-08-23T01:00:00Z
5199863,Kihumo Village || Antenna Array,13691749,pm25,µg/m³,4.6,2026-08-23T02:00:00Z
5199863,Kihumo Village || Antenna Array,13691749,pm25,µg/m³,5.9,2026-08-23T03:00:00Z
5199863,Kihumo Village || Antenna Array,13691749,pm25,µg/m³,11.1,2026-08-23T04:00:00Z
5199863,Kihumo Village || Antenna Array,13691749,pm25,µg/m³,11.2,2026-08-23T05:00:00Z
5199863,Kihumo Village || Antenna Array,13691749,pm25,µg/m³,15.4,2026-08-23T06:00:00Z
5199863,Kihumo Village || Antenna Array,13691749,pm25,µg/m³,15.2,2026-08-23T07:00:00Z
5199863,Kihumo Village || Antenna Array,13691749,pm25,µg/m³,18.6,2026-08-23T08:00:00Z
5199863,Kihumo Village || Antenna Array,13691749,pm25,µg/m³,16.7,2026-08-23T09:00:00Z
5199863,Kihumo Village || Antenna Array,13691749,pm25,µg/m³,20.2,2026-08-23T10:00:00Z
5199863,Kihumo Village || Antenna Array,13691749,pm25,µg/m³,23.0,2026-08-23T11:00:00Z
5199863,Kihumo Village || Antenna Array,13691749,pm25,µg/m³,19.1,2026-08-23T12:00:00Z
5199863,Kihumo Village || Antenna Array,13691749,pm25,µg/m³,15.7,2026-08-23T13:00:00Z
5199863,Kihumo Village || Antenna Array,13691749,pm25,µg/m³,20.5,2026-08-23T14:00:00Z
5199863,Kihumo Village || Antenna Array,13691749,pm25,µg/m³,23.4,2026-08-23T15:00:00Z
5199863,Kihumo Village || Antenna Array,13691749,pm25,µg/m³,26.5,2026-08-24T15:00:00Z
5199863,Kihumo Village || Antenna Array,13691749,pm25,µg/m³,25.2,2026-08-24T16:00:00Z
5199863,Kihumo Village || Antenna Array,13691749,pm25,µg/m³,30.2,2026-08-24T17:00:00Z
5199863,Kihumo Village || Antenna Array,13691749,pm25,µg/m³,24.6,2026-08-24T18:00:00Z
5199863,Kihumo Village || Antenna Array,13691749,pm25,µg/m³,15.1,2026-08-24T19:00:00Z
5199863,Kihumo Village || Antenna Array,13691749,pm25,µg/m³,7.9,2026-08-24T20:00:00Z
5199863,Kihumo Village || Antenna Array,13691749,pm25,µg/m³,5.8,2026-08-24T21:00:00Z
5199863,Kihumo Village || Antenna Array,13691749,pm25,µg/m³,4.5,2026-08-24T22:00:00Z
5199863,Kihumo Village || Antenna Array,13691749,pm25,µg/m³,4.1,2026-08-24T23:00:00Z
5199863,Kihumo Village || Antenna Array,13691749,pm25,µg/m³,3.4,2026-08-25T00:00:00Z
5199863,Kihumo Village || Antenna Array,13691749,pm25,µg/m³,3.7,2026-08-25T01:00:00Z
5199863,Kihumo Village || Antenna Array,13691749,pm25,µg/m³,5.5,2026-08-25T02:00:00Z
5199863,Kihumo Village || Antenna Array,13691749,pm25,µg/m³,11.1,2026-08-25T03:00:00Z
5199863,Kihumo Village || Antenna Array,13691749,pm25,µg/m³,23.1,2026-08-25T04:00:00Z
5199863,Kihumo Village || Antenna Array,13691749,pm25,µg/m³,25.2,2026-08-25T05:00:00Z
5199863,Kihumo Village || Antenna Array,13691749,pm25,µg/m³,34.4,2026-08-25T06:00:00Z
5199863,Kihumo Village || Antenna Array,13691749,pm25,µg/m³,43.8,2026-08-25T07:00:00Z
5199863,Kihumo Village || Antenna Array,13691749,pm25,µg/m³,27.5,2026-08-25T08:00:00Z
5199863,Kihumo Village || Antenna Array,13691749,pm25,µg/m³,18.4,2026-08-25T09:00:00Z
5199863,Kihumo Village || Antenna Array,13691749,pm25,µg/m³,13.9,2026-08-25T10:00:00Z
5199863,Kihumo Village || Antenna Array,13691749,pm25,µg/m³,12.7,2026-08-25T11:00:00Z
5199863,Kihumo Village || Antenna Array,13691749,pm25,µg/m³,14.6,2026-08-25T12:00:00Z
5199863,Kihumo Village || Antenna Array,13691749,pm25,µg/m³,19.5,2026-08-25T13:00:00Z
5199863,Kihumo Village || Antenna Array,13691749,pm25,µg/m³,15.8,2026-08-25T14:00:00Z
5199863,Kihumo Village || Antenna Array,13691749,pm25,µg/m³,24.3,2026-08-25T15:00:00Z
5199863,Kihumo Village || Antenna Array,13691749,pm25,µg/m³,30.5,2026-08-25T16:00:00Z
5199863,Kihumo Village || Antenna Array,13691749,pm25,µg/m³,32.8,2026-08-25T17:00:00Z
5199863,Kihumo Village || Antenna Array,13691749,pm25,µg/m³,24.7,2026-08-25T18:00:00Z
5199863,Kihumo Village || Antenna Array,13691749,pm25,µg/m³,26.9,2026-08-25T19:00:00Z
5199863,Kihumo Village || Antenna Array,13691749,pm25,µg/m³,22.2,2026-08-25T20:00:00Z
5199863,Kihumo Village || Antenna Array,13691749,pm25,µg/m³,8.6,2026-08-25T21:00:00Z
5199863,Kihumo Village || Antenna Array,13691749,pm25,µg/m³,10.3,2026-08-25T22:00:00Z
5199863,Kihumo Village || Antenna Array,13691749,pm25,µg/m³,19.4,2026-08-25T23:00:00Z
5199863,Kihumo Village || Antenna Array,13691749,pm25,µg/m³,18.8,2026-08-26T00:00:00Z
5199863,Kihumo Village || Antenna Array,13691749,pm25,µg/m³,20.1,2026-08-26T01:00:00Z
5199863,Kihumo Village || Antenna Array,13691749,pm25,µg/m³,23.3,2026-08-26T02:00:00Z
5199863,Kihumo Village || Antenna Array,13691749,pm25,µg/m³,39.5,2026-08-26T03:00:00Z
5199863,Kihumo Village || Antenna Array,13691749,pm25,µg/m³,34.7,2026-08-26T04:00:00Z
5199863,Kihumo Village || Antenna Array,13691749,pm25,µg/m³,15.8,2026-08-26T05:00:00Z
5199863,Kihumo Village || Antenna Array,13691749,pm25,µg/m³,22.9,2026-08-26T06:00:00Z
5199863,Kihumo Village || Antenna Array,13691749,pm25,µg/m³,24.8,2026-08-26T07:00:00Z
5199863,Kihumo Village || Antenna Array,13691749,pm25,µg/m³,34.4,2026-08-26T08:00:00Z
5199863,Kihumo Village || Antenna Array,13691749,pm25,µg/m³,26.3,2026-08-26T09:00:00Z
5199863,Kihumo Village || Antenna Array,13691749,pm25,µg/m³,18.3,2026-08-26T10:00:00Z
5199863,Kihumo Village || Antenna Array,13691749,pm25,µg/m³,16.6,2026-08-26T11:00:00Z
5199863,Kihumo Village || Antenna Array,13691749,pm25,µg/m³,22.0,2026-08-26T12:00:00Z
5199863,Kihumo Village || Antenna Array,13691749,pm25,µg/m³,21.5,2026-08-26T13:00:00Z
5199863,Kihumo Village || Antenna Array,13691749,pm25,µg/m³,14.5,2026-08-26T14:00:00Z
5199863,Kihumo Village || Antenna Array,13691749,pm25,µg/m³,31.0,2026-08-26T15:00:00Z
5199863,Kihumo Village || Antenna Array,13691749,pm25,µg/m³,28.9,2026-08-26T16:00:00Z
5199863,Kihumo Village || Antenna Array,13691749,pm25,µg/m³,36.2,2026-08-26T17:00:00Z
5199863,Kihumo Village || Antenna Array,13691749,pm25,µg/m³,53.6,2026-08-26T18:00:00Z
5199863,Kihumo Village || Antenna Array,13691749,pm25,µg/m³,54.6,2026-08-26T19:00:00Z
5199863,Kihumo Village || Antenna Array,13691749,pm25,µg/m³,36.2,2026-08-26T20:00:00Z
5199863,Kihumo Village || Antenna Array,13691749,pm25,µg/m³,15.3,2026-08-26T21:00:00Z
5199863,Kihumo Village || Antenna Array,13691749,pm25,µg/m³,17.0,2026-08-26T22:00:00Z
5199863,Kihumo Village || Antenna Array,13691749,pm25,µg/m³,29.2,2026-08-26T23:00:00Z
5199863,Kihumo Village || Antenna Array,13691749,pm25,µg/m³,27.6,2026-08-27T00:00:00Z
5199863,Kihumo Village || Antenna Array,13691749,pm25,µg/m³,33.7,2026-08-27T01:00:00Z
5199863,Kihumo Village || Antenna Array,13691749,pm25,µg/m³,31.1,2026-08-27T02:00:00Z
5199863,Kihumo Village || Antenna Array,13691749,pm25,µg/m³,27.0,2026-08-27T03:00:00Z
5199863,Kihumo Village || Antenna Array,13691749,pm25,µg/m³,27.4,2026-08-27T04:00:00Z
5199863,Kihumo Village || Antenna Array,13691749,pm25,µg/m³,28.7,2026-08-27T05:00:00Z
5199863,Kihumo Village || Antenna Array,13691749,pm25,µg/m³,29.7,2026-08-27T06:00:00Z
5199863,Kihumo Village || Antenna Array,13691749,pm25,µg/m³,29.8,2026-08-27T07:00:00Z
5199863,Kihumo Village || Antenna Array,13691749,pm25,µg/m³,30.7,2026-08-27T08:00:00Z
5199863,Kihumo Village || Antenna Array,13691749,pm25,µg/m³,32.2,2026-08-27T09:00:00Z
5199863,Kihumo Village || Antenna Array,13691749,pm25,µg/m³,14.5,2026-08-27T10:00:00Z
5199863,Kihumo Village || Antenna Array,13691749,pm25,µg/m³,31.7,2026-08-27T11:00:00Z
5199863,Kihumo Village || Antenna Array,13691749,pm25,µg/m³,32.1,2026-08-27T12:00:00Z
5199863,Kihumo Village || Antenna Array,13691749,pm25,µg/m³,14.6,2026-08-27T13:00:00Z
5199863,Kihumo Village || Antenna Array,13691749,pm25,µg/m³,18.9,2026-08-27T14:00:00Z
5199863,Kihumo Village || Antenna Array,13691749,pm25,µg/m³,21.0,2026-08-27T15:00:00Z
5199863,Kihumo Village || Antenna Array,13691749,pm25,µg/m³,22.7,2026-08-27T16:00:00Z
5199863,Kihumo Village || Antenna Array,13691749,pm25,µg/m³,29.0,2026-08-27T17:00:00Z
5199863,Kihumo Village || Antenna Array,13691749,pm25,µg/m³,25.1,2026-08-27T18:00:00Z
5199863,Kihumo Village || Antenna Array,13691749,pm25,µg/m³,32.4,2026-08-27T19:00:00Z
5199863,Kihumo Village || Antenna Array,13691749,pm25,µg/m³,29.0,2026-08-27T20:00:00Z
5199863,Kihumo Village || Antenna Array,13691749,pm25,µg/m³,35.6,2026-08-27T21:00:00Z
5199863,Kihumo Village || Antenna Array,13691749,pm25,µg/m³,31.6,2026-08-27T22:00:00Z
5199863,Kihumo Village || Antenna Array,13691749,pm25,µg/m³,30.2,2026-08-27T23:00:00Z
5199863,Kihumo Village || Antenna Array,13691749,pm25,µg/m³,31.0,2026-08-28T00:00:00Z
5199863,Kihumo Village || Antenna Array,13691749,pm25,µg/m³,29.9,2026-08-28T01:00:00Z
5199863,Kihumo Village || Antenna Array,13691749,pm25,µg/m³,26.3,2026-08-28T02:00:00Z
5199863,Kihumo Village || Antenna Array,13691749,pm25,µg/m³,33.2,2026-08-28T03:00:00Z
5199863,Kihumo Village || Antenna Array,13691749,pm25,µg/m³,34.0,2026-08-28T04:00:00Z
5199863,Kihumo Village || Antenna Array,13691749,pm25,µg/m³,32.6,2026-08-28T05:00:00Z
5199863,Kihumo Village || Antenna Array,13691749,pm25,µg/m³,28.8,2026-08-28T06:00:00Z
5199863,Kihumo Village || Antenna Array,13691749,pm25,µg/m³,23.3,2026-08-28T07:00:00Z
5199863,Kihumo Village || Antenna Array,13691749,pm25,µg/m³,26.0,2026-08-28T08:00:00Z
5199863,Kihumo Village || Antenna Array,13691749,pm25,µg/m³,21.8,2026-08-28T09:00:00Z
5199863,Kihumo Village || Antenna Array,13691749,pm25,µg/m³,18.8,2026-08-28T10:00:00Z
5199863,Kihumo Village || Antenna Array,13691749,pm25,µg/m³,12.8,2026-08-28T11:00:00Z
5199863,Kihumo Village || Antenna Array,13691749,pm25,µg/m³,11.4,2026-08-28T12:00:00Z
5199863,Kihumo Village || Antenna Array,13691749,pm25,µg/m³,25.7,2026-08-28T13:00:00Z
5199863,Kihumo Village || Antenna Array,13691749,pm25,µg/m³,21.5,2026-08-28T14:00:00Z
5199863,Kihumo Village || Antenna Array,13691749,pm25,µg/m³,27.2,2026-08-28T15:00:00Z
5199863,Kihumo Village || Antenna Array,13691749,pm25,µg/m³,28.3,2026-08-28T16:00:00Z
5199863,Kihumo Village || Antenna Array,13691749,pm25,µg/m³,28.5,2026-08-28T17:00:00Z
5199863,Kihumo Village || Antenna Array,13691749,pm25,µg/m³,34.4,2026-08-28T18:00:00Z
5199863,Kihumo Village || Antenna Array,13691749,pm25,µg/m³,35.9,2026-08-28T19:00:00Z
5199863,Kihumo Village || Antenna Array,13691749,pm25,µg/m³,25.5,2026-08-28T20:00:00Z
5199863,Kihumo Village || Antenna Array,13691749,pm25,µg/m³,21.0,2026-08-28T21:00:00Z
5199863,Kihumo Village || Antenna Array,13691749,pm25,µg/m³,15.7,2026-08-28T22:00:00Z
5199863,Kihumo Village || Antenna Array,13691749,pm25,µg/m³,14.3,2026-08-28T23:00:00Z
5199863,Kihumo Village || Antenna Array,13691749,pm25,µg/m³,17.4,2026-08-29T00:00:00Z
5199863,Kihumo Village || Antenna Array,13691749,pm25,µg/m³,18.4,2026-08-29T01:00:00Z
5199863,Kihumo Village || Antenna Array,13691749,pm25,µg/m³,22.3,2026-08-29T02:00:00Z
5199863,Kihumo Village || Antenna Array,13691749,pm25,µg/m³,28.4,2026-08-29T03:00:00Z
5199863,Kihumo Village || Antenna Array,13691749,pm25,µg/m³,29.3,2026-08-29T04:00:00Z
5199863,Kihumo Village || Antenna Array,13691749,pm25,µg/m³,28.5,2026-08-29T05:00:00Z
5199863,Kihumo Village || Antenna Array,13691749,pm25,µg/m³,29.8,2026-08-29T06:00:00Z
5199863,Kihumo Village || Antenna Array,13691749,pm25,µg/m³,28.6,2026-08-29T07:00:00Z
5199863,Kihumo Village || Antenna Array,13691749,pm25,µg/m³,17.5,2026-08-29T08:00:00Z
5199863,Kihumo Village || Antenna Array,13691749,pm25,µg/m³,8.3,2026-08-29T09:00:00Z
5199863,Kihumo Village || Antenna Array,13691749,pm25,µg/m³,10.0,2026-08-29T10:00:00Z
5199863,Kihumo Village || Antenna Array,13691749,pm25,µg/m³,12.9,2026-08-29T11:00:00Z
5199863,Kihumo Village || Antenna Array,13691749,pm25,µg/m³,15.0,2026-08-29T12:00:00Z
5199863,Kihumo Village || Antenna Array,13691749,pm25,µg/m³,22.1,2026-08-29T13:00:00Z
5199863,Kihumo Village || Antenna Array,13691749,pm25,µg/m³,22.9,2026-08-29T14:00:00Z
5199863,Kihumo Village || Antenna Array,13691749,pm25,µg/m³,26.7,2026-08-29T15:00:00Z
5199863,Kihumo Village || Antenna Array,13691749,pm25,µg/m³,27.7,2026-08-29T16:00:00Z
5199863,Kihumo Village || Antenna Array,13691749,pm25,µg/m³,24.5,2026-08-29T17:00:00Z
5199863,Kihumo Village || Antenna Array,13691749,pm25,µg/m³,22.4,2026-08-29T18:00:00Z
5199863,Kihumo Village || Antenna Array,13691749,pm25,µg/m³,20.7,2026-08-29T19:00:00Z
5199863,Kihumo Village || Antenna Array,13691749,pm25,µg/m³,27.4,2026-08-29T20:00:00Z
5199863,Kihumo Village || Antenna Array,13691749,pm25,µg/m³,30.1,2026-08-29T21:00:00Z
5199863,Kihumo Village || Antenna Array,13691749,pm25,µg/m³,29.4,2026-08-29T22:00:00Z
5199863,Kihumo Village || Antenna Array,13691749,pm25,µg/m³,28.9,2026-08-29T23:00:00Z
5199863,Kihumo Village || Antenna Array,13691749,pm25,µg/m³,15.5,2026-08-30T00:00:00Z
5199863,Kihumo Village || Antenna Array,13691749,pm25,µg/m³,7.9,2026-08-30T01:00:00Z
5199863,Kihumo Village || Antenna Array,13691749,pm25,µg/m³,7.7,2026-08-30T02:00:00Z
5199863,Kihumo Village || Antenna Array,13691749,pm25,µg/m³,9.9,2026-08-30T03:00:00Z
5199863,Kihumo Village || Antenna Array,13691749,pm25,µg/m³,18.3,2026-08-30T04:00:00Z
5199863,Kihumo Village || Antenna Array,13691749,pm25,µg/m³,31.7,2026-08-30T05:00:00Z
5199863,Kihumo Village || Antenna Array,13691749,pm25,µg/m³,34.5,2026-08-30T06:00:00Z
5199863,Kihumo Village || Antenna Array,13691749,pm25,µg/m³,33.2,2026-08-30T07:00:00Z
5199863,Kihumo Village || Antenna Array,13691749,pm25,µg/m³,23.1,2026-08-30T08:00:00Z
5199863,Kihumo Village || Antenna Array,13691749,pm25,µg/m³,9.9,2026-08-30T09:00:00Z
5199863,Kihumo Village || Antenna Array,13691749,pm25,µg/m³,6.4,2026-08-30T10:00:00Z
5199863,Kihumo Village || Antenna Array,13691749,pm25,µg/m³,4.3,2026-08-30T11:00:00Z
5199863,Kihumo Village || Antenna Array,13691749,pm25,µg/m³,4.1,2026-08-30T12:00:00Z
5199863,Kihumo Village || Antenna Array,13691749,pm25,µg/m³,9.2,2026-08-30T13:00:00Z
5199863,Kihumo Village || Antenna Array,13691749,pm25,µg/m³,10.6,2026-08-30T14:00:00Z
5199863,Kihumo Village || Antenna Array,13691749,pm25,µg/m³,7.0,2026-08-30T15:00:00Z
5199863,Kihumo Village || Antenna Array,13691749,pm25,µg/m³,22.2,2026-08-30T16:00:00Z
5199863,Kihumo Village || Antenna Array,13691749,pm25,µg/m³,24.1,2026-08-30T17:00:00Z
5199863,Kihumo Village || Antenna Array,13691749,pm25,µg/m³,19.6,2026-08-30T18:00:00Z
5199863,Kihumo Village || Antenna Array,13691749,pm25,µg/m³,17.0,2026-08-30T19:00:00Z
5199863,Kihumo Village || Antenna Array,13691749,pm25,µg/m³,10.3,2026-08-30T20:00:00Z
5199863,Kihumo Village || Antenna Array,13691749,pm25,µg/m³,4.9,2026-08-30T21:00:00Z
5199863,Kihumo Village || Antenna Array,13691749,pm25,µg/m³,1.5,2026-08-30T22:00:00Z
5199863,Kihumo Village || Antenna Array,13691749,pm25,µg/m³,0.5,2026-08-30T23:00:00Z
5199863,Kihumo Village || Antenna Array,13691749,pm25,µg/m³,0.3,2026-08-31T00:00:00Z
5199863,Kihumo Village || Antenna Array,13691749,pm25,µg/m³,43.0,2026-09-01T15:00:00Z
5199863,Kihumo Village || Antenna Array,13691749,pm25,µg/m³,31.4,2026-09-01T16:00:00Z
5199863,Kihumo Village || Antenna Array,13691749,pm25,µg/m³,40.8,2026-09-01T17:00:00Z
5199863,Kihumo Village || Antenna Array,13691749,pm25,µg/m³,29.4,2026-09-01T18:00:00Z
5199863,Kihumo Village || Antenna Array,13691749,pm25,µg/m³,20.2,2026-09-01T19:00:00Z
5199863,Kihumo Village || Antenna Array,13691749,pm25,µg/m³,6.5,2026-09-01T20:00:00Z
5199863,Kihumo Village || Antenna Array,13691749,pm25,µg/m³,4.0,2026-09-01T21:00:00Z
5199863,Kihumo Village || Antenna Array,13691749,pm25,µg/m³,4.5,2026-09-01T22:00:00Z
5199863,Kihumo Village || Antenna Array,13691749,pm25,µg/m³,2.4,2026-09-01T23:00:00Z
5199863,Kihumo Village || Antenna Array,13691749,pm25,µg/m³,3.8,2026-09-02T00:00:00Z
5199863,Kihumo Village || Antenna Array,13691749,pm25,µg/m³,3.0,2026-09-02T01:00:00Z
5199863,Kihumo Village || Antenna Array,13691749,pm25,µg/m³,4.1,2026-09-02T02:00:00Z
5199863,Kihumo Village || Antenna Array,13691749,pm25,µg/m³,11.9,2026-09-02T03:00:00Z
5199863,Kihumo Village || Antenna Array,13691749,pm25,µg/m³,22.5,2026-09-02T04:00:00Z
5199863,Kihumo Village || Antenna Array,13691749,pm25,µg/m³,22.2,2026-09-02T05:00:00Z
5199863,Kihumo Village || Antenna Array,13691749,pm25,µg/m³,25.2,2026-09-02T06:00:00Z
5199863,Kihumo Village || Antenna Array,13691749,pm25,µg/m³,29.4,2026-09-02T07:00:00Z
5199863,Kihumo Village || Antenna Array,13691749,pm25,µg/m³,24.4,2026-09-02T08:00:00Z
5199863,Kihumo Village || Antenna Array,13691749,pm25,µg/m³,21.7,2026-09-02T09:00:00Z
5199863,Kihumo Village || Antenna Array,13691749,pm25,µg/m³,10.9,2026-09-02T10:00:00Z
5199863,Kihumo Village || Antenna Array,13691749,pm25,µg/m³,4.6,2026-09-02T11:00:00Z
5199863,Kihumo Village || Antenna Array,13691749,pm25,µg/m³,7.4,2026-09-02T12:00:00Z
5199863,Kihumo Village || Antenna Array,13691749,pm25,µg/m³,12.4,2026-09-02T13:00:00Z
5199863,Kihumo Village || Antenna Array,13691749,pm25,µg/m³,19.8,2026-09-02T14:00:00Z
5199863,Kihumo Village || Antenna Array,13691749,pm25,µg/m³,35.5,2026-09-02T15:00:00Z
5199863,Kihumo Village || Antenna Array,13691749,pm25,µg/m³,29.6,2026-09-02T16:00:00Z
5199863,Kihumo Village || Antenna Array,13691749,pm25,µg/m³,27.7,2026-09-02T17:00:00Z
5199863,Kihumo Village || Antenna Array,13691749,pm25,µg/m³,26.3,2026-09-02T18:00:00Z
5199863,Kihumo Village || Antenna Array,13691749,pm25,µg/m³,19.8,2026-09-02T19:00:00Z
5199863,Kihumo Village || Antenna Array,13691749,pm25,µg/m³,9.8,2026-09-02T20:00:00Z
5199863,Kihumo Village || Antenna Array,13691749,pm25,µg/m³,7.0,2026-09-02T21:00:00Z
5199863,Kihumo Village || Antenna Array,13691749,pm25,µg/m³,10.9,2026-09-02T22:00:00Z
5199863,Kihumo Village || Antenna Array,13691749,pm25,µg/m³,17.3,2026-09-02T23:00:00Z
5199863,Kihumo Village || Antenna Array,13691749,pm25,µg/m³,18.0,2026-09-03T00:00:00Z
5199863,Kihumo Village || Antenna Array,13691749,pm25,µg/m³,12.4,2026-09-03T01:00:00Z
5199863,Kihumo Village || Antenna Array,13691749,pm25,µg/m³,9.2,2026-09-03T02:00:00Z
5199863,Kihumo Village || Antenna Array,13691749,pm25,µg/m³,16.2,2026-09-03T03:00:00Z
5199863,Kihumo Village || Antenna Array,13691749,pm25,µg/m³,33.6,2026-09-03T04:00:00Z
5199863,Kihumo Village || Antenna Array,13691749,pm25,µg/m³,26.2,2026-09-03T05:00:00Z
5199863,Kihumo Village || Antenna Array,13691749,pm25,µg/m³,32.6,2026-09-03T06:00:00Z
5199863,Kihumo Village || Antenna Array,13691749,pm25,µg/m³,40.0,2026-09-03T07:00:00Z
5199863,Kihumo Village || Antenna Array,13691749,pm25,µg/m³,40.1,2026-09-03T08:00:00Z
5199863,Kihumo Village || Antenna Array,13691749,pm25,µg/m³,47.0,2026-09-03T09:00:00Z
5199863,Kihumo Village || Antenna Array,13691749,pm25,µg/m³,56.2,2026-09-03T10:00:00Z
5199863,Kihumo Village || Antenna Array,13691749,pm25,µg/m³,51.6,2026-09-03T11:00:00Z
5199863,Kihumo Village || Antenna Array,13691749,pm25,µg/m³,42.5,2026-09-03T12:00:00Z
5199863,Kihumo Village || Antenna Array,13691749,pm25,µg/m³,57.5,2026-09-03T13:00:00Z
5199863,Kihumo Village || Antenna Array,13691749,pm25,µg/m³,29.8,2026-09-03T14:00:00Z
5199863,Kihumo Village || Antenna Array,13691749,pm25,µg/m³,33.2,2026-09-03T15:00:00Z
5199863,Kihumo Village || Antenna Array,13691749,pm25,µg/m³,29.6,2026-09-03T16:00:00Z
5199863,Kihumo Village || Antenna Array,13691749,pm25,µg/m³,36.6,2026-09-03T17:00:00Z
5199863,Kihumo Village || Antenna Array,13691749,pm25,µg/m³,39.2,2026-09-03T18:00:00Z
5199863,Kihumo Village || Antenna Array,13691749,pm25,µg/m³,16.4,2026-09-03T19:00:00Z
5199863,Kihumo Village || Antenna Array,13691749,pm25,µg/m³,7.7,2026-09-03T20:00:00Z
5199863,Kihumo Village || Antenna Array,13691749,pm25,µg/m³,8.6,2026-09-03T21:00:00Z
5199863,Kihumo Village || Antenna Array,13691749,pm25,µg/m³,10.2,2026-09-03T22:00:00Z
5199863,Kihumo Village || Antenna Array,13691749,pm25,µg/m³,10.4,2026-09-03T23:00:00Z
5199863,Kihumo Village || Antenna Array,13691749,pm25,µg/m³,13.5,2026-09-04T00:00:00Z
5199863,Kihumo Village || Antenna Array,13691749,pm25,µg/m³,16.5,2026-09-04T01:00:00Z
5199863,Kihumo Village || Antenna Array,13691749,pm25,µg/m³,22.3,2026-09-04T02:00:00Z
5199863,Kihumo Village || Antenna Array,13691749,pm25,µg/m³,44.7,2026-09-04T03:00:00Z
5199863,Kihumo Village || Antenna Array,13691749,pm25,µg/m³,49.1,2026-09-04T04:00:00Z
5199863,Kihumo Village || Antenna Array,13691749,pm25,µg/m³,39.9,2026-09-04T05:00:00Z
5199863,Kihumo Village || Antenna Array,13691749,pm25,µg/m³,43.4,2026-09-04T06:00:00Z
5199863,Kihumo Village || Antenna Array,13691749,pm25,µg/m³,35.8,2026-09-04T07:00:00Z
5199863,Kihumo Village || Antenna Array,13691749,pm25,µg/m³,26.4,2026-09-04T08:00:00Z
5199863,Kihumo Village || Antenna Array,13691749,pm25,µg/m³,19.4,2026-09-04T09:00:00Z
5199863,Kihumo Village || Antenna Array,13691749,pm25,µg/m³,13.5,2026-09-04T10:00:00Z
5199863,Kihumo Village || Antenna Array,13691749,pm25,µg/m³,22.4,2026-09-04T11:00:00Z
5199863,Kihumo Village || Antenna Array,13691749,pm25,µg/m³,28.1,2026-09-04T12:00:00Z
5199863,Kihumo Village || Antenna Array,13691749,pm25,µg/m³,32.6,2026-09-04T13:00:00Z
5199863,Kihumo Village || Antenna Array,13691749,pm25,µg/m³,32.9,2026-09-04T14:00:00Z
5199863,Kihumo Village || Antenna Array,13691749,pm25,µg/m³,49.3,2026-09-04T15:00:00Z
5199863,Kihumo Village || Antenna Array,13691749,pm25,µg/m³,41.7,2026-09-04T16:00:00Z
5199863,Kihumo Village || Antenna Array,13691749,pm25,µg/m³,23.6,2026-09-04T17:00:00Z
5199863,Kihumo Village || Antenna Array,13691749,pm25,µg/m³,16.2,2026-09-04T18:00:00Z
5199863,Kihumo Village || Antenna Array,13691749,pm25,µg/m³,13.3,2026-09-04T19:00:00Z
5199863,Kihumo Village || Antenna Array,13691749,pm25,µg/m³,5.4,2026-09-04T20:00:00Z
5199863,Kihumo Village || Antenna Array,13691749,pm25,µg/m³,5.5,2026-09-04T21:00:00Z
5199863,Kihumo Village || Antenna Array,13691749,pm25,µg/m³,3.4,2026-09-04T22:00:00Z
5199863,Kihumo Village || Antenna Array,13691749,pm25,µg/m³,3.9,2026-09-04T23:00:00Z
5199863,Kihumo Village || Antenna Array,13691749,pm25,µg/m³,4.5,2026-09-05T00:00:00Z
5199863,Kihumo Village || Antenna Array,13691749,pm25,µg/m³,6.1,2026-09-05T01:00:00Z
5199863,Kihumo Village || Antenna Array,13691749,pm25,µg/m³,8.6,2026-09-05T02:00:00Z
5199863,Kihumo Village || Antenna Array,13691749,pm25,µg/m³,16.2,2026-09-05T03:00:00Z
5199863,Kihumo Village || Antenna Array,13691749,pm25,µg/m³,22.7,2026-09-05T04:00:00Z
5199863,Kihumo Village || Antenna Array,13691749,pm25,µg/m³,32.4,2026-09-05T05:00:00Z
5199863,Kihumo Village || Antenna Array,13691749,pm25,µg/m³,25.2,2026-09-05T06:00:00Z
5199863,Kihumo Village || Antenna Array,13691749,pm25,µg/m³,20.2,2026-09-05T07:00:00Z
5199863,Kihumo Village || Antenna Array,13691749,pm25,µg/m³,18.8,2026-09-05T08:00:00Z
5199863,Kihumo Village || Antenna Array,13691749,pm25,µg/m³,17.4,2026-09-05T09:00:00Z
5199863,Kihumo Village || Antenna Array,13691749,pm25,µg/m³,24.8,2026-09-05T10:00:00Z
5199863,Kihumo Village || Antenna Array,13691749,pm25,µg/m³,24.1,2026-09-05T11:00:00Z
5199863,Kihumo Village || Antenna Array,13691749,pm25,µg/m³,22.7,2026-09-05T12:00:00Z
5199863,Kihumo Village || Antenna Array,13691749,pm25,µg/m³,20.2,2026-09-05T13:00:00Z
5199863,Kihumo Village || Antenna Array,13691749,pm25,µg/m³,25.4,2026-09-05T14:00:00Z
5199863,Kihumo Village || Antenna Array,13691749,pm25,µg/m³,21.3,2026-09-05T15:00:00Z
5199863,Kihumo Village || Antenna Array,13691749,pm25,µg/m³,29.9,2026-09-05T16:00:00Z
5199863,Kihumo Village || Antenna Array,13691749,pm25,µg/m³,10.6,2026-09-05T17:00:00Z
5199863,Kihumo Village || Antenna Array,13691749,pm25,µg/m³,12.2,2026-09-05T18:00:00Z
5199863,Kihumo Village || Antenna Array,13691749,pm25,µg/m³,5.0,2026-09-05T19:00:00Z
5199863,Kihumo Village || Antenna Array,13691749,pm25,µg/m³,3.4,2026-09-05T20:00:00Z
5199863,Kihumo Village || Antenna Array,13691749,pm25,µg/m³,5.0,2026-09-05T21:00:00Z
5199863,Kihumo Village || Antenna Array,13691749,pm25,µg/m³,5.9,2026-09-05T22:00:00Z
5199863,Kihumo Village || Antenna Array,13691749,pm25,µg/m³,5.0,2026-09-05T23:00:00Z
5199863,Kihumo Village || Antenna Array,13691749,pm25,µg/m³,5.4,2026-09-06T00:00:00Z
5199863,Kihumo Village || Antenna Array,13691749,pm25,µg/m³,8.2,2026-09-06T01:00:00Z
5199863,Kihumo Village || Antenna Array,13691749,pm25,µg/m³,12.5,2026-09-06T02:00:00Z
5199863,Kihumo Village || Antenna Array,13691749,pm25,µg/m³,10.4,2026-09-06T03:00:00Z
5199863,Kihumo Village || Antenna Array,13691749,pm25,µg/m³,17.5,2026-09-06T04:00:00Z
5199863,Kihumo Village || Antenna Array,13691749,pm25,µg/m³,8.8,2026-09-06T05:00:00Z
5199863,Kihumo Village || Antenna Array,13691749,pm25,µg/m³,14.2,2026-09-06T06:00:00Z
5199863,Kihumo Village || Antenna Array,13691749,pm25,µg/m³,17.6,2026-09-06T07:00:00Z
5199863,Kihumo Village || Antenna Array,13691749,pm25,µg/m³,25.4,2026-09-06T08:00:00Z
5199863,Kihumo Village || Antenna Array,13691749,pm25,µg/m³,30.4,2026-09-06T09:00:00Z
5199863,Kihumo Village || Antenna Array,13691749,pm25,µg/m³,15.7,2026-09-06T10:00:00Z
5199863,Kihumo Village || Antenna Array,13691749,pm25,µg/m³,27.0,2026-09-11T09:00:00Z
5199863,Kihumo Village || Antenna Array,13691749,pm25,µg/m³,34.7,2026-09-11T10:00:00Z
5199863,Kihumo Village || Antenna Array,13691749,pm25,µg/m³,11.3,2026-09-11T11:00:00Z
5199863,Kihumo Village || Antenna Array,13691749,pm25,µg/m³,18.1,2026-09-11T12:00:00Z
5199863,Kihumo Village || Antenna Array,13691749,pm25,µg/m³,17.0,2026-09-11T13:00:00Z
5199863,Kihumo Village || Antenna Array,13691749,pm25,µg/m³,11.4,2026-09-11T14:00:00Z
5199863,Kihumo Village || Antenna Array,13691749,pm25,µg/m³,23.7,2026-09-11T15:00:00Z
5199863,Kihumo Village || Antenna Array,13691749,pm25,µg/m³,22.0,2026-09-11T16:00:00Z
5199863,Kihumo Village || Antenna Array,13691749,pm25,µg/m³,27.6,2026-09-11T17:00:00Z
5199863,Kihumo Village || Antenna Array,13691749,pm25,µg/m³,8.7,2026-09-11T18:00:00Z
5199863,Kihumo Village || Antenna Array,13691749,pm25,µg/m³,5.7,2026-09-11T19:00:00Z
5199863,Kihumo Village || Antenna Array,13691749,pm25,µg/m³,6.0,2026-09-11T20:00:00Z
5199863,Kihumo Village || Antenna Array,13691749,pm25,µg/m³,4.5,2026-09-11T21:00:00Z
5199863,Kihumo Village || Antenna Array,13691749,pm25,µg/m³,3.8,2026-09-11T22:00:00Z
5199863,Kihumo Village || Antenna Array,13691749,pm25,µg/m³,4.8,2026-09-11T23:00:00Z
5199863,Kihumo Village || Antenna Array,13691749,pm25,µg/m³,12.1,2026-09-12T00:00:00Z
5199863,Kihumo Village || Antenna Array,13691749,pm25,µg/m³,2.7,2026-09-12T01:00:00Z
5199863,Kihumo Village || Antenna Array,13691749,pm25,µg/m³,9.8,2026-09-12T02:00:00Z
5199863,Kihumo Village || Antenna Array,13691749,pm25,µg/m³,1.2,2026-09-12T03:00:00Z
5199863,Kihumo Village || Antenna Array,13691749,pm25,µg/m³,4.0,2026-09-12T04:00:00Z
5199863,Kihumo Village || Antenna Array,13691749,pm25,µg/m³,4.5,2026-09-12T05:00:00Z
5199863,Kihumo Village || Antenna Array,13691749,pm25,µg/m³,3.9,2026-09-12T06:00:00Z
5199863,Kihumo Village || Antenna Array,13691749,pm25,µg/m³,10.5,2026-09-12T07:00:00Z
5199863,Kihumo Village || Antenna Array,13691749,pm25,µg/m³,8.4,2026-09-12T08:00:00Z
5199863,Kihumo Village || Antenna Array,13691749,pm25,µg/m³,7.4,2026-09-12T09:00:00Z
5199863,Kihumo Village || Antenna Array,13691749,pm25,µg/m³,11.2,2026-09-12T10:00:00Z
5199863,Kihumo Village || Antenna Array,13691749,pm25,µg/m³,25.6,2026-09-12T11:00:00Z
5199863,Kihumo Village || Antenna Array,13691749,pm25,µg/m³,23.6,2026-09-12T12:00:00Z
5199863,Kihumo Village || Antenna Array,13691749,pm25,µg/m³,18.0,2026-09-12T13:00:00Z
5199863,Kihumo Village || Antenna Array,13691749,pm25,µg/m³,16.0,2026-09-12T14:00:00Z
5199863,Kihumo Village || Antenna Array,13691749,pm25,µg/m³,26.2,2026-09-12T15:00:00Z
5199863,Kihumo Village || Antenna Array,13691749,pm25,µg/m³,28.5,2026-09-12T16:00:00Z
5199863,Kihumo Village || Antenna Array,13691749,pm25,µg/m³,22.8,2026-09-12T17:00:00Z
5199863,Kihumo Village || Antenna Array,13691749,pm25,µg/m³,11.3,2026-09-12T18:00:00Z
5199863,Kihumo Village || Antenna Array,13691749,pm25,µg/m³,13.7,2026-09-12T19:00:00Z
5199863,Kihumo Village || Antenna Array,13691749,pm25,µg/m³,19.5,2026-09-12T20:00:00Z
5199863,Kihumo Village || Antenna Array,13691749,pm25,µg/m³,8.3,2026-09-12T21:00:00Z
5199863,Kihumo Village || Antenna Array,13691749,pm25,µg/m³,6.7,2026-09-12T22:00:00Z
5199863,Kihumo Village || Antenna Array,13691749,pm25,µg/m³,10.9,2026-09-12T23:00:00Z
5199863,Kihumo Village || Antenna Array,13691749,pm25,µg/m³,9.3,2026-09-13T00:00:00Z
5199863,Kihumo Village || Antenna Array,13691749,pm25,µg/m³,5.6,2026-09-13T01:00:00Z
5199863,Kihumo Village || Antenna Array,13691749,pm25,µg/m³,5.2,2026-09-13T02:00:00Z
5199863,Kihumo Village || Antenna Array,13691749,pm25,µg/m³,5.0,2026-09-13T03:00:00Z
5199863,Kihumo Village || Antenna Array,13691749,pm25,µg/m³,10.3,2026-09-13T04:00:00Z
5199863,Kihumo Village || Antenna Array,13691749,pm25,µg/m³,14.2,2026-09-13T06:00:00Z
5199863,Kihumo Village || Antenna Array,13691749,pm25,µg/m³,14.9,2026-09-13T07:00:00Z
5199863,Kihumo Village || Antenna Array,13691749,pm25,µg/m³,20.1,2026-09-13T08:00:00Z
5199863,Kihumo Village || Antenna Array,13691749,pm25,µg/m³,23.8,2026-09-13T09:00:00Z
5199863,Kihumo Village || Antenna Array,13691749,pm25,µg/m³,14.3,2026-09-13T10:00:00Z
5199863,Kihumo Village || Antenna Array,13691749,pm25,µg/m³,8.1,2026-09-13T20:00:00Z
5199863,Kihumo Village || Antenna Array,13691749,pm25,µg/m³,8.0,2026-09-13T21:00:00Z
5199863,Kihumo Village || Antenna Array,13691749,pm25,µg/m³,8.1,2026-09-13T23:00:00Z
5199863,Kihumo Village || Antenna Array,13691749,pm25,µg/m³,8.4,2026-09-14T00:00:00Z
5199863,Kihumo Village || Antenna Array,13691749,pm25,µg/m³,10.0,2026-09-14T01:00:00Z
5199863,Kihumo Village || Antenna Array,13691749,pm25,µg/m³,7.7,2026-09-14T02:00:00Z
5199863,Kihumo Village || Antenna Array,13691749,pm25,µg/m³,17.3,2026-09-14T03:00:00Z
5199863,Kihumo Village || Antenna Array,13691749,pm25,µg/m³,26.6,2026-09-14T04:00:00Z
5199863,Kihumo Village || Antenna Array,13691749,pm25,µg/m³,28.8,2026-09-14T05:00:00Z
5199863,Kihumo Village || Antenna Array,13691749,pm25,µg/m³,32.0,2026-09-14T06:00:00Z
5199863,Kihumo Village || Antenna Array,13691749,pm25,µg/m³,34.9,2026-09-14T07:00:00Z
5199863,Kihumo Village || Antenna Array,13691749,pm25,µg/m³,38.9,2026-09-14T08:00:00Z
5199863,Kihumo Village || Antenna Array,13691749,pm25,µg/m³,39.1,2026-09-14T09:00:00Z
5199863,Kihumo Village || Antenna Array,13691749,pm25,µg/m³,35.6,2026-09-14T10:00:00Z
5199863,Kihumo Village || Antenna Array,13691749,pm25,µg/m³,42.2,2026-09-14T11:00:00Z
5199863,Kihumo Village || Antenna Array,13691749,pm25,µg/m³,32.5,2026-09-14T12:00:00Z
5199863,Kihumo Village || Antenna Array,13691749,pm25,µg/m³,18.0,2026-09-14T13:00:00Z
5199863,Kihumo Village || Antenna Array,13691749,pm25,µg/m³,23.4,2026-09-14T14:00:00Z
5199863,Kihumo Village || Antenna Array,13691749,pm25,µg/m³,27.1,2026-09-14T15:00:00Z
5199863,Kihumo Village || Antenna Array,13691749,pm25,µg/m³,27.8,2026-09-14T16:00:00Z
5199863,Kihumo Village || Antenna Array,13691749,pm25,µg/m³,27.3,2026-09-14T17:00:00Z
5199863,Kihumo Village || Antenna Array,13691749,pm25,µg/m³,22.9,2026-09-14T18:00:00Z
5199863,Kihumo Village || Antenna Array,13691749,pm25,µg/m³,16.9,2026-09-14T19:00:00Z
5199863,Kihumo Village || Antenna Array,13691749,pm25,µg/m³,12.0,2026-09-14T20:00:00Z
5199863,Kihumo Village || Antenna Array,13691749,pm25,µg/m³,8.0,2026-09-14T21:00:00Z
5199863,Kihumo Village || Antenna Array,13691749,pm25,µg/m³,8.6,2026-09-14T22:00:00Z
5199863,Kihumo Village || Antenna Array,13691749,pm25,µg/m³,9.7,2026-09-14T23:00:00Z
5199863,Kihumo Village || Antenna Array,13691749,pm25,µg/m³,17.4,2026-09-15T00:00:00Z
5199863,Kihumo Village || Antenna Array,13691749,pm25,µg/m³,16.5,2026-09-15T01:00:00Z
5199863,Kihumo Village || Antenna Array,13691749,pm25,µg/m³,20.5,2026-09-15T02:00:00Z
5199863,Kihumo Village || Antenna Array,13691749,pm25,µg/m³,22.4,2026-09-15T03:00:00Z
5199863,Kihumo Village || Antenna Array,13691749,pm25,µg/m³,26.5,2026-09-15T04:00:00Z
5199863,Kihumo Village || Antenna Array,13691749,pm25,µg/m³,31.5,2026-09-15T05:00:00Z
5199863,Kihumo Village || Antenna Array,13691749,pm25,µg/m³,44.4,2026-09-15T06:00:00Z
5199863,Kihumo Village || Antenna Array,13691749,pm25,µg/m³,36.5,2026-09-15T07:00:00Z
5199863,Kihumo Village || Antenna Array,13691749,pm25,µg/m³,33.0,2026-09-15T08:00:00Z
5199863,Kihumo Village || Antenna Array,13691749,pm25,µg/m³,37.5,2026-09-15T09:00:00Z
5199863,Kihumo Village || Antenna Array,13691749,pm25,µg/m³,49.9,2026-09-15T10:00:00Z
5199863,Kihumo Village || Antenna Array,13691749,pm25,µg/m³,51.6,2026-09-15T11:00:00Z
5199863,Kihumo Village || Antenna Array,13691749,pm25,µg/m³,51.6,2026-09-15T12:00:00Z
5199863,Kihumo Village || Antenna Array,13691749,pm25,µg/m³,42.9,2026-09-15T13:00:00Z
5199863,Kihumo Village || Antenna Array,13691749,pm25,µg/m³,45.8,2026-09-15T14:00:00Z
5199863,Kihumo Village || Antenna Array,13691749,pm25,µg/m³,53.7,2026-09-15T15:00:00Z
5199863,Kihumo Village || Antenna Array,13691749,pm25,µg/m³,60.7,2026-09-15T16:00:00Z
5199863,Kihumo Village || Antenna Array,13691749,pm25,µg/m³,50.3,2026-09-15T17:00:00Z
5199863,Kihumo Village || Antenna Array,13691749,pm25,µg/m³,48.8,2026-09-15T18:00:00Z
5199863,Kihumo Village || Antenna Array,13691749,pm25,µg/m³,46.7,2026-09-15T19:00:00Z
5199863,Kihumo Village || Antenna Array,13691749,pm25,µg/m³,34.0,2026-09-15T20:00:00Z
5199863,Kihumo Village || Antenna Array,13691749,pm25,µg/m³,17.5,2026-09-15T21:00:00Z
5199863,Kihumo Village || Antenna Array,13691749,pm25,µg/m³,22.1,2026-09-15T22:00:00Z
5199863,Kihumo Village || Antenna Array,13691749,pm25,µg/m³,25.1,2026-09-15T23:00:00Z
5199863,Kihumo Village || Antenna Array,13691749,pm25,µg/m³,18.5,2026-09-16T00:00:00Z
5199863,Kihumo Village || Antenna Array,13691749,pm25,µg/m³,17.3,2026-09-16T01:00:00Z
5199863,Kihumo Village || Antenna Array,13691749,pm25,µg/m³,19.4,2026-09-16T02:00:00Z
5199863,Kihumo Village || Antenna Array,13691749,pm25,µg/m³,24.9,2026-09-16T03:00:00Z
5199863,Kihumo Village || Antenna Array,13691749,pm25,µg/m³,27.1,2026-09-16T04:00:00Z
5199863,Kihumo Village || Antenna Array,13691749,pm25,µg/m³,25.9,2026-09-16T05:00:00Z
5199863,Kihumo Village || Antenna Array,13691749,pm25,µg/m³,34.3,2026-09-16T06:00:00Z
5199863,Kihumo Village || Antenna Array,13691749,pm25,µg/m³,28.4,2026-09-16T07:00:00Z
5199863,Kihumo Village || Antenna Array,13691749,pm25,µg/m³,23.3,2026-09-16T08:00:00Z
5199863,Kihumo Village || Antenna Array,13691749,pm25,µg/m³,26.4,2026-09-16T09:00:00Z
5199863,Kihumo Village || Antenna Array,13691749,pm25,µg/m³,27.9,2026-09-16T10:00:00Z
5199863,Kihumo Village || Antenna Array,13691749,pm25,µg/m³,29.8,2026-09-16T11:00:00Z
5199863,Kihumo Village || Antenna Array,13691749,pm25,µg/m³,18.5,2026-09-16T12:00:00Z
5199863,Kihumo Village || Antenna Array,13691749,pm25,µg/m³,21.3,2026-09-16T13:00:00Z
5199863,Kihumo Village || Antenna Array,13691749,pm25,µg/m³,26.2,2026-09-16T14:00:00Z
5199863,Kihumo Village || Antenna Array,13691749,pm25,µg/m³,36.1,2026-09-16T15:00:00Z
5199863,Kihumo Village || Antenna Array,13691749,pm25,µg/m³,34.0,2026-09-16T16:00:00Z
5199863,Kihumo Village || Antenna Array,13691749,pm25,µg/m³,17.4,2026-09-16T17:00:00Z
5199863,Kihumo Village || Antenna Array,13691749,pm25,µg/m³,15.4,2026-09-16T18:00:00Z
5199863,Kihumo Village || Antenna Array,13691749,pm25,µg/m³,7.0,2026-09-16T19:00:00Z
5199863,Kihumo Village || Antenna Array,13691749,pm25,µg/m³,5.1,2026-09-16T20:00:00Z
5199863,Kihumo Village || Antenna Array,13691749,pm25,µg/m³,3.8,2026-09-16T21:00:00Z
5199863,Kihumo Village || Antenna Array,13691749,pm25,µg/m³,2.5,2026-09-16T22:00:00Z
5199863,Kihumo Village || Antenna Array,13691749,pm25,µg/m³,1.8,2026-09-16T23:00:00Z
5199863,Kihumo Village || Antenna Array,13691749,pm25,µg/m³,2.7,2026-09-17T00:00:00Z
5199863,Kihumo Village || Antenna Array,13691749,pm25,µg/m³,3.1,2026-09-17T01:00:00Z
5199863,Kihumo Village || Antenna Array,13691749,pm25,µg/m³,3.8,2026-09-17T02:00:00Z
5199863,Kihumo Village || Antenna Array,13691749,pm25,µg/m³,6.4,2026-09-17T03:00:00Z
5199863,Kihumo Village || Antenna Array,13691749,pm25,µg/m³,16.0,2026-09-17T04:00:00Z
5199863,Kihumo Village || Antenna Array,13691749,pm25,µg/m³,18.1,2026-09-17T05:00:00Z
5199863,Kihumo Village || Antenna Array,13691749,pm25,µg/m³,13.8,2026-09-17T06:00:00Z
5199863,Kihumo Village || Antenna Array,13691749,pm25,µg/m³,12.6,2026-09-17T07:00:00Z
5199863,Kihumo Village || Antenna Array,13691749,pm25,µg/m³,10.9,2026-09-17T08:00:00Z
5199863,Kihumo Village || Antenna Array,13691749,pm25,µg/m³,25.5,2026-09-17T09:00:00Z
5199863,Kihumo Village || Antenna Array,13691749,pm25,µg/m³,16.0,2026-09-17T10:00:00Z
5199863,Kihumo Village || Antenna Array,13691749,pm25,µg/m³,8.4,2026-09-17T11:00:00Z
5199863,Kihumo Village || Antenna Array,13691749,pm25,µg/m³,23.1,2026-09-17T12:00:00Z
5199863,Kihumo Village || Antenna Array,13691749,pm25,µg/m³,25.8,2026-09-17T13:00:00Z
5199863,Kihumo Village || Antenna Array,13691749,pm25,µg/m³,30.7,2026-09-17T14:00:00Z
5199863,Kihumo Village || Antenna Array,13691749,pm25,µg/m³,32.5,2026-09-17T15:00:00Z
5199863,Kihumo Village || Antenna Array,13691749,pm25,µg/m³,39.5,2026-09-17T16:00:00Z
5199863,Kihumo Village || Antenna Array,13691749,pm25,µg/m³,13.3,2026-09-17T17:00:00Z
5199863,Kihumo Village || Antenna Array,13691749,pm25,µg/m³,6.8,2026-09-17T18:00:00Z
5199863,Kihumo Village || Antenna Array,13691749,pm25,µg/m³,6.8,2026-09-17T19:00:00Z
5199863,Kihumo Village || Antenna Array,13691749,pm25,µg/m³,4.2,2026-09-17T20:00:00Z
5199863,Kihumo Village || Antenna Array,13691749,pm25,µg/m³,3.6,2026-09-17T21:00:00Z
5199863,Kihumo Village || Antenna Array,13691749,pm25,µg/m³,4.8,2026-09-17T22:00:00Z
5199863,Kihumo Village || Antenna Array,13691749,pm25,µg/m³,2.5,2026-09-18T00:00:00Z
5199863,Kihumo Village || Antenna Array,13691749,pm25,µg/m³,2.1,2026-09-18T01:00:00Z
5199863,Kihumo Village || Antenna Array,13691749,pm25,µg/m³,5.1,2026-09-18T02:00:00Z
5199863,Kihumo Village || Antenna Array,13691749,pm25,µg/m³,53.2,2026-09-18T03:00:00Z
5199863,Kihumo Village || Antenna Array,13691749,pm25,µg/m³,26.4,2026-09-18T04:00:00Z
5199863,Kihumo Village || Antenna Array,13691749,pm25,µg/m³,20.3,2026-09-18T06:00:00Z
5199863,Kihumo Village || Antenna Array,13691749,pm25,µg/m³,36.4,2026-09-18T08:00:00Z
5199863,Kihumo Village || Antenna Array,13691749,pm25,µg/m³,28.4,2026-09-19T08:00:00Z
5199863,Kihumo Village || Antenna Array,13691749,pm25,µg/m³,19.1,2026-09-20T06:00:00Z
5199863,Kihumo Village || Antenna Array,13691749,pm25,µg/m³,23.0,2026-09-20T07:00:00Z
5199863,Kihumo Village || Antenna Array,13691749,pm25,µg/m³,7.3,2026-09-20T20:00:00Z
5199863,Kihumo Village || Antenna Array,13691749,pm25,µg/m³,3.9,2026-09-20T21:00:00Z
5199863,Kihumo Village || Antenna Array,13691749,pm25,µg/m³,1.8,2026-09-20T22:00:00Z
5199863,Kihumo Village || Antenna Array,13691749,pm25,µg/m³,0.0,2026-09-20T23:00:00Z
5199863,Kihumo Village || Antenna Array,13691749,pm25,µg/m³,1.4,2026-09-21T00:00:00Z
5199863,Kihumo Village || Antenna Array,13691749,pm25,µg/m³,2.7,2026-09-21T01:00:00Z
5199863,Kihumo Village || Antenna Array,13691749,pm25,µg/m³,5.8,2026-09-21T02:00:00Z
5199863,Kihumo Village || Antenna Array,13691749,pm25,µg/m³,7.1,2026-09-21T03:00:00Z
5199863,Kihumo Village || Antenna Array,13691749,pm25,µg/m³,16.5,2026-09-21T04:00:00Z
5199863,Kihumo Village || Antenna Array,13691749,pm25,µg/m³,20.8,2026-09-21T05:00:00Z
5199863,Kihumo Village || Antenna Array,13691749,pm25,µg/m³,23.3,2026-09-21T06:00:00Z
5199863,Kihumo Village || Antenna Array,13691749,pm25,µg/m³,25.7,2026-09-21T07:00:00Z
5199863,Kihumo Village || Antenna Array,13691749,pm25,µg/m³,31.3,2026-09-21T08:00:00Z
5199863,Kihumo Village || Antenna Array,13691749,pm25,µg/m³,23.2,2026-09-21T10:00:00Z
5199863,Kihumo Village || Antenna Array,13691749,pm25,µg/m³,17.0,2026-09-21T11:00:00Z
5199863,Kihumo Village || Antenna Array,13691749,pm25,µg/m³,29.5,2026-09-21T15:00:00Z
5199863,Kihumo Village || Antenna Array,13691749,pm25,µg/m³,24.8,2026-09-21T20:00:00Z
5199863,Kihumo Village || Antenna Array,13691749,pm25,µg/m³,15.3,2026-09-21T21:00:00Z
5199863,Kihumo Village || Antenna Array,13691749,pm25,µg/m³,7.3,2026-09-21T22:00:00Z
5199863,Kihumo Village || Antenna Array,13691749,pm25,µg/m³,8.6,2026-09-21T23:00:00Z
5199863,Kihumo Village || Antenna Array,13691749,pm25,µg/m³,8.3,2026-09-22T00:00:00Z
5199863,Kihumo Village || Antenna Array,13691749,pm25,µg/m³,11.1,2026-09-22T01:00:00Z
5199863,Kihumo Village || Antenna Array,13691749,pm25,µg/m³,15.7,2026-09-22T02:00:00Z
5199863,Kihumo Village || Antenna Array,13691749,pm25,µg/m³,26.1,2026-09-22T03:00:00Z
5199863,Kihumo Village || Antenna Array,13691749,pm25,µg/m³,19.3,2026-09-22T04:00:00Z
5199863,Kihumo Village || Antenna Array,13691749,pm25,µg/m³,15.7,2026-09-22T05:00:00Z
5199863,Kihumo Village || Antenna Array,13691749,pm25,µg/m³,26.8,2026-09-22T06:00:00Z
5199863,Kihumo Village || Antenna Array,13691749,pm25,µg/m³,8.5,2026-09-22T07:00:00Z
5199863,Kihumo Village || Antenna Array,13691749,pm25,µg/m³,7.3,2026-09-22T08:00:00Z
5199863,Kihumo Village || Antenna Array,13691749,pm25,µg/m³,27.1,2026-09-22T09:00:00Z
5199863,Kihumo Village || Antenna Array,13691749,pm25,µg/m³,20.3,2026-09-22T10:00:00Z
5199863,Kihumo Village || Antenna Array,13691749,pm25,µg/m³,16.6,2026-09-22T11:00:00Z
5199863,Kihumo Village || Antenna Array,13691749,pm25,µg/m³,7.8,2026-09-22T12:00:00Z
5199863,Kihumo Village || Antenna Array,13691749,pm25,µg/m³,11.5,2026-09-22T17:00:00Z
5199863,Kihumo Village || Antenna Array,13691749,pm25,µg/m³,7.0,2026-09-22T18:00:00Z
5199863,Kihumo Village || Antenna Array,13691749,pm25,µg/m³,4.3,2026-09-22T19:00:00Z
5199863,Kihumo Village || Antenna Array,13691749,pm25,µg/m³,11.4,2026-09-22T20:00:00Z
5199863,Kihumo Village || Antenna Array,13691749,pm25,µg/m³,2.1,2026-09-22T21:00:00Z
5199863,Kihumo Village || Antenna Array,13691749,pm25,µg/m³,2.5,2026-09-22T22:00:00Z
5199863,Kihumo Village || Antenna Array,13691749,pm25,µg/m³,3.6,2026-09-22T23:00:00Z
5199863,Kihumo Village || Antenna Array,13691749,pm25,µg/m³,5.4,2026-09-23T00:00:00Z
5199863,Kihumo Village || Antenna Array,13691749,pm25,µg/m³,4.8,2026-09-23T01:00:00Z
5199863,Kihumo Village || Antenna Array,13691749,pm25,µg/m³,12.9,2026-09-23T02:00:00Z
5199863,Kihumo Village || Antenna Array,13691749,pm25,µg/m³,36.4,2026-09-23T03:00:00Z
5199863,Kihumo Village || Antenna Array,13691749,pm25,µg/m³,16.8,2026-09-23T05:00:00Z
5199863,Kihumo Village || Antenna Array,13691749,pm25,µg/m³,19.6,2026-09-23T06:00:00Z
5199863,Kihumo Village || Antenna Array,13691749,pm25,µg/m³,18.2,2026-09-23T07:00:00Z
5199863,Kihumo Village || Antenna Array,13691749,pm25,µg/m³,25.1,2026-09-23T08:00:00Z
5199863,Kihumo Village || Antenna Array,13691749,pm25,µg/m³,26.6,2026-09-23T09:00:00Z
5199863,Kihumo Village || Antenna Array,13691749,pm25,µg/m³,17.1,2026-09-23T10:00:00Z
5199863,Kihumo Village || Antenna Array,13691749,pm25,µg/m³,14.7,2026-09-23T11:00:00Z
5199863,Kihumo Village || Antenna Array,13691749,pm25,µg/m³,12.2,2026-09-23T12:00:00Z
5199863,Kihumo Village || Antenna Array,13691749,pm25,µg/m³,12.4,2026-09-23T13:00:00Z
5199863,Kihumo Village || Antenna Array,13691749,pm25,µg/m³,14.7,2026-09-23T14:00:00Z
5199863,Kihumo Village || Antenna Array,13691749,pm25,µg/m³,22.4,2026-09-23T15:00:00Z
5199863,Kihumo Village || Antenna Array,13691749,pm25,µg/m³,25.2,2026-09-23T16:00:00Z
5199863,Kihumo Village || Antenna Array,13691749,pm25,µg/m³,23.7,2026-09-23T17:00:00Z
5199863,Kihumo Village || Antenna Array,13691749,pm25,µg/m³,25.6,2026-09-23T18:00:00Z
5199863,Kihumo Village || Antenna Array,13691749,pm25,µg/m³,4.3,2026-09-23T20:00:00Z
5199863,Kihumo Village || Antenna Array,13691749,pm25,µg/m³,10.0,2026-09-23T23:00:00Z
5199863,Kihumo Village || Antenna Array,13691749,pm25,µg/m³,8.5,2026-09-24T00:00:00Z
5199863,Kihumo Village || Antenna Array,13691749,pm25,µg/m³,6.9,2026-09-24T01:00:00Z
5199863,Kihumo Village || Antenna Array,13691749,pm25,µg/m³,7.2,2026-09-24T02:00:00Z
5199863,Kihumo Village || Antenna Array,13691749,pm25,µg/m³,14.0,2026-09-24T03:00:00Z
5199863,Kihumo Village || Antenna Array,13691749,pm25,µg/m³,21.5,2026-09-24T04:00:00Z
5199863,Kihumo Village || Antenna Array,13691749,pm25,µg/m³,24.8,2026-09-24T05:00:00Z
5199863,Kihumo Village || Antenna Array,13691749,pm25,µg/m³,23.9,2026-09-24T06:00:00Z
5199863,Kihumo Village || Antenna Array,13691749,pm25,µg/m³,27.4,2026-09-24T07:00:00Z
5199863,Kihumo Village || Antenna Array,13691749,pm25,µg/m³,34.6,2026-09-24T08:00:00Z
5199863,Kihumo Village || Antenna Array,13691749,pm25,µg/m³,33.2,2026-09-24T09:00:00Z
5199863,Kihumo Village || Antenna Array,13691749,pm25,µg/m³,32.7,2026-09-24T10:00:00Z
5199863,Kihumo Village || Antenna Array,13691749,pm25,µg/m³,24.5,2026-09-24T11:00:00Z
5199863,Kihumo Village || Antenna Array,13691749,pm25,µg/m³,14.0,2026-09-24T12:00:00Z
5199863,Kihumo Village || Antenna Array,13691749,pm25,µg/m³,9.8,2026-09-24T13:00:00Z
5199863,Kihumo Village || Antenna Array,13691749,pm25,µg/m³,21.3,2026-09-24T14:00:00Z
5199863,Kihumo Village || Antenna Array,13691749,pm25,µg/m³,20.0,2026-09-24T15:00:00Z
5199863,Kihumo Village || Antenna Array,13691749,pm25,µg/m³,22.1,2026-09-24T16:00:00Z
5199863,Kihumo Village || Antenna Array,13691749,pm25,µg/m³,21.7,2026-09-24T17:00:00Z
5199863,Kihumo Village || Antenna Array,13691749,pm25,µg/m³,25.5,2026-09-24T18:00:00Z
5199863,Kihumo Village || Antenna Array,13691749,pm25,µg/m³,10.8,2026-09-24T19:00:00Z
5199863,Kihumo Village || Antenna Array,13691749,pm25,µg/m³,6.6,2026-09-24T20:00:00Z
5199863,Kihumo Village || Antenna Array,13691750,relativehumidity,%,57.0,2026-07-31T21:00:00Z
5199863,Kihumo Village || Antenna Array,13691750,relativehumidity,%,58.0,2026-07-31T22:00:00Z
5199863,Kihumo Village || Antenna Array,13691750,relativehumidity,%,62.0,2026-07-31T23:00:00Z
5199863,Kihumo Village || Antenna Array,13691750,relativehumidity,%,64.0,2026-08-01T00:00:00Z
5199863,Kihumo Village || Antenna Array,13691750,relativehumidity,%,63.0,2026-08-01T01:00:00Z
5199863,Kihumo Village || Antenna Array,13691750,relativehumidity,%,63.0,2026-08-01T02:00:00Z
5199863,Kihumo Village || Antenna Array,13691750,relativehumidity,%,62.0,2026-08-01T03:00:00Z
5199863,Kihumo Village || Antenna Array,13691750,relativehumidity,%,61.0,2026-08-01T04:00:00Z
5199863,Kihumo Village || Antenna Array,13691750,relativehumidity,%,60.0,2026-08-01T05:00:00Z
5199863,Kihumo Village || Antenna Array,13691750,relativehumidity,%,57.0,2026-08-01T06:00:00Z
5199863,Kihumo Village || Antenna Array,13691750,relativehumidity,%,53.0,2026-08-01T07:00:00Z
5199863,Kihumo Village || Antenna Array,13691750,relativehumidity,%,45.0,2026-08-01T08:00:00Z
5199863,Kihumo Village || Antenna Array,13691750,relativehumidity,%,39.0,2026-08-01T09:00:00Z
5199863,Kihumo Village || Antenna Array,13691750,relativehumidity,%,37.0,2026-08-01T10:00:00Z
5199863,Kihumo Village || Antenna Array,13691750,relativehumidity,%,34.0,2026-08-01T11:00:00Z
5199863,Kihumo Village || Antenna Array,13691750,relativehumidity,%,37.0,2026-08-01T12:00:00Z
5199863,Kihumo Village || Antenna Array,13691750,relativehumidity,%,37.0,2026-08-01T13:00:00Z
5199863,Kihumo Village || Antenna Array,13691750,relativehumidity,%,45.0,2026-08-01T14:00:00Z
5199863,Kihumo Village || Antenna Array,13691750,relativehumidity,%,54.0,2026-08-01T15:00:00Z
5199863,Kihumo Village || Antenna Array,13691750,relativehumidity,%,57.0,2026-08-01T16:00:00Z
5199863,Kihumo Village || Antenna Array,13691750,relativehumidity,%,58.0,2026-08-01T17:00:00Z
5199863,Kihumo Village || Antenna Array,13691750,relativehumidity,%,59.0,2026-08-01T18:00:00Z
5199863,Kihumo Village || Antenna Array,13691750,relativehumidity,%,59.0,2026-08-01T19:00:00Z
5199863,Kihumo Village || Antenna Array,13691750,relativehumidity,%,59.0,2026-08-01T20:00:00Z
5199863,Kihumo Village || Antenna Array,13691750,relativehumidity,%,60.0,2026-08-01T21:00:00Z
5199863,Kihumo Village || Antenna Array,13691750,relativehumidity,%,61.0,2026-08-01T22:00:00Z
5199863,Kihumo Village || Antenna Array,13691750,relativehumidity,%,63.0,2026-08-01T23:00:00Z
5199863,Kihumo Village || Antenna Array,13691750,relativehumidity,%,64.0,2026-08-02T00:00:00Z
5199863,Kihumo Village || Antenna Array,13691750,relativehumidity,%,65.0,2026-08-02T01:00:00Z
5199863,Kihumo Village || Antenna Array,13691750,relativehumidity,%,65.0,2026-08-02T02:00:00Z
5199863,Kihumo Village || Antenna Array,13691750,relativehumidity,%,64.0,2026-08-02T03:00:00Z
5199863,Kihumo Village || Antenna Array,13691750,relativehumidity,%,63.0,2026-08-02T04:00:00Z
5199863,Kihumo Village || Antenna Array,13691750,relativehumidity,%,60.0,2026-08-02T05:00:00Z
5199863,Kihumo Village || Antenna Array,13691750,relativehumidity,%,55.0,2026-08-02T06:00:00Z
5199863,Kihumo Village || Antenna Array,13691750,relativehumidity,%,53.0,2026-08-02T07:00:00Z
5199863,Kihumo Village || Antenna Array,13691750,relativehumidity,%,45.0,2026-08-02T08:00:00Z
5199863,Kihumo Village || Antenna Array,13691750,relativehumidity,%,38.0,2026-08-02T09:00:00Z
5199863,Kihumo Village || Antenna Array,13691750,relativehumidity,%,37.0,2026-08-02T10:00:00Z
5199863,Kihumo Village || Antenna Array,13691750,relativehumidity,%,39.0,2026-08-02T11:00:00Z
5199863,Kihumo Village || Antenna Array,13691750,relativehumidity,%,34.0,2026-08-02T12:00:00Z
5199863,Kihumo Village || Antenna Array,13691750,relativehumidity,%,38.0,2026-08-02T13:00:00Z
5199863,Kihumo Village || Antenna Array,13691750,relativehumidity,%,36.0,2026-08-02T14:00:00Z
5199863,Kihumo Village || Antenna Array,13691750,relativehumidity,%,42.0,2026-08-02T15:00:00Z
5199863,Kihumo Village || Antenna Array,13691750,relativehumidity,%,48.0,2026-08-02T16:00:00Z
5199863,Kihumo Village || Antenna Array,13691750,relativehumidity,%,62.0,2026-08-02T17:00:00Z
5199863,Kihumo Village || Antenna Array,13691750,relativehumidity,%,69.0,2026-08-02T18:00:00Z
5199863,Kihumo Village || Antenna Array,13691750,relativehumidity,%,63.0,2026-08-02T19:00:00Z
5199863,Kihumo Village || Antenna Array,13691750,relativehumidity,%,58.0,2026-08-02T20:00:00Z
5199863,Kihumo Village || Antenna Array,13691750,relativehumidity,%,59.0,2026-08-02T21:00:00Z
5199863,Kihumo Village || Antenna Array,13691750,relativehumidity,%,62.0,2026-08-02T22:00:00Z
5199863,Kihumo Village || Antenna Array,13691750,relativehumidity,%,63.0,2026-08-02T23:00:00Z
5199863,Kihumo Village || Antenna Array,13691750,relativehumidity,%,64.0,2026-08-03T00:00:00Z
5199863,Kihumo Village || Antenna Array,13691750,relativehumidity,%,64.0,2026-08-03T01:00:00Z
5199863,Kihumo Village || Antenna Array,13691750,relativehumidity,%,64.0,2026-08-03T02:00:00Z
5199863,Kihumo Village || Antenna Array,13691750,relativehumidity,%,64.0,2026-08-03T03:00:00Z
5199863,Kihumo Village || Antenna Array,13691750,relativehumidity,%,62.0,2026-08-03T04:00:00Z
5199863,Kihumo Village || Antenna Array,13691750,relativehumidity,%,61.0,2026-08-03T05:00:00Z
5199863,Kihumo Village || Antenna Array,13691750,relativehumidity,%,58.0,2026-08-03T06:00:00Z
5199863,Kihumo Village || Antenna Array,13691750,relativehumidity,%,56.0,2026-08-03T07:00:00Z
5199863,Kihumo Village || Antenna Array,13691750,relativehumidity,%,49.0,2026-08-03T08:00:00Z
5199863,Kihumo Village || Antenna Array,13691750,relativehumidity,%,43.0,2026-08-03T09:00:00Z
5199863,Kihumo Village || Antenna Array,13691750,relativehumidity,%,40.0,2026-08-03T10:00:00Z
5199863,Kihumo Village || Antenna Array,13691750,relativehumidity,%,41.0,2026-08-03T11:00:00Z
5199863,Kihumo Village || Antenna Array,13691750,relativehumidity,%,41.0,2026-08-03T12:00:00Z
5199863,Kihumo Village || Antenna Array,13691750,relativehumidity,%,46.0,2026-08-03T13:00:00Z
5199863,Kihumo Village || Antenna Array,13691750,relativehumidity,%,50.0,2026-08-03T14:00:00Z
5199863,Kihumo Village || Antenna Array,13691750,relativehumidity,%,57.0,2026-08-03T15:00:00Z
5199863,Kihumo Village || Antenna Array,13691750,relativehumidity,%,57.0,2026-08-03T16:00:00Z
5199863,Kihumo Village || Antenna Array,13691750,relativehumidity,%,56.0,2026-08-03T17:00:00Z
5199863,Kihumo Village || Antenna Array,13691750,relativehumidity,%,60.0,2026-08-03T18:00:00Z
5199863,Kihumo Village || Antenna Array,13691750,relativehumidity,%,59.0,2026-08-03T19:00:00Z
5199863,Kihumo Village || Antenna Array,13691750,relativehumidity,%,60.0,2026-08-03T20:00:00Z
5199863,Kihumo Village || Antenna Array,13691750,relativehumidity,%,61.0,2026-08-03T21:00:00Z
5199863,Kihumo Village || Antenna Array,13691750,relativehumidity,%,64.0,2026-08-03T22:00:00Z
5199863,Kihumo Village || Antenna Array,13691750,relativehumidity,%,64.0,2026-08-03T23:00:00Z
5199863,Kihumo Village || Antenna Array,13691750,relativehumidity,%,62.0,2026-08-04T00:00:00Z
5199863,Kihumo Village || Antenna Array,13691750,relativehumidity,%,61.0,2026-08-04T01:00:00Z
5199863,Kihumo Village || Antenna Array,13691750,relativehumidity,%,63.0,2026-08-04T02:00:00Z
5199863,Kihumo Village || Antenna Array,13691750,relativehumidity,%,65.0,2026-08-04T03:00:00Z
5199863,Kihumo Village || Antenna Array,13691750,relativehumidity,%,64.0,2026-08-04T04:00:00Z
5199863,Kihumo Village || Antenna Array,13691750,relativehumidity,%,59.0,2026-08-04T05:00:00Z
5199863,Kihumo Village || Antenna Array,13691750,relativehumidity,%,56.0,2026-08-04T06:00:00Z
5199863,Kihumo Village || Antenna Array,13691750,relativehumidity,%,54.0,2026-08-04T07:00:00Z
5199863,Kihumo Village || Antenna Array,13691750,relativehumidity,%,53.0,2026-08-04T08:00:00Z
5199863,Kihumo Village || Antenna Array,13691750,relativehumidity,%,52.0,2026-08-04T09:00:00Z
5199863,Kihumo Village || Antenna Array,13691750,relativehumidity,%,51.0,2026-08-04T10:00:00Z
5199863,Kihumo Village || Antenna Array,13691750,relativehumidity,%,50.0,2026-08-04T11:00:00Z
5199863,Kihumo Village || Antenna Array,13691750,relativehumidity,%,51.0,2026-08-04T12:00:00Z
5199863,Kihumo Village || Antenna Array,13691750,relativehumidity,%,54.0,2026-08-04T13:00:00Z
5199863,Kihumo Village || Antenna Array,13691750,relativehumidity,%,56.0,2026-08-04T14:00:00Z
5199863,Kihumo Village || Antenna Array,13691750,relativehumidity,%,58.0,2026-08-04T15:00:00Z
5199863,Kihumo Village || Antenna Array,13691750,relativehumidity,%,57.0,2026-08-04T16:00:00Z
5199863,Kihumo Village || Antenna Array,13691750,relativehumidity,%,58.0,2026-08-04T17:00:00Z
5199863,Kihumo Village || Antenna Array,13691750,relativehumidity,%,57.0,2026-08-04T18:00:00Z
5199863,Kihumo Village || Antenna Array,13691750,relativehumidity,%,58.0,2026-08-04T19:00:00Z
5199863,Kihumo Village || Antenna Array,13691750,relativehumidity,%,57.0,2026-08-04T20:00:00Z
5199863,Kihumo Village || Antenna Array,13691750,relativehumidity,%,60.0,2026-08-04T21:00:00Z
5199863,Kihumo Village || Antenna Array,13691750,relativehumidity,%,60.0,2026-08-04T22:00:00Z
5199863,Kihumo Village || Antenna Array,13691750,relativehumidity,%,60.0,2026-08-04T23:00:00Z
5199863,Kihumo Village || Antenna Array,13691750,relativehumidity,%,61.0,2026-08-05T00:00:00Z
5199863,Kihumo Village || Antenna Array,13691750,relativehumidity,%,61.0,2026-08-05T01:00:00Z
5199863,Kihumo Village || Antenna Array,13691750,relativehumidity,%,63.0,2026-08-05T02:00:00Z
5199863,Kihumo Village || Antenna Array,13691750,relativehumidity,%,64.0,2026-08-05T03:00:00Z
5199863,Kihumo Village || Antenna Array,13691750,relativehumidity,%,63.0,2026-08-05T04:00:00Z
5199863,Kihumo Village || Antenna Array,13691750,relativehumidity,%,55.0,2026-08-05T05:00:00Z
5199863,Kihumo Village || Antenna Array,13691750,relativehumidity,%,43.0,2026-08-05T06:00:00Z
5199863,Kihumo Village || Antenna Array,13691750,relativehumidity,%,34.0,2026-08-05T07:00:00Z
5199863,Kihumo Village || Antenna Array,13691750,relativehumidity,%,33.0,2026-08-05T08:00:00Z
5199863,Kihumo Village || Antenna Array,13691750,relativehumidity,%,26.0,2026-08-05T10:00:00Z
5199863,Kihumo Village || Antenna Array,13691750,relativehumidity,%,26.0,2026-08-05T11:00:00Z
5199863,Kihumo Village || Antenna Array,13691750,relativehumidity,%,70.0,2026-08-05T18:00:00Z
5199863,Kihumo Village || Antenna Array,13691750,relativehumidity,%,58.0,2026-08-05T19:00:00Z
5199863,Kihumo Village || Antenna Array,13691750,relativehumidity,%,57.0,2026-08-05T20:00:00Z
5199863,Kihumo Village || Antenna Array,13691750,relativehumidity,%,60.0,2026-08-05T21:00:00Z
5199863,Kihumo Village || Antenna Array,13691750,relativehumidity,%,61.0,2026-08-05T22:00:00Z
5199863,Kihumo Village || Antenna Array,13691750,relativehumidity,%,60.0,2026-08-05T23:00:00Z
5199863,Kihumo Village || Antenna Array,13691750,relativehumidity,%,59.0,2026-08-06T00:00:00Z
5199863,Kihumo Village || Antenna Array,13691750,relativehumidity,%,59.0,2026-08-06T01:00:00Z
5199863,Kihumo Village || Antenna Array,13691750,relativehumidity,%,58.0,2026-08-06T02:00:00Z
5199863,Kihumo Village || Antenna Array,13691750,relativehumidity,%,59.0,2026-08-06T03:00:00Z
5199863,Kihumo Village || Antenna Array,13691750,relativehumidity,%,57.0,2026-08-06T04:00:00Z
5199863,Kihumo Village || Antenna Array,13691750,relativehumidity,%,52.0,2026-08-06T05:00:00Z
5199863,Kihumo Village || Antenna Array,13691750,relativehumidity,%,46.0,2026-08-06T06:00:00Z
5199863,Kihumo Village || Antenna Array,13691750,relativehumidity,%,41.0,2026-08-06T07:00:00Z
5199863,Kihumo Village || Antenna Array,13691750,relativehumidity,%,40.0,2026-08-06T08:00:00Z
5199863,Kihumo Village || Antenna Array,13691750,relativehumidity,%,36.0,2026-08-06T09:00:00Z
5199863,Kihumo Village || Antenna Array,13691750,relativehumidity,%,33.0,2026-08-06T10:00:00Z
5199863,Kihumo Village || Antenna Array,13691750,relativehumidity,%,31.0,2026-08-06T11:00:00Z
5199863,Kihumo Village || Antenna Array,13691750,relativehumidity,%,29.0,2026-08-06T12:00:00Z
5199863,Kihumo Village || Antenna Array,13691750,relativehumidity,%,33.0,2026-08-06T13:00:00Z
5199863,Kihumo Village || Antenna Array,13691750,relativehumidity,%,35.0,2026-08-06T14:00:00Z
5199863,Kihumo Village || Antenna Array,13691750,relativehumidity,%,49.0,2026-08-06T15:00:00Z
5199863,Kihumo Village || Antenna Array,13691750,relativehumidity,%,52.0,2026-08-06T16:00:00Z
5199863,Kihumo Village || Antenna Array,13691750,relativehumidity,%,53.0,2026-08-06T17:00:00Z
5199863,Kihumo Village || Antenna Array,13691750,relativehumidity,%,53.0,2026-08-06T18:00:00Z
5199863,Kihumo Village || Antenna Array,13691750,relativehumidity,%,53.0,2026-08-06T19:00:00Z
5199863,Kihumo Village || Antenna Array,13691750,relativehumidity,%,53.0,2026-08-06T20:00:00Z
5199863,Kihumo Village || Antenna Array,13691750,relativehumidity,%,54.0,2026-08-06T21:00:00Z
5199863,Kihumo Village || Antenna Array,13691750,relativehumidity,%,55.0,2026-08-06T22:00:00Z
5199863,Kihumo Village || Antenna Array,13691750,relativehumidity,%,56.0,2026-08-06T23:00:00Z
5199863,Kihumo Village || Antenna Array,13691750,relativehumidity,%,57.0,2026-08-07T00:00:00Z
5199863,Kihumo Village || Antenna Array,13691750,relativehumidity,%,59.0,2026-08-07T01:00:00Z
5199863,Kihumo Village || Antenna Array,13691750,relativehumidity,%,60.0,2026-08-07T02:00:00Z
5199863,Kihumo Village || Antenna Array,13691750,relativehumidity,%,60.0,2026-08-07T03:00:00Z
5199863,Kihumo Village || Antenna Array,13691750,relativehumidity,%,59.0,2026-08-07T04:00:00Z
5199863,Kihumo Village || Antenna Array,13691750,relativehumidity,%,55.0,2026-08-07T05:00:00Z
5199863,Kihumo Village || Antenna Array,13691750,relativehumidity,%,46.0,2026-08-07T06:00:00Z
5199863,Kihumo Village || Antenna Array,13691750,relativehumidity,%,44.0,2026-08-07T07:00:00Z
5199863,Kihumo Village || Antenna Array,13691750,relativehumidity,%,42.0,2026-08-07T08:00:00Z
5199863,Kihumo Village || Antenna Array,13691750,relativehumidity,%,38.0,2026-08-07T09:00:00Z
5199863,Kihumo Village || Antenna Array,13691750,relativehumidity,%,35.0,2026-08-07T10:00:00Z
5199863,Kihumo Village || Antenna Array,13691750,relativehumidity,%,31.0,2026-08-07T11:00:00Z
5199863,Kihumo Village || Antenna Array,13691750,relativehumidity,%,30.0,2026-08-07T12:00:00Z
5199863,Kihumo Village || Antenna Array,13691750,relativehumidity,%,34.0,2026-08-07T13:00:00Z
5199863,Kihumo Village || Antenna Array,13691750,relativehumidity,%,36.0,2026-08-07T14:00:00Z
5199863,Kihumo Village || Antenna Array,13691750,relativehumidity,%,43.0,2026-08-07T15:00:00Z
5199863,Kihumo Village || Antenna Array,13691750,relativehumidity,%,47.0,2026-08-07T16:00:00Z
5199863,Kihumo Village || Antenna Array,13691750,relativehumidity,%,48.0,2026-08-07T17:00:00Z
5199863,Kihumo Village || Antenna Array,13691750,relativehumidity,%,49.0,2026-08-07T18:00:00Z
5199863,Kihumo Village || Antenna Array,13691750,relativehumidity,%,51.0,2026-08-07T19:00:00Z
5199863,Kihumo Village || Antenna Array,13691750,relativehumidity,%,52.0,2026-08-07T20:00:00Z
5199863,Kihumo Village || Antenna Array,13691750,relativehumidity,%,53.0,2026-08-07T21:00:00Z
5199863,Kihumo Village || Antenna Array,13691750,relativehumidity,%,55.0,2026-08-07T22:00:00Z
5199863,Kihumo Village || Antenna Array,13691750,relativehumidity,%,56.0,2026-08-07T23:00:00Z
5199863,Kihumo Village || Antenna Array,13691750,relativehumidity,%,58.0,2026-08-08T00:00:00Z
5199863,Kihumo Village || Antenna Array,13691750,relativehumidity,%,59.0,2026-08-08T01:00:00Z
5199863,Kihumo Village || Antenna Array,13691750,relativehumidity,%,59.0,2026-08-08T02:00:00Z
5199863,Kihumo Village || Antenna Array,13691750,relativehumidity,%,60.0,2026-08-08T03:00:00Z
5199863,Kihumo Village || Antenna Array,13691750,relativehumidity,%,60.0,2026-08-08T04:00:00Z
5199863,Kihumo Village || Antenna Array,13691750,relativehumidity,%,58.0,2026-08-08T05:00:00Z
5199863,Kihumo Village || Antenna Array,13691750,relativehumidity,%,52.0,2026-08-08T06:00:00Z
5199863,Kihumo Village || Antenna Array,13691750,relativehumidity,%,56.0,2026-08-08T07:00:00Z
5199863,Kihumo Village || Antenna Array,13691750,relativehumidity,%,44.0,2026-08-08T08:00:00Z
5199863,Kihumo Village || Antenna Array,13691750,relativehumidity,%,39.0,2026-08-08T09:00:00Z
5199863,Kihumo Village || Antenna Array,13691750,relativehumidity,%,36.0,2026-08-08T10:00:00Z
5199863,Kihumo Village || Antenna Array,13691750,relativehumidity,%,31.0,2026-08-08T11:00:00Z
5199863,Kihumo Village || Antenna Array,13691750,relativehumidity,%,30.0,2026-08-08T12:00:00Z
5199863,Kihumo Village || Antenna Array,13691750,relativehumidity,%,30.0,2026-08-08T13:00:00Z
5199863,Kihumo Village || Antenna Array,13691750,relativehumidity,%,35.0,2026-08-08T14:00:00Z
5199863,Kihumo Village || Antenna Array,13691750,relativehumidity,%,44.0,2026-08-08T15:00:00Z
5199863,Kihumo Village || Antenna Array,13691750,relativehumidity,%,52.0,2026-08-08T16:00:00Z
5199863,Kihumo Village || Antenna Array,13691750,relativehumidity,%,54.0,2026-08-08T17:00:00Z
5199863,Kihumo Village || Antenna Array,13691750,relativehumidity,%,57.0,2026-08-08T18:00:00Z
5199863,Kihumo Village || Antenna Array,13691750,relativehumidity,%,57.0,2026-08-08T19:00:00Z
5199863,Kihumo Village || Antenna Array,13691750,relativehumidity,%,58.0,2026-08-08T20:00:00Z
5199863,Kihumo Village || Antenna Array,13691750,relativehumidity,%,60.0,2026-08-08T21:00:00Z
5199863,Kihumo Village || Antenna Array,13691750,relativehumidity,%,61.0,2026-08-08T22:00:00Z
5199863,Kihumo Village || Antenna Array,13691750,relativehumidity,%,61.0,2026-08-08T23:00:00Z
5199863,Kihumo Village || Antenna Array,13691750,relativehumidity,%,62.0,2026-08-09T00:00:00Z
5199863,Kihumo Village || Antenna Array,13691750,relativehumidity,%,62.0,2026-08-09T01:00:00Z
5199863,Kihumo Village || Antenna Array,13691750,relativehumidity,%,62.0,2026-08-09T02:00:00Z
5199863,Kihumo Village || Antenna Array,13691750,relativehumidity,%,62.0,2026-08-09T03:00:00Z
5199863,Kihumo Village || Antenna Array,13691750,relativehumidity,%,61.0,2026-08-09T04:00:00Z
5199863,Kihumo Village || Antenna Array,13691750,relativehumidity,%,39.0,2026-08-09T12:00:00Z
5199863,Kihumo Village || Antenna Array,13691750,relativehumidity,%,37.0,2026-08-09T13:00:00Z
5199863,Kihumo Village || Antenna Array,13691750,relativehumidity,%,39.0,2026-08-09T14:00:00Z
5199863,Kihumo Village || Antenna Array,13691750,relativehumidity,%,46.0,2026-08-09T15:00:00Z
5199863,Kihumo Village || Antenna Array,13691750,relativehumidity,%,52.0,2026-08-09T16:00:00Z
5199863,Kihumo Village || Antenna Array,13691750,relativehumidity,%,53.0,2026-08-09T17:00:00Z
5199863,Kihumo Village || Antenna Array,13691750,relativehumidity,%,54.0,2026-08-09T18:00:00Z
5199863,Kihumo Village || Antenna Array,13691750,relativehumidity,%,57.0,2026-08-09T19:00:00Z
5199863,Kihumo Village || Antenna Array,13691750,relativehumidity,%,61.0,2026-08-09T20:00:00Z
5199863,Kihumo Village || Antenna Array,13691750,relativehumidity,%,63.0,2026-08-09T21:00:00Z
5199863,Kihumo Village || Antenna Array,13691750,relativehumidity,%,62.0,2026-08-09T22:00:00Z
5199863,Kihumo Village || Antenna Array,13691750,relativehumidity,%,64.0,2026-08-09T23:00:00Z
5199863,Kihumo Village || Antenna Array,13691750,relativehumidity,%,65.0,2026-08-10T00:00:00Z
5199863,Kihumo Village || Antenna Array,13691750,relativehumidity,%,65.0,2026-08-10T01:00:00Z
5199863,Kihumo Village || Antenna Array,13691750,relativehumidity,%,64.0,2026-08-10T02:00:00Z
5199863,Kihumo Village || Antenna Array,13691750,relativehumidity,%,63.0,2026-08-10T03:00:00Z
5199863,Kihumo Village || Antenna Array,13691750,relativehumidity,%,62.0,2026-08-10T04:00:00Z
5199863,Kihumo Village || Antenna Array,13691750,relativehumidity,%,57.0,2026-08-10T05:00:00Z
5199863,Kihumo Village || Antenna Array,13691750,relativehumidity,%,53.0,2026-08-10T06:00:00Z
5199863,Kihumo Village || Antenna Array,13691750,relativehumidity,%,45.0,2026-08-10T07:00:00Z
5199863,Kihumo Village || Antenna Array,13691750,relativehumidity,%,40.0,2026-08-10T08:00:00Z
5199863,Kihumo Village || Antenna Array,13691750,relativehumidity,%,36.0,2026-08-10T09:00:00Z
5199863,Kihumo Village || Antenna Array,13691750,relativehumidity,%,32.0,2026-08-10T10:00:00Z
5199863,Kihumo Village || Antenna Array,13691750,relativehumidity,%,29.0,2026-08-10T11:00:00Z
5199863,Kihumo Village || Antenna Array,13691750,relativehumidity,%,26.0,2026-08-10T12:00:00Z
5199863,Kihumo Village || Antenna Array,13691750,relativehumidity,%,26.0,2026-08-10T13:00:00Z
5199863,Kihumo Village || Antenna Array,13691750,relativehumidity,%,31.0,2026-08-10T14:00:00Z
5199863,Kihumo Village || Antenna Array,13691750,relativehumidity,%,38.0,2026-08-10T15:00:00Z
5199863,Kihumo Village || Antenna Array,13691750,relativehumidity,%,43.0,2026-08-10T16:00:00Z
5199863,Kihumo Village || Antenna Array,13691750,relativehumidity,%,44.0,2026-08-10T17:00:00Z
5199863,Kihumo Village || Antenna Array,13691750,relativehumidity,%,48.0,2026-08-10T18:00:00Z
5199863,Kihumo Village || Antenna Array,13691750,relativehumidity,%,49.0,2026-08-10T19:00:00Z
5199863,Kihumo Village || Antenna Array,13691750,relativehumidity,%,53.0,2026-08-10T20:00:00Z
5199863,Kihumo Village || Antenna Array,13691750,relativehumidity,%,56.0,2026-08-10T21:00:00Z
5199863,Kihumo Village || Antenna Array,13691750,relativehumidity,%,60.0,2026-08-10T22:00:00Z
5199863,Kihumo Village || Antenna Array,13691750,relativehumidity,%,62.0,2026-08-10T23:00:00Z
5199863,Kihumo Village || Antenna Array,13691750,relativehumidity,%,65.0,2026-08-11T00:00:00Z
5199863,Kihumo Village || Antenna Array,13691750,relativehumidity,%,65.0,2026-08-11T01:00:00Z
5199863,Kihumo Village || Antenna Array,13691750,relativehumidity,%,62.0,2026-08-11T02:00:00Z
5199863,Kihumo Village || Antenna Array,13691750,relativehumidity,%,62.0,2026-08-11T03:00:00Z
5199863,Kihumo Village || Antenna Array,13691750,relativehumidity,%,61.0,2026-08-11T04:00:00Z
5199863,Kihumo Village || Antenna Array,13691750,relativehumidity,%,57.0,2026-08-11T05:00:00Z
5199863,Kihumo Village || Antenna Array,13691750,relativehumidity,%,48.0,2026-08-11T06:00:00Z
5199863,Kihumo Village || Antenna Array,13691750,relativehumidity,%,41.0,2026-08-11T07:00:00Z
5199863,Kihumo Village || Antenna Array,13691750,relativehumidity,%,34.0,2026-08-11T08:00:00Z
5199863,Kihumo Village || Antenna Array,13691750,relativehumidity,%,33.0,2026-08-11T09:00:00Z
5199863,Kihumo Village || Antenna Array,13691750,relativehumidity,%,31.0,2026-08-11T10:00:00Z
5199863,Kihumo Village || Antenna Array,13691750,relativehumidity,%,27.0,2026-08-11T11:00:00Z
5199863,Kihumo Village || Antenna Array,13691750,relativehumidity,%,46.0,2026-08-11T15:00:00Z
5199863,Kihumo Village || Antenna Array,13691750,relativehumidity,%,43.0,2026-08-11T16:00:00Z
5199863,Kihumo Village || Antenna Array,13691750,relativehumidity,%,45.0,2026-08-11T17:00:00Z
5199863,Kihumo Village || Antenna Array,13691750,relativehumidity,%,47.0,2026-08-11T18:00:00Z
5199863,Kihumo Village || Antenna Array,13691750,relativehumidity,%,52.0,2026-08-11T19:00:00Z
5199863,Kihumo Village || Antenna Array,13691750,relativehumidity,%,51.0,2026-08-11T20:00:00Z
5199863,Kihumo Village || Antenna Array,13691750,relativehumidity,%,53.0,2026-08-11T21:00:00Z
5199863,Kihumo Village || Antenna Array,13691750,relativehumidity,%,55.0,2026-08-11T22:00:00Z
5199863,Kihumo Village || Antenna Array,13691750,relativehumidity,%,58.0,2026-08-11T23:00:00Z
5199863,Kihumo Village || Antenna Array,13691750,relativehumidity,%,60.0,2026-08-12T00:00:00Z
5199863,Kihumo Village || Antenna Array,13691750,relativehumidity,%,61.0,2026-08-12T01:00:00Z
5199863,Kihumo Village || Antenna Array,13691750,relativehumidity,%,62.0,2026-08-12T02:00:00Z
5199863,Kihumo Village || Antenna Array,13691750,relativehumidity,%,63.0,2026-08-12T03:00:00Z
5199863,Kihumo Village || Antenna Array,13691750,relativehumidity,%,63.0,2026-08-12T04:00:00Z
5199863,Kihumo Village || Antenna Array,13691750,relativehumidity,%,53.0,2026-08-12T05:00:00Z
5199863,Kihumo Village || Antenna Array,13691750,relativehumidity,%,39.0,2026-08-12T06:00:00Z
5199863,Kihumo Village || Antenna Array,13691750,relativehumidity,%,32.0,2026-08-12T07:00:00Z
5199863,Kihumo Village || Antenna Array,13691750,relativehumidity,%,31.0,2026-08-12T08:00:00Z
5199863,Kihumo Village || Antenna Array,13691750,relativehumidity,%,31.0,2026-08-12T09:00:00Z
5199863,Kihumo Village || Antenna Array,13691750,relativehumidity,%,29.0,2026-08-12T10:00:00Z
5199863,Kihumo Village || Antenna Array,13691750,relativehumidity,%,27.0,2026-08-12T11:00:00Z
5199863,Kihumo Village || Antenna Array,13691750,relativehumidity,%,27.0,2026-08-12T12:00:00Z
5199863,Kihumo Village || Antenna Array,13691750,relativehumidity,%,29.0,2026-08-12T13:00:00Z
5199863,Kihumo Village || Antenna Array,13691750,relativehumidity,%,34.0,2026-08-12T14:00:00Z
5199863,Kihumo Village || Antenna Array,13691750,relativehumidity,%,40.0,2026-08-12T15:00:00Z
5199863,Kihumo Village || Antenna Array,13691750,relativehumidity,%,43.0,2026-08-12T16:00:00Z
5199863,Kihumo Village || Antenna Array,13691750,relativehumidity,%,46.0,2026-08-12T17:00:00Z
5199863,Kihumo Village || Antenna Array,13691750,relativehumidity,%,48.0,2026-08-12T18:00:00Z
5199863,Kihumo Village || Antenna Array,13691750,relativehumidity,%,52.0,2026-08-12T19:00:00Z
5199863,Kihumo Village || Antenna Array,13691750,relativehumidity,%,54.0,2026-08-12T20:00:00Z
5199863,Kihumo Village || Antenna Array,13691750,relativehumidity,%,57.0,2026-08-12T21:00:00Z
5199863,Kihumo Village || Antenna Array,13691750,relativehumidity,%,60.0,2026-08-12T22:00:00Z
5199863,Kihumo Village || Antenna Array,13691750,relativehumidity,%,61.0,2026-08-12T23:00:00Z
5199863,Kihumo Village || Antenna Array,13691750,relativehumidity,%,62.0,2026-08-13T00:00:00Z
5199863,Kihumo Village || Antenna Array,13691750,relativehumidity,%,63.0,2026-08-13T01:00:00Z
5199863,Kihumo Village || Antenna Array,13691750,relativehumidity,%,64.0,2026-08-13T02:00:00Z
5199863,Kihumo Village || Antenna Array,13691750,relativehumidity,%,65.0,2026-08-13T03:00:00Z
5199863,Kihumo Village || Antenna Array,13691750,relativehumidity,%,64.0,2026-08-13T04:00:00Z
5199863,Kihumo Village || Antenna Array,13691750,relativehumidity,%,54.0,2026-08-13T05:00:00Z
5199863,Kihumo Village || Antenna Array,13691750,relativehumidity,%,38.0,2026-08-13T06:00:00Z
5199863,Kihumo Village || Antenna Array,13691750,relativehumidity,%,30.0,2026-08-13T07:00:00Z
5199863,Kihumo Village || Antenna Array,13691750,relativehumidity,%,25.0,2026-08-13T08:00:00Z
5199863,Kihumo Village || Antenna Array,13691750,relativehumidity,%,25.0,2026-08-13T09:00:00Z
5199863,Kihumo Village || Antenna Array,13691750,relativehumidity,%,23.0,2026-08-13T10:00:00Z
5199863,Kihumo Village || Antenna Array,13691750,relativehumidity,%,20.0,2026-08-13T11:00:00Z
5199863,Kihumo Village || Antenna Array,13691750,relativehumidity,%,20.0,2026-08-13T12:00:00Z
5199863,Kihumo Village || Antenna Array,13691750,relativehumidity,%,20.0,2026-08-13T13:00:00Z
5199863,Kihumo Village || Antenna Array,13691750,relativehumidity,%,25.0,2026-08-13T14:00:00Z
5199863,Kihumo Village || Antenna Array,13691750,relativehumidity,%,33.0,2026-08-13T15:00:00Z
5199863,Kihumo Village || Antenna Array,13691750,relativehumidity,%,36.0,2026-08-13T16:00:00Z
5199863,Kihumo Village || Antenna Array,13691750,relativehumidity,%,42.0,2026-08-13T17:00:00Z
5199863,Kihumo Village || Antenna Array,13691750,relativehumidity,%,46.0,2026-08-13T18:00:00Z
5199863,Kihumo Village || Antenna Array,13691750,relativehumidity,%,48.0,2026-08-13T19:00:00Z
5199863,Kihumo Village || Antenna Array,13691750,relativehumidity,%,28.0,2026-08-14T11:00:00Z
5199863,Kihumo Village || Antenna Array,13691750,relativehumidity,%,25.0,2026-08-14T13:00:00Z
5199863,Kihumo Village || Antenna Array,13691750,relativehumidity,%,55.0,2026-08-15T16:00:00Z
5199863,Kihumo Village || Antenna Array,13691750,relativehumidity,%,58.0,2026-08-15T19:00:00Z
5199863,Kihumo Village || Antenna Array,13691750,relativehumidity,%,64.0,2026-08-16T08:00:00Z
5199863,Kihumo Village || Antenna Array,13691750,relativehumidity,%,63.0,2026-08-16T09:00:00Z
5199863,Kihumo Village || Antenna Array,13691750,relativehumidity,%,59.0,2026-08-16T10:00:00Z
5199863,Kihumo Village || Antenna Array,13691750,relativehumidity,%,55.0,2026-08-16T11:00:00Z
5199863,Kihumo Village || Antenna Array,13691750,relativehumidity,%,51.0,2026-08-16T12:00:00Z
5199863,Kihumo Village || Antenna Array,13691750,relativehumidity,%,51.0,2026-08-16T13:00:00Z
5199863,Kihumo Village || Antenna Array,13691750,relativehumidity,%,53.0,2026-08-16T14:00:00Z
5199863,Kihumo Village || Antenna Array,13691750,relativehumidity,%,60.0,2026-08-16T15:00:00Z
5199863,Kihumo Village || Antenna Array,13691750,relativehumidity,%,64.0,2026-08-16T16:00:00Z
5199863,Kihumo Village || Antenna Array,13691750,relativehumidity,%,64.0,2026-08-16T17:00:00Z
5199863,Kihumo Village || Antenna Array,13691750,relativehumidity,%,64.0,2026-08-16T18:00:00Z
5199863,Kihumo Village || Antenna Array,13691750,relativehumidity,%,63.0,2026-08-16T19:00:00Z
5199863,Kihumo Village || Antenna Array,13691750,relativehumidity,%,63.0,2026-08-16T20:00:00Z
5199863,Kihumo Village || Antenna Array,13691750,relativehumidity,%,59.0,2026-08-17T06:00:00Z
5199863,Kihumo Village || Antenna Array,13691750,relativehumidity,%,57.0,2026-08-17T07:00:00Z
5199863,Kihumo Village || Antenna Array,13691750,relativehumidity,%,53.0,2026-08-17T08:00:00Z
5199863,Kihumo Village || Antenna Array,13691750,relativehumidity,%,52.0,2026-08-17T09:00:00Z
5199863,Kihumo Village || Antenna Array,13691750,relativehumidity,%,42.0,2026-08-17T10:00:00Z
5199863,Kihumo Village || Antenna Array,13691750,relativehumidity,%,39.0,2026-08-17T11:00:00Z
5199863,Kihumo Village || Antenna Array,13691750,relativehumidity,%,42.0,2026-08-17T12:00:00Z
5199863,Kihumo Village || Antenna Array,13691750,relativehumidity,%,45.0,2026-08-17T13:00:00Z
5199863,Kihumo Village || Antenna Array,13691750,relativehumidity,%,46.0,2026-08-17T14:00:00Z
5199863,Kihumo Village || Antenna Array,13691750,relativehumidity,%,52.0,2026-08-17T15:00:00Z
5199863,Kihumo Village || Antenna Array,13691750,relativehumidity,%,57.0,2026-08-17T16:00:00Z
5199863,Kihumo Village || Antenna Array,13691750,relativehumidity,%,56.0,2026-08-17T17:00:00Z
5199863,Kihumo Village || Antenna Array,13691750,relativehumidity,%,57.0,2026-08-17T18:00:00Z
5199863,Kihumo Village || Antenna Array,13691750,relativehumidity,%,57.0,2026-08-17T19:00:00Z
5199863,Kihumo Village || Antenna Array,13691750,relativehumidity,%,58.0,2026-08-17T20:00:00Z
5199863,Kihumo Village || Antenna Array,13691750,relativehumidity,%,57.0,2026-08-17T21:00:00Z
5199863,Kihumo Village || Antenna Array,13691750,relativehumidity,%,58.0,2026-08-17T22:00:00Z
5199863,Kihumo Village || Antenna Array,13691750,relativehumidity,%,58.0,2026-08-17T23:00:00Z
5199863,Kihumo Village || Antenna Array,13691750,relativehumidity,%,59.0,2026-08-18T00:00:00Z
5199863,Kihumo Village || Antenna Array,13691750,relativehumidity,%,60.0,2026-08-18T01:00:00Z
5199863,Kihumo Village || Antenna Array,13691750,relativehumidity,%,61.0,2026-08-18T02:00:00Z
5199863,Kihumo Village || Antenna Array,13691750,relativehumidity,%,64.0,2026-08-18T03:00:00Z
5199863,Kihumo Village || Antenna Array,13691750,relativehumidity,%,65.0,2026-08-18T04:00:00Z
5199863,Kihumo Village || Antenna Array,13691750,relativehumidity,%,65.0,2026-08-18T05:00:00Z
5199863,Kihumo Village || Antenna Array,13691750,relativehumidity,%,65.0,2026-08-18T06:00:00Z
5199863,Kihumo Village || Antenna Array,13691750,relativehumidity,%,63.0,2026-08-18T07:00:00Z
5199863,Kihumo Village || Antenna Array,13691750,relativehumidity,%,58.0,2026-08-18T08:00:00Z
5199863,Kihumo Village || Antenna Array,13691750,relativehumidity,%,51.0,2026-08-18T09:00:00Z
5199863,Kihumo Village || Antenna Array,13691750,relativehumidity,%,56.0,2026-08-18T10:00:00Z
5199863,Kihumo Village || Antenna Array,13691750,relativehumidity,%,57.0,2026-08-18T11:00:00Z
5199863,Kihumo Village || Antenna Array,13691750,relativehumidity,%,50.0,2026-08-18T12:00:00Z
5199863,Kihumo Village || Antenna Array,13691750,relativehumidity,%,45.0,2026-08-18T13:00:00Z
5199863,Kihumo Village || Antenna Array,13691750,relativehumidity,%,48.0,2026-08-18T14:00:00Z
5199863,Kihumo Village || Antenna Array,13691750,relativehumidity,%,56.0,2026-08-18T15:00:00Z
5199863,Kihumo Village || Antenna Array,13691750,relativehumidity,%,60.0,2026-08-18T16:00:00Z
5199863,Kihumo Village || Antenna Array,13691750,relativehumidity,%,59.0,2026-08-18T17:00:00Z
5199863,Kihumo Village || Antenna Array,13691750,relativehumidity,%,59.0,2026-08-18T18:00:00Z
5199863,Kihumo Village || Antenna Array,13691750,relativehumidity,%,62.0,2026-08-18T19:00:00Z
5199863,Kihumo Village || Antenna Array,13691750,relativehumidity,%,65.0,2026-08-18T20:00:00Z
5199863,Kihumo Village || Antenna Array,13691750,relativehumidity,%,65.0,2026-08-18T21:00:00Z
5199863,Kihumo Village || Antenna Array,13691750,relativehumidity,%,66.0,2026-08-18T22:00:00Z
5199863,Kihumo Village || Antenna Array,13691750,relativehumidity,%,66.0,2026-08-18T23:00:00Z
5199863,Kihumo Village || Antenna Array,13691750,relativehumidity,%,65.0,2026-08-19T00:00:00Z
5199863,Kihumo Village || Antenna Array,13691750,relativehumidity,%,66.0,2026-08-19T01:00:00Z
5199863,Kihumo Village || Antenna Array,13691750,relativehumidity,%,65.0,2026-08-19T02:00:00Z
5199863,Kihumo Village || Antenna Array,13691750,relativehumidity,%,65.0,2026-08-19T03:00:00Z
5199863,Kihumo Village || Antenna Array,13691750,relativehumidity,%,66.0,2026-08-19T04:00:00Z
5199863,Kihumo Village || Antenna Array,13691750,relativehumidity,%,65.0,2026-08-19T05:00:00Z
5199863,Kihumo Village || Antenna Array,13691750,relativehumidity,%,65.0,2026-08-19T06:00:00Z
5199863,Kihumo Village || Antenna Array,13691750,relativehumidity,%,61.0,2026-08-19T07:00:00Z
5199863,Kihumo Village || Antenna Array,13691750,relativehumidity,%,61.0,2026-08-19T08:00:00Z
5199863,Kihumo Village || Antenna Array,13691750,relativehumidity,%,54.0,2026-08-19T09:00:00Z
5199863,Kihumo Village || Antenna Array,13691750,relativehumidity,%,48.0,2026-08-19T10:00:00Z
5199863,Kihumo Village || Antenna Array,13691750,relativehumidity,%,43.0,2026-08-19T11:00:00Z
5199863,Kihumo Village || Antenna Array,13691750,relativehumidity,%,37.0,2026-08-19T12:00:00Z
5199863,Kihumo Village || Antenna Array,13691750,relativehumidity,%,37.0,2026-08-19T13:00:00Z
5199863,Kihumo Village || Antenna Array,13691750,relativehumidity,%,44.0,2026-08-19T14:00:00Z
5199863,Kihumo Village || Antenna Array,13691750,relativehumidity,%,49.0,2026-08-19T15:00:00Z
5199863,Kihumo Village || Antenna Array,13691750,relativehumidity,%,52.0,2026-08-19T16:00:00Z
5199863,Kihumo Village || Antenna Array,13691750,relativehumidity,%,54.0,2026-08-19T17:00:00Z
5199863,Kihumo Village || Antenna Array,13691750,relativehumidity,%,56.0,2026-08-19T18:00:00Z
5199863,Kihumo Village || Antenna Array,13691750,relativehumidity,%,60.0,2026-08-19T19:00:00Z
5199863,Kihumo Village || Antenna Array,13691750,relativehumidity,%,62.0,2026-08-19T20:00:00Z
5199863,Kihumo Village || Antenna Array,13691750,relativehumidity,%,59.0,2026-08-19T21:00:00Z
5199863,Kihumo Village || Antenna Array,13691750,relativehumidity,%,61.0,2026-08-19T22:00:00Z
5199863,Kihumo Village || Antenna Array,13691750,relativehumidity,%,60.0,2026-08-19T23:00:00Z
5199863,Kihumo Village || Antenna Array,13691750,relativehumidity,%,60.0,2026-08-20T00:00:00Z
5199863,Kihumo Village || Antenna Array,13691750,relativehumidity,%,59.0,2026-08-20T01:00:00Z
5199863,Kihumo Village || Antenna Array,13691750,relativehumidity,%,60.0,2026-08-20T02:00:00Z
5199863,Kihumo Village || Antenna Array,13691750,relativehumidity,%,61.0,2026-08-20T03:00:00Z
5199863,Kihumo Village || Antenna Array,13691750,relativehumidity,%,59.0,2026-08-20T05:00:00Z
5199863,Kihumo Village || Antenna Array,13691750,relativehumidity,%,53.0,2026-08-20T06:00:00Z
5199863,Kihumo Village || Antenna Array,13691750,relativehumidity,%,43.0,2026-08-20T07:00:00Z
5199863,Kihumo Village || Antenna Array,13691750,relativehumidity,%,39.0,2026-08-20T08:00:00Z
5199863,Kihumo Village || Antenna Array,13691750,relativehumidity,%,38.0,2026-08-20T09:00:00Z
5199863,Kihumo Village || Antenna Array,13691750,relativehumidity,%,34.0,2026-08-20T10:00:00Z
5199863,Kihumo Village || Antenna Array,13691750,relativehumidity,%,30.0,2026-08-20T11:00:00Z
5199863,Kihumo Village || Antenna Array,13691750,relativehumidity,%,28.0,2026-08-20T12:00:00Z
5199863,Kihumo Village || Antenna Array,13691750,relativehumidity,%,33.0,2026-08-20T13:00:00Z
5199863,Kihumo Village || Antenna Array,13691750,relativehumidity,%,36.0,2026-08-20T14:00:00Z
5199863,Kihumo Village || Antenna Array,13691750,relativehumidity,%,44.0,2026-08-20T15:00:00Z
5199863,Kihumo Village || Antenna Array,13691750,relativehumidity,%,47.0,2026-08-20T16:00:00Z
5199863,Kihumo Village || Antenna Array,13691750,relativehumidity,%,50.0,2026-08-20T17:00:00Z
5199863,Kihumo Village || Antenna Array,13691750,relativehumidity,%,53.0,2026-08-20T18:00:00Z
5199863,Kihumo Village || Antenna Array,13691750,relativehumidity,%,56.0,2026-08-20T19:00:00Z
5199863,Kihumo Village || Antenna Array,13691750,relativehumidity,%,57.0,2026-08-20T20:00:00Z
5199863,Kihumo Village || Antenna Array,13691750,relativehumidity,%,59.0,2026-08-20T21:00:00Z
5199863,Kihumo Village || Antenna Array,13691750,relativehumidity,%,60.0,2026-08-20T22:00:00Z
5199863,Kihumo Village || Antenna Array,13691750,relativehumidity,%,58.0,2026-08-20T23:00:00Z
5199863,Kihumo Village || Antenna Array,13691750,relativehumidity,%,57.0,2026-08-21T00:00:00Z
5199863,Kihumo Village || Antenna Array,13691750,relativehumidity,%,57.0,2026-08-21T01:00:00Z
5199863,Kihumo Village || Antenna Array,13691750,relativehumidity,%,57.0,2026-08-21T02:00:00Z
5199863,Kihumo Village || Antenna Array,13691750,relativehumidity,%,57.0,2026-08-21T03:00:00Z
5199863,Kihumo Village || Antenna Array,13691750,relativehumidity,%,55.0,2026-08-21T04:00:00Z
5199863,Kihumo Village || Antenna Array,13691750,relativehumidity,%,50.0,2026-08-21T05:00:00Z
5199863,Kihumo Village || Antenna Array,13691750,relativehumidity,%,42.0,2026-08-21T06:00:00Z
5199863,Kihumo Village || Antenna Array,13691750,relativehumidity,%,42.0,2026-08-21T07:00:00Z
5199863,Kihumo Village || Antenna Array,13691750,relativehumidity,%,37.0,2026-08-21T08:00:00Z
5199863,Kihumo Village || Antenna Array,13691750,relativehumidity,%,33.0,2026-08-21T09:00:00Z
5199863,Kihumo Village || Antenna Array,13691750,relativehumidity,%,31.0,2026-08-21T10:00:00Z
5199863,Kihumo Village || Antenna Array,13691750,relativehumidity,%,27.0,2026-08-21T11:00:00Z
5199863,Kihumo Village || Antenna Array,13691750,relativehumidity,%,26.0,2026-08-21T12:00:00Z
5199863,Kihumo Village || Antenna Array,13691750,relativehumidity,%,25.0,2026-08-21T13:00:00Z
5199863,Kihumo Village || Antenna Array,13691750,relativehumidity,%,28.0,2026-08-21T14:00:00Z
5199863,Kihumo Village || Antenna Array,13691750,relativehumidity,%,39.0,2026-08-21T15:00:00Z
5199863,Kihumo Village || Antenna Array,13691750,relativehumidity,%,46.0,2026-08-21T16:00:00Z
5199863,Kihumo Village || Antenna Array,13691750,relativehumidity,%,49.0,2026-08-21T17:00:00Z
5199863,Kihumo Village || Antenna Array,13691750,relativehumidity,%,50.0,2026-08-21T18:00:00Z
5199863,Kihumo Village || Antenna Array,13691750,relativehumidity,%,53.0,2026-08-21T19:00:00Z
5199863,Kihumo Village || Antenna Array,13691750,relativehumidity,%,55.0,2026-08-21T20:00:00Z
5199863,Kihumo Village || Antenna Array,13691750,relativehumidity,%,63.0,2026-08-21T21:00:00Z
5199863,Kihumo Village || Antenna Array,13691750,relativehumidity,%,57.0,2026-08-21T22:00:00Z
5199863,Kihumo Village || Antenna Array,13691750,relativehumidity,%,57.0,2026-08-21T23:00:00Z
5199863,Kihumo Village || Antenna Array,13691750,relativehumidity,%,58.0,2026-08-22T00:00:00Z
5199863,Kihumo Village || Antenna Array,13691750,relativehumidity,%,59.0,2026-08-22T01:00:00Z
5199863,Kihumo Village || Antenna Array,13691750,relativehumidity,%,59.0,2026-08-22T02:00:00Z
5199863,Kihumo Village || Antenna Array,13691750,relativehumidity,%,60.0,2026-08-22T03:00:00Z
5199863,Kihumo Village || Antenna Array,13691750,relativehumidity,%,59.0,2026-08-22T04:00:00Z
5199863,Kihumo Village || Antenna Array,13691750,relativehumidity,%,54.0,2026-08-22T05:00:00Z
5199863,Kihumo Village || Antenna Array,13691750,relativehumidity,%,47.0,2026-08-22T06:00:00Z
5199863,Kihumo Village || Antenna Array,13691750,relativehumidity,%,46.0,2026-08-22T07:00:00Z
5199863,Kihumo Village || Antenna Array,13691750,relativehumidity,%,40.0,2026-08-22T08:00:00Z
5199863,Kihumo Village || Antenna Array,13691750,relativehumidity,%,36.0,2026-08-22T09:00:00Z
5199863,Kihumo Village || Antenna Array,13691750,relativehumidity,%,33.0,2026-08-22T10:00:00Z
5199863,Kihumo Village || Antenna Array,13691750,relativehumidity,%,28.0,2026-08-22T11:00:00Z
5199863,Kihumo Village || Antenna Array,13691750,relativehumidity,%,26.0,2026-08-22T12:00:00Z
5199863,Kihumo Village || Antenna Array,13691750,relativehumidity,%,27.0,2026-08-22T13:00:00Z
5199863,Kihumo Village || Antenna Array,13691750,relativehumidity,%,31.0,2026-08-22T14:00:00Z
5199863,Kihumo Village || Antenna Array,13691750,relativehumidity,%,37.0,2026-08-22T15:00:00Z
5199863,Kihumo Village || Antenna Array,13691750,relativehumidity,%,43.0,2026-08-22T16:00:00Z
5199863,Kihumo Village || Antenna Array,13691750,relativehumidity,%,47.0,2026-08-22T17:00:00Z
5199863,Kihumo Village || Antenna Array,13691750,relativehumidity,%,51.0,2026-08-22T18:00:00Z
5199863,Kihumo Village || Antenna Array,13691750,relativehumidity,%,57.0,2026-08-22T19:00:00Z
5199863,Kihumo Village || Antenna Array,13691750,relativehumidity,%,61.0,2026-08-22T20:00:00Z
5199863,Kihumo Village || Antenna Array,13691750,relativehumidity,%,62.0,2026-08-22T21:00:00Z
5199863,Kihumo Village || Antenna Array,13691750,relativehumidity,%,64.0,2026-08-22T22:00:00Z
5199863,Kihumo Village || Antenna Array,13691750,relativehumidity,%,65.0,2026-08-22T23:00:00Z
5199863,Kihumo Village || Antenna Array,13691750,relativehumidity,%,66.0,2026-08-23T00:00:00Z
5199863,Kihumo Village || Antenna Array,13691750,relativehumidity,%,66.0,2026-08-23T01:00:00Z
5199863,Kihumo Village || Antenna Array,13691750,relativehumidity,%,65.0,2026-08-23T02:00:00Z
5199863,Kihumo Village || Antenna Array,13691750,relativehumidity,%,66.0,2026-08-23T03:00:00Z
5199863,Kihumo Village || Antenna Array,13691750,relativehumidity,%,64.0,2026-08-23T04:00:00Z
5199863,Kihumo Village || Antenna Array,13691750,relativehumidity,%,59.0,2026-08-23T05:00:00Z
5199863,Kihumo Village || Antenna Array,13691750,relativehumidity,%,50.0,2026-08-23T06:00:00Z
5199863,Kihumo Village || Antenna Array,13691750,relativehumidity,%,43.0,2026-08-23T07:00:00Z
5199863,Kihumo Village || Antenna Array,13691750,relativehumidity,%,39.0,2026-08-23T08:00:00Z
5199863,Kihumo Village || Antenna Array,13691750,relativehumidity,%,36.0,2026-08-23T09:00:00Z
5199863,Kihumo Village || Antenna Array,13691750,relativehumidity,%,34.0,2026-08-23T10:00:00Z
5199863,Kihumo Village || Antenna Array,13691750,relativehumidity,%,32.0,2026-08-23T11:00:00Z
5199863,Kihumo Village || Antenna Array,13691750,relativehumidity,%,28.0,2026-08-23T12:00:00Z
5199863,Kihumo Village || Antenna Array,13691750,relativehumidity,%,32.0,2026-08-23T13:00:00Z
5199863,Kihumo Village || Antenna Array,13691750,relativehumidity,%,36.0,2026-08-23T14:00:00Z
5199863,Kihumo Village || Antenna Array,13691750,relativehumidity,%,50.0,2026-08-23T15:00:00Z
5199863,Kihumo Village || Antenna Array,13691750,relativehumidity,%,39.0,2026-08-24T15:00:00Z
5199863,Kihumo Village || Antenna Array,13691750,relativehumidity,%,43.0,2026-08-24T16:00:00Z
5199863,Kihumo Village || Antenna Array,13691750,relativehumidity,%,48.0,2026-08-24T17:00:00Z
5199863,Kihumo Village || Antenna Array,13691750,relativehumidity,%,51.0,2026-08-24T18:00:00Z
5199863,Kihumo Village || Antenna Array,13691750,relativehumidity,%,54.0,2026-08-24T19:00:00Z
5199863,Kihumo Village || Antenna Array,13691750,relativehumidity,%,58.0,2026-08-24T20:00:00Z
5199863,Kihumo Village || Antenna Array,13691750,relativehumidity,%,59.0,2026-08-24T21:00:00Z
5199863,Kihumo Village || Antenna Array,13691750,relativehumidity,%,59.0,2026-08-24T22:00:00Z
5199863,Kihumo Village || Antenna Array,13691750,relativehumidity,%,59.0,2026-08-24T23:00:00Z
5199863,Kihumo Village || Antenna Array,13691750,relativehumidity,%,59.0,2026-08-25T00:00:00Z
5199863,Kihumo Village || Antenna Array,13691750,relativehumidity,%,59.0,2026-08-25T01:00:00Z
5199863,Kihumo Village || Antenna Array,13691750,relativehumidity,%,60.0,2026-08-25T02:00:00Z
5199863,Kihumo Village || Antenna Array,13691750,relativehumidity,%,62.0,2026-08-25T03:00:00Z
5199863,Kihumo Village || Antenna Array,13691750,relativehumidity,%,61.0,2026-08-25T04:00:00Z
5199863,Kihumo Village || Antenna Array,13691750,relativehumidity,%,55.0,2026-08-25T05:00:00Z
5199863,Kihumo Village || Antenna Array,13691750,relativehumidity,%,46.0,2026-08-25T06:00:00Z
5199863,Kihumo Village || Antenna Array,13691750,relativehumidity,%,39.0,2026-08-25T07:00:00Z
5199863,Kihumo Village || Antenna Array,13691750,relativehumidity,%,33.0,2026-08-25T08:00:00Z
5199863,Kihumo Village || Antenna Array,13691750,relativehumidity,%,32.0,2026-08-25T09:00:00Z
5199863,Kihumo Village || Antenna Array,13691750,relativehumidity,%,28.0,2026-08-25T10:00:00Z
5199863,Kihumo Village || Antenna Array,13691750,relativehumidity,%,25.0,2026-08-25T11:00:00Z
5199863,Kihumo Village || Antenna Array,13691750,relativehumidity,%,24.0,2026-08-25T12:00:00Z
5199863,Kihumo Village || Antenna Array,13691750,relativehumidity,%,24.0,2026-08-25T13:00:00Z
5199863,Kihumo Village || Antenna Array,13691750,relativehumidity,%,28.0,2026-08-25T14:00:00Z
5199863,Kihumo Village || Antenna Array,13691750,relativehumidity,%,38.0,2026-08-25T15:00:00Z
5199863,Kihumo Village || Antenna Array,13691750,relativehumidity,%,44.0,2026-08-25T16:00:00Z
5199863,Kihumo Village || Antenna Array,13691750,relativehumidity,%,47.0,2026-08-25T17:00:00Z
5199863,Kihumo Village || Antenna Array,13691750,relativehumidity,%,50.0,2026-08-25T18:00:00Z
5199863,Kihumo Village || Antenna Array,13691750,relativehumidity,%,54.0,2026-08-25T19:00:00Z
5199863,Kihumo Village || Antenna Array,13691750,relativehumidity,%,56.0,2026-08-25T20:00:00Z
5199863,Kihumo Village || Antenna Array,13691750,relativehumidity,%,57.0,2026-08-25T21:00:00Z
5199863,Kihumo Village || Antenna Array,13691750,relativehumidity,%,60.0,2026-08-25T22:00:00Z
5199863,Kihumo Village || Antenna Array,13691750,relativehumidity,%,63.0,2026-08-25T23:00:00Z
5199863,Kihumo Village || Antenna Array,13691750,relativehumidity,%,64.0,2026-08-26T00:00:00Z
5199863,Kihumo Village || Antenna Array,13691750,relativehumidity,%,65.0,2026-08-26T01:00:00Z
5199863,Kihumo Village || Antenna Array,13691750,relativehumidity,%,66.0,2026-08-26T02:00:00Z
5199863,Kihumo Village || Antenna Array,13691750,relativehumidity,%,66.0,2026-08-26T03:00:00Z
5199863,Kihumo Village || Antenna Array,13691750,relativehumidity,%,67.0,2026-08-26T04:00:00Z
5199863,Kihumo Village || Antenna Array,13691750,relativehumidity,%,56.0,2026-08-26T05:00:00Z
5199863,Kihumo Village || Antenna Array,13691750,relativehumidity,%,42.0,2026-08-26T06:00:00Z
5199863,Kihumo Village || Antenna Array,13691750,relativehumidity,%,34.0,2026-08-26T07:00:00Z
5199863,Kihumo Village || Antenna Array,13691750,relativehumidity,%,30.0,2026-08-26T08:00:00Z
5199863,Kihumo Village || Antenna Array,13691750,relativehumidity,%,30.0,2026-08-26T09:00:00Z
5199863,Kihumo Village || Antenna Array,13691750,relativehumidity,%,27.0,2026-08-26T10:00:00Z
5199863,Kihumo Village || Antenna Array,13691750,relativehumidity,%,24.0,2026-08-26T11:00:00Z
5199863,Kihumo Village || Antenna Array,13691750,relativehumidity,%,22.0,2026-08-26T12:00:00Z
5199863,Kihumo Village || Antenna Array,13691750,relativehumidity,%,22.0,2026-08-26T13:00:00Z
5199863,Kihumo Village || Antenna Array,13691750,relativehumidity,%,25.0,2026-08-26T14:00:00Z
5199863,Kihumo Village || Antenna Array,13691750,relativehumidity,%,35.0,2026-08-26T15:00:00Z
5199863,Kihumo Village || Antenna Array,13691750,relativehumidity,%,40.0,2026-08-26T16:00:00Z
5199863,Kihumo Village || Antenna Array,13691750,relativehumidity,%,44.0,2026-08-26T17:00:00Z
5199863,Kihumo Village || Antenna Array,13691750,relativehumidity,%,49.0,2026-08-26T18:00:00Z
5199863,Kihumo Village || Antenna Array,13691750,relativehumidity,%,54.0,2026-08-26T19:00:00Z
5199863,Kihumo Village || Antenna Array,13691750,relativehumidity,%,55.0,2026-08-26T20:00:00Z
5199863,Kihumo Village || Antenna Array,13691750,relativehumidity,%,56.0,2026-08-26T21:00:00Z
5199863,Kihumo Village || Antenna Array,13691750,relativehumidity,%,59.0,2026-08-26T22:00:00Z
5199863,Kihumo Village || Antenna Array,13691750,relativehumidity,%,63.0,2026-08-26T23:00:00Z
5199863,Kihumo Village || Antenna Array,13691750,relativehumidity,%,65.0,2026-08-27T00:00:00Z
5199863,Kihumo Village || Antenna Array,13691750,relativehumidity,%,64.0,2026-08-27T01:00:00Z
5199863,Kihumo Village || Antenna Array,13691750,relativehumidity,%,66.0,2026-08-27T02:00:00Z
5199863,Kihumo Village || Antenna Array,13691750,relativehumidity,%,63.0,2026-08-27T03:00:00Z
5199863,Kihumo Village || Antenna Array,13691750,relativehumidity,%,62.0,2026-08-27T04:00:00Z
5199863,Kihumo Village || Antenna Array,13691750,relativehumidity,%,59.0,2026-08-27T05:00:00Z
5199863,Kihumo Village || Antenna Array,13691750,relativehumidity,%,55.0,2026-08-27T06:00:00Z
5199863,Kihumo Village || Antenna Array,13691750,relativehumidity,%,50.0,2026-08-27T07:00:00Z
5199863,Kihumo Village || Antenna Array,13691750,relativehumidity,%,37.0,2026-08-27T08:00:00Z
5199863,Kihumo Village || Antenna Array,13691750,relativehumidity,%,34.0,2026-08-27T09:00:00Z
5199863,Kihumo Village || Antenna Array,13691750,relativehumidity,%,28.0,2026-08-27T10:00:00Z
5199863,Kihumo Village || Antenna Array,13691750,relativehumidity,%,27.0,2026-08-27T11:00:00Z
5199863,Kihumo Village || Antenna Array,13691750,relativehumidity,%,25.0,2026-08-27T12:00:00Z
5199863,Kihumo Village || Antenna Array,13691750,relativehumidity,%,25.0,2026-08-27T13:00:00Z
5199863,Kihumo Village || Antenna Array,13691750,relativehumidity,%,29.0,2026-08-27T14:00:00Z
5199863,Kihumo Village || Antenna Array,13691750,relativehumidity,%,40.0,2026-08-27T15:00:00Z
5199863,Kihumo Village || Antenna Array,13691750,relativehumidity,%,45.0,2026-08-27T16:00:00Z
5199863,Kihumo Village || Antenna Array,13691750,relativehumidity,%,48.0,2026-08-27T17:00:00Z
5199863,Kihumo Village || Antenna Array,13691750,relativehumidity,%,51.0,2026-08-27T18:00:00Z
5199863,Kihumo Village || Antenna Array,13691750,relativehumidity,%,54.0,2026-08-27T19:00:00Z
5199863,Kihumo Village || Antenna Array,13691750,relativehumidity,%,57.0,2026-08-27T20:00:00Z
5199863,Kihumo Village || Antenna Array,13691750,relativehumidity,%,61.0,2026-08-27T21:00:00Z
5199863,Kihumo Village || Antenna Array,13691750,relativehumidity,%,63.0,2026-08-27T22:00:00Z
5199863,Kihumo Village || Antenna Array,13691750,relativehumidity,%,65.0,2026-08-27T23:00:00Z
5199863,Kihumo Village || Antenna Array,13691750,relativehumidity,%,65.0,2026-08-28T00:00:00Z
5199863,Kihumo Village || Antenna Array,13691750,relativehumidity,%,63.0,2026-08-28T01:00:00Z
5199863,Kihumo Village || Antenna Array,13691750,relativehumidity,%,63.0,2026-08-28T02:00:00Z
5199863,Kihumo Village || Antenna Array,13691750,relativehumidity,%,63.0,2026-08-28T03:00:00Z
5199863,Kihumo Village || Antenna Array,13691750,relativehumidity,%,63.0,2026-08-28T04:00:00Z
5199863,Kihumo Village || Antenna Array,13691750,relativehumidity,%,55.0,2026-08-28T05:00:00Z
5199863,Kihumo Village || Antenna Array,13691750,relativehumidity,%,44.0,2026-08-28T06:00:00Z
5199863,Kihumo Village || Antenna Array,13691750,relativehumidity,%,33.0,2026-08-28T07:00:00Z
5199863,Kihumo Village || Antenna Array,13691750,relativehumidity,%,31.0,2026-08-28T08:00:00Z
5199863,Kihumo Village || Antenna Array,13691750,relativehumidity,%,30.0,2026-08-28T09:00:00Z
5199863,Kihumo Village || Antenna Array,13691750,relativehumidity,%,27.0,2026-08-28T10:00:00Z
5199863,Kihumo Village || Antenna Array,13691750,relativehumidity,%,24.0,2026-08-28T11:00:00Z
5199863,Kihumo Village || Antenna Array,13691750,relativehumidity,%,23.0,2026-08-28T12:00:00Z
5199863,Kihumo Village || Antenna Array,13691750,relativehumidity,%,23.0,2026-08-28T13:00:00Z
5199863,Kihumo Village || Antenna Array,13691750,relativehumidity,%,28.0,2026-08-28T14:00:00Z
5199863,Kihumo Village || Antenna Array,13691750,relativehumidity,%,38.0,2026-08-28T15:00:00Z
5199863,Kihumo Village || Antenna Array,13691750,relativehumidity,%,44.0,2026-08-28T16:00:00Z
5199863,Kihumo Village || Antenna Array,13691750,relativehumidity,%,47.0,2026-08-28T17:00:00Z
5199863,Kihumo Village || Antenna Array,13691750,relativehumidity,%,50.0,2026-08-28T18:00:00Z
5199863,Kihumo Village || Antenna Array,13691750,relativehumidity,%,52.0,2026-08-28T19:00:00Z
5199863,Kihumo Village || Antenna Array,13691750,relativehumidity,%,56.0,2026-08-28T20:00:00Z
5199863,Kihumo Village || Antenna Array,13691750,relativehumidity,%,57.0,2026-08-28T21:00:00Z
5199863,Kihumo Village || Antenna Array,13691750,relativehumidity,%,58.0,2026-08-28T22:00:00Z
5199863,Kihumo Village || Antenna Array,13691750,relativehumidity,%,59.0,2026-08-28T23:00:00Z
5199863,Kihumo Village || Antenna Array,13691750,relativehumidity,%,60.0,2026-08-29T00:00:00Z
5199863,Kihumo Village || Antenna Array,13691750,relativehumidity,%,60.0,2026-08-29T01:00:00Z
5199863,Kihumo Village || Antenna Array,13691750,relativehumidity,%,60.0,2026-08-29T02:00:00Z
5199863,Kihumo Village || Antenna Array,13691750,relativehumidity,%,58.0,2026-08-29T03:00:00Z
5199863,Kihumo Village || Antenna Array,13691750,relativehumidity,%,56.0,2026-08-29T04:00:00Z
5199863,Kihumo Village || Antenna Array,13691750,relativehumidity,%,48.0,2026-08-29T05:00:00Z
5199863,Kihumo Village || Antenna Array,13691750,relativehumidity,%,38.0,2026-08-29T06:00:00Z
5199863,Kihumo Village || Antenna Array,13691750,relativehumidity,%,32.0,2026-08-29T07:00:00Z
5199863,Kihumo Village || Antenna Array,13691750,relativehumidity,%,30.0,2026-08-29T08:00:00Z
5199863,Kihumo Village || Antenna Array,13691750,relativehumidity,%,29.0,2026-08-29T09:00:00Z
5199863,Kihumo Village || Antenna Array,13691750,relativehumidity,%,27.0,2026-08-29T10:00:00Z
5199863,Kihumo Village || Antenna Array,13691750,relativehumidity,%,24.0,2026-08-29T11:00:00Z
5199863,Kihumo Village || Antenna Array,13691750,relativehumidity,%,22.0,2026-08-29T12:00:00Z
5199863,Kihumo Village || Antenna Array,13691750,relativehumidity,%,23.0,2026-08-29T13:00:00Z
5199863,Kihumo Village || Antenna Array,13691750,relativehumidity,%,28.0,2026-08-29T14:00:00Z
5199863,Kihumo Village || Antenna Array,13691750,relativehumidity,%,37.0,2026-08-29T15:00:00Z
5199863,Kihumo Village || Antenna Array,13691750,relativehumidity,%,43.0,2026-08-29T16:00:00Z
5199863,Kihumo Village || Antenna Array,13691750,relativehumidity,%,45.0,2026-08-29T17:00:00Z
5199863,Kihumo Village || Antenna Array,13691750,relativehumidity,%,47.0,2026-08-29T18:00:00Z
5199863,Kihumo Village || Antenna Array,13691750,relativehumidity,%,50.0,2026-08-29T19:00:00Z
5199863,Kihumo Village || Antenna Array,13691750,relativehumidity,%,51.0,2026-08-29T20:00:00Z
5199863,Kihumo Village || Antenna Array,13691750,relativehumidity,%,55.0,2026-08-29T21:00:00Z
5199863,Kihumo Village || Antenna Array,13691750,relativehumidity,%,58.0,2026-08-29T22:00:00Z
5199863,Kihumo Village || Antenna Array,13691750,relativehumidity,%,58.0,2026-08-29T23:00:00Z
5199863,Kihumo Village || Antenna Array,13691750,relativehumidity,%,58.0,2026-08-30T00:00:00Z
5199863,Kihumo Village || Antenna Array,13691750,relativehumidity,%,60.0,2026-08-30T01:00:00Z
5199863,Kihumo Village || Antenna Array,13691750,relativehumidity,%,61.0,2026-08-30T02:00:00Z
5199863,Kihumo Village || Antenna Array,13691750,relativehumidity,%,61.0,2026-08-30T03:00:00Z
5199863,Kihumo Village || Antenna Array,13691750,relativehumidity,%,61.0,2026-08-30T04:00:00Z
5199863,Kihumo Village || Antenna Array,13691750,relativehumidity,%,56.0,2026-08-30T05:00:00Z
5199863,Kihumo Village || Antenna Array,13691750,relativehumidity,%,51.0,2026-08-30T06:00:00Z
5199863,Kihumo Village || Antenna Array,13691750,relativehumidity,%,43.0,2026-08-30T07:00:00Z
5199863,Kihumo Village || Antenna Array,13691750,relativehumidity,%,37.0,2026-08-30T08:00:00Z
5199863,Kihumo Village || Antenna Array,13691750,relativehumidity,%,33.0,2026-08-30T09:00:00Z
5199863,Kihumo Village || Antenna Array,13691750,relativehumidity,%,29.0,2026-08-30T10:00:00Z
5199863,Kihumo Village || Antenna Array,13691750,relativehumidity,%,25.0,2026-08-30T11:00:00Z
5199863,Kihumo Village || Antenna Array,13691750,relativehumidity,%,24.0,2026-08-30T12:00:00Z
5199863,Kihumo Village || Antenna Array,13691750,relativehumidity,%,30.0,2026-08-30T13:00:00Z
5199863,Kihumo Village || Antenna Array,13691750,relativehumidity,%,40.0,2026-08-30T14:00:00Z
5199863,Kihumo Village || Antenna Array,13691750,relativehumidity,%,46.0,2026-08-30T15:00:00Z
5199863,Kihumo Village || Antenna Array,13691750,relativehumidity,%,52.0,2026-08-30T16:00:00Z
5199863,Kihumo Village || Antenna Array,13691750,relativehumidity,%,55.0,2026-08-30T17:00:00Z
5199863,Kihumo Village || Antenna Array,13691750,relativehumidity,%,57.0,2026-08-30T18:00:00Z
5199863,Kihumo Village || Antenna Array,13691750,relativehumidity,%,57.0,2026-08-30T19:00:00Z
5199863,Kihumo Village || Antenna Array,13691750,relativehumidity,%,61.0,2026-08-30T20:00:00Z
5199863,Kihumo Village || Antenna Array,13691750,relativehumidity,%,63.0,2026-08-30T21:00:00Z
5199863,Kihumo Village || Antenna Array,13691750,relativehumidity,%,65.0,2026-08-30T22:00:00Z
5199863,Kihumo Village || Antenna Array,13691750,relativehumidity,%,67.0,2026-08-30T23:00:00Z
5199863,Kihumo Village || Antenna Array,13691750,relativehumidity,%,67.0,2026-08-31T00:00:00Z
5199863,Kihumo Village || Antenna Array,13691750,relativehumidity,%,60.0,2026-09-01T15:00:00Z
5199863,Kihumo Village || Antenna Array,13691750,relativehumidity,%,51.0,2026-09-01T16:00:00Z
5199863,Kihumo Village || Antenna Array,13691750,relativehumidity,%,50.0,2026-09-01T17:00:00Z
5199863,Kihumo Village || Antenna Array,13691750,relativehumidity,%,52.0,2026-09-01T18:00:00Z
5199863,Kihumo Village || Antenna Array,13691750,relativehumidity,%,52.0,2026-09-01T19:00:00Z
5199863,Kihumo Village || Antenna Array,13691750,relativehumidity,%,54.0,2026-09-01T20:00:00Z
5199863,Kihumo Village || Antenna Array,13691750,relativehumidity,%,58.0,2026-09-01T21:00:00Z
5199863,Kihumo Village || Antenna Array,13691750,relativehumidity,%,60.0,2026-09-01T22:00:00Z
5199863,Kihumo Village || Antenna Array,13691750,relativehumidity,%,61.0,2026-09-01T23:00:00Z
5199863,Kihumo Village || Antenna Array,13691750,relativehumidity,%,63.0,2026-09-02T00:00:00Z
5199863,Kihumo Village || Antenna Array,13691750,relativehumidity,%,63.0,2026-09-02T01:00:00Z
5199863,Kihumo Village || Antenna Array,13691750,relativehumidity,%,63.0,2026-09-02T02:00:00Z
5199863,Kihumo Village || Antenna Array,13691750,relativehumidity,%,63.0,2026-09-02T03:00:00Z
5199863,Kihumo Village || Antenna Array,13691750,relativehumidity,%,62.0,2026-09-02T04:00:00Z
5199863,Kihumo Village || Antenna Array,13691750,relativehumidity,%,60.0,2026-09-02T05:00:00Z
5199863,Kihumo Village || Antenna Array,13691750,relativehumidity,%,57.0,2026-09-02T06:00:00Z
5199863,Kihumo Village || Antenna Array,13691750,relativehumidity,%,48.0,2026-09-02T07:00:00Z
5199863,Kihumo Village || Antenna Array,13691750,relativehumidity,%,41.0,2026-09-02T08:00:00Z
5199863,Kihumo Village || Antenna Array,13691750,relativehumidity,%,35.0,2026-09-02T09:00:00Z
5199863,Kihumo Village || Antenna Array,13691750,relativehumidity,%,32.0,2026-09-02T10:00:00Z
5199863,Kihumo Village || Antenna Array,13691750,relativehumidity,%,26.0,2026-09-02T11:00:00Z
5199863,Kihumo Village || Antenna Array,13691750,relativehumidity,%,26.0,2026-09-02T12:00:00Z
5199863,Kihumo Village || Antenna Array,13691750,relativehumidity,%,26.0,2026-09-02T13:00:00Z
5199863,Kihumo Village || Antenna Array,13691750,relativehumidity,%,34.0,2026-09-02T14:00:00Z
5199863,Kihumo Village || Antenna Array,13691750,relativehumidity,%,40.0,2026-09-02T15:00:00Z
5199863,Kihumo Village || Antenna Array,13691750,relativehumidity,%,45.0,2026-09-02T16:00:00Z
5199863,Kihumo Village || Antenna Array,13691750,relativehumidity,%,49.0,2026-09-02T17:00:00Z
5199863,Kihumo Village || Antenna Array,13691750,relativehumidity,%,52.0,2026-09-02T18:00:00Z
5199863,Kihumo Village || Antenna Array,13691750,relativehumidity,%,54.0,2026-09-02T19:00:00Z
5199863,Kihumo Village || Antenna Array,13691750,relativehumidity,%,56.0,2026-09-02T20:00:00Z
5199863,Kihumo Village || Antenna Array,13691750,relativehumidity,%,58.0,2026-09-02T21:00:00Z
5199863,Kihumo Village || Antenna Array,13691750,relativehumidity,%,61.0,2026-09-02T22:00:00Z
5199863,Kihumo Village || Antenna Array,13691750,relativehumidity,%,64.0,2026-09-02T23:00:00Z
5199863,Kihumo Village || Antenna Array,13691750,relativehumidity,%,64.0,2026-09-03T00:00:00Z
5199863,Kihumo Village || Antenna Array,13691750,relativehumidity,%,62.0,2026-09-03T01:00:00Z
5199863,Kihumo Village || Antenna Array,13691750,relativehumidity,%,61.0,2026-09-03T02:00:00Z
5199863,Kihumo Village || Antenna Array,13691750,relativehumidity,%,61.0,2026-09-03T03:00:00Z
5199863,Kihumo Village || Antenna Array,13691750,relativehumidity,%,59.0,2026-09-03T04:00:00Z
5199863,Kihumo Village || Antenna Array,13691750,relativehumidity,%,54.0,2026-09-03T05:00:00Z
5199863,Kihumo Village || Antenna Array,13691750,relativehumidity,%,49.0,2026-09-03T06:00:00Z
5199863,Kihumo Village || Antenna Array,13691750,relativehumidity,%,46.0,2026-09-03T07:00:00Z
5199863,Kihumo Village || Antenna Array,13691750,relativehumidity,%,38.0,2026-09-03T08:00:00Z
5199863,Kihumo Village || Antenna Array,13691750,relativehumidity,%,37.0,2026-09-03T09:00:00Z
5199863,Kihumo Village || Antenna Array,13691750,relativehumidity,%,33.0,2026-09-03T10:00:00Z
5199863,Kihumo Village || Antenna Array,13691750,relativehumidity,%,29.0,2026-09-03T11:00:00Z
5199863,Kihumo Village || Antenna Array,13691750,relativehumidity,%,27.0,2026-09-03T12:00:00Z
5199863,Kihumo Village || Antenna Array,13691750,relativehumidity,%,29.0,2026-09-03T13:00:00Z
5199863,Kihumo Village || Antenna Array,13691750,relativehumidity,%,34.0,2026-09-03T14:00:00Z
5199863,Kihumo Village || Antenna Array,13691750,relativehumidity,%,44.0,2026-09-03T15:00:00Z
5199863,Kihumo Village || Antenna Array,13691750,relativehumidity,%,49.0,2026-09-03T16:00:00Z
5199863,Kihumo Village || Antenna Array,13691750,relativehumidity,%,52.0,2026-09-03T17:00:00Z
5199863,Kihumo Village || Antenna Array,13691750,relativehumidity,%,53.0,2026-09-03T18:00:00Z
5199863,Kihumo Village || Antenna Array,13691750,relativehumidity,%,54.0,2026-09-03T19:00:00Z
5199863,Kihumo Village || Antenna Array,13691750,relativehumidity,%,55.0,2026-09-03T20:00:00Z
5199863,Kihumo Village || Antenna Array,13691750,relativehumidity,%,58.0,2026-09-03T21:00:00Z
5199863,Kihumo Village || Antenna Array,13691750,relativehumidity,%,60.0,2026-09-03T22:00:00Z
5199863,Kihumo Village || Antenna Array,13691750,relativehumidity,%,62.0,2026-09-03T23:00:00Z
5199863,Kihumo Village || Antenna Array,13691750,relativehumidity,%,64.0,2026-09-04T00:00:00Z
5199863,Kihumo Village || Antenna Array,13691750,relativehumidity,%,65.0,2026-09-04T01:00:00Z
5199863,Kihumo Village || Antenna Array,13691750,relativehumidity,%,65.0,2026-09-04T02:00:00Z
5199863,Kihumo Village || Antenna Array,13691750,relativehumidity,%,66.0,2026-09-04T03:00:00Z
5199863,Kihumo Village || Antenna Array,13691750,relativehumidity,%,66.0,2026-09-04T04:00:00Z
5199863,Kihumo Village || Antenna Array,13691750,relativehumidity,%,55.0,2026-09-04T05:00:00Z
5199863,Kihumo Village || Antenna Array,13691750,relativehumidity,%,43.0,2026-09-04T06:00:00Z
5199863,Kihumo Village || Antenna Array,13691750,relativehumidity,%,37.0,2026-09-04T07:00:00Z
5199863,Kihumo Village || Antenna Array,13691750,relativehumidity,%,34.0,2026-09-04T08:00:00Z
5199863,Kihumo Village || Antenna Array,13691750,relativehumidity,%,33.0,2026-09-04T09:00:00Z
5199863,Kihumo Village || Antenna Array,13691750,relativehumidity,%,30.0,2026-09-04T10:00:00Z
5199863,Kihumo Village || Antenna Array,13691750,relativehumidity,%,27.0,2026-09-04T11:00:00Z
5199863,Kihumo Village || Antenna Array,13691750,relativehumidity,%,27.0,2026-09-04T12:00:00Z
5199863,Kihumo Village || Antenna Array,13691750,relativehumidity,%,30.0,2026-09-04T13:00:00Z
5199863,Kihumo Village || Antenna Array,13691750,relativehumidity,%,38.0,2026-09-04T14:00:00Z
5199863,Kihumo Village || Antenna Array,13691750,relativehumidity,%,48.0,2026-09-04T15:00:00Z
5199863,Kihumo Village || Antenna Array,13691750,relativehumidity,%,51.0,2026-09-04T16:00:00Z
5199863,Kihumo Village || Antenna Array,13691750,relativehumidity,%,51.0,2026-09-04T17:00:00Z
5199863,Kihumo Village || Antenna Array,13691750,relativehumidity,%,53.0,2026-09-04T18:00:00Z
5199863,Kihumo Village || Antenna Array,13691750,relativehumidity,%,52.0,2026-09-04T19:00:00Z
5199863,Kihumo Village || Antenna Array,13691750,relativehumidity,%,53.0,2026-09-04T20:00:00Z
5199863,Kihumo Village || Antenna Array,13691750,relativehumidity,%,55.0,2026-09-04T21:00:00Z
5199863,Kihumo Village || Antenna Array,13691750,relativehumidity,%,56.0,2026-09-04T22:00:00Z
5199863,Kihumo Village || Antenna Array,13691750,relativehumidity,%,58.0,2026-09-04T23:00:00Z
5199863,Kihumo Village || Antenna Array,13691750,relativehumidity,%,60.0,2026-09-05T00:00:00Z
5199863,Kihumo Village || Antenna Array,13691750,relativehumidity,%,61.0,2026-09-05T01:00:00Z
5199863,Kihumo Village || Antenna Array,13691750,relativehumidity,%,62.0,2026-09-05T02:00:00Z
5199863,Kihumo Village || Antenna Array,13691750,relativehumidity,%,64.0,2026-09-05T03:00:00Z
5199863,Kihumo Village || Antenna Array,13691750,relativehumidity,%,62.0,2026-09-05T04:00:00Z
5199863,Kihumo Village || Antenna Array,13691750,relativehumidity,%,52.0,2026-09-05T05:00:00Z
5199863,Kihumo Village || Antenna Array,13691750,relativehumidity,%,42.0,2026-09-05T06:00:00Z
5199863,Kihumo Village || Antenna Array,13691750,relativehumidity,%,35.0,2026-09-05T07:00:00Z
5199863,Kihumo Village || Antenna Array,13691750,relativehumidity,%,32.0,2026-09-05T08:00:00Z
5199863,Kihumo Village || Antenna Array,13691750,relativehumidity,%,31.0,2026-09-05T09:00:00Z
5199863,Kihumo Village || Antenna Array,13691750,relativehumidity,%,28.0,2026-09-05T10:00:00Z
5199863,Kihumo Village || Antenna Array,13691750,relativehumidity,%,26.0,2026-09-05T11:00:00Z
5199863,Kihumo Village || Antenna Array,13691750,relativehumidity,%,24.0,2026-09-05T12:00:00Z
5199863,Kihumo Village || Antenna Array,13691750,relativehumidity,%,25.0,2026-09-05T13:00:00Z
5199863,Kihumo Village || Antenna Array,13691750,relativehumidity,%,29.0,2026-09-05T14:00:00Z
5199863,Kihumo Village || Antenna Array,13691750,relativehumidity,%,36.0,2026-09-05T15:00:00Z
5199863,Kihumo Village || Antenna Array,13691750,relativehumidity,%,42.0,2026-09-05T16:00:00Z
5199863,Kihumo Village || Antenna Array,13691750,relativehumidity,%,46.0,2026-09-05T17:00:00Z
5199863,Kihumo Village || Antenna Array,13691750,relativehumidity,%,50.0,2026-09-05T18:00:00Z
5199863,Kihumo Village || Antenna Array,13691750,relativehumidity,%,53.0,2026-09-05T19:00:00Z
5199863,Kihumo Village || Antenna Array,13691750,relativehumidity,%,57.0,2026-09-05T20:00:00Z
5199863,Kihumo Village || Antenna Array,13691750,relativehumidity,%,59.0,2026-09-05T21:00:00Z
5199863,Kihumo Village || Antenna Array,13691750,relativehumidity,%,61.0,2026-09-05T22:00:00Z
5199863,Kihumo Village || Antenna Array,13691750,relativehumidity,%,63.0,2026-09-05T23:00:00Z
5199863,Kihumo Village || Antenna Array,13691750,relativehumidity,%,61.0,2026-09-06T00:00:00Z
5199863,Kihumo Village || Antenna Array,13691750,relativehumidity,%,61.0,2026-09-06T01:00:00Z
5199863,Kihumo Village || Antenna Array,13691750,relativehumidity,%,62.0,2026-09-06T02:00:00Z
5199863,Kihumo Village || Antenna Array,13691750,relativehumidity,%,63.0,2026-09-06T03:00:00Z
5199863,Kihumo Village || Antenna Array,13691750,relativehumidity,%,62.0,2026-09-06T04:00:00Z
5199863,Kihumo Village || Antenna Array,13691750,relativehumidity,%,53.0,2026-09-06T05:00:00Z
5199863,Kihumo Village || Antenna Array,13691750,relativehumidity,%,43.0,2026-09-06T06:00:00Z
5199863,Kihumo Village || Antenna Array,13691750,relativehumidity,%,33.0,2026-09-06T07:00:00Z
5199863,Kihumo Village || Antenna Array,13691750,relativehumidity,%,32.0,2026-09-06T08:00:00Z
5199863,Kihumo Village || Antenna Array,13691750,relativehumidity,%,31.0,2026-09-06T09:00:00Z
5199863,Kihumo Village || Antenna Array,13691750,relativehumidity,%,27.0,2026-09-06T10:00:00Z
5199863,Kihumo Village || Antenna Array,13691750,relativehumidity,%,35.0,2026-09-11T09:00:00Z
5199863,Kihumo Village || Antenna Array,13691750,relativehumidity,%,32.0,2026-09-11T10:00:00Z
5199863,Kihumo Village || Antenna Array,13691750,relativehumidity,%,29.0,2026-09-11T11:00:00Z
5199863,Kihumo Village || Antenna Array,13691750,relativehumidity,%,31.0,2026-09-11T12:00:00Z
5199863,Kihumo Village || Antenna Array,13691750,relativehumidity,%,32.0,2026-09-11T13:00:00Z
5199863,Kihumo Village || Antenna Array,13691750,relativehumidity,%,33.0,2026-09-11T14:00:00Z
5199863,Kihumo Village || Antenna Array,13691750,relativehumidity,%,42.0,2026-09-11T15:00:00Z
5199863,Kihumo Village || Antenna Array,13691750,relativehumidity,%,47.0,2026-09-11T16:00:00Z
5199863,Kihumo Village || Antenna Array,13691750,relativehumidity,%,51.0,2026-09-11T17:00:00Z
5199863,Kihumo Village || Antenna Array,13691750,relativehumidity,%,56.0,2026-09-11T18:00:00Z
5199863,Kihumo Village || Antenna Array,13691750,relativehumidity,%,60.0,2026-09-11T19:00:00Z
5199863,Kihumo Village || Antenna Array,13691750,relativehumidity,%,61.0,2026-09-11T20:00:00Z
5199863,Kihumo Village || Antenna Array,13691750,relativehumidity,%,61.0,2026-09-11T21:00:00Z
5199863,Kihumo Village || Antenna Array,13691750,relativehumidity,%,62.0,2026-09-11T22:00:00Z
5199863,Kihumo Village || Antenna Array,13691750,relativehumidity,%,63.0,2026-09-11T23:00:00Z
5199863,Kihumo Village || Antenna Array,13691750,relativehumidity,%,64.0,2026-09-12T00:00:00Z
5199863,Kihumo Village || Antenna Array,13691750,relativehumidity,%,64.0,2026-09-12T01:00:00Z
5199863,Kihumo Village || Antenna Array,13691750,relativehumidity,%,66.0,2026-09-12T02:00:00Z
5199863,Kihumo Village || Antenna Array,13691750,relativehumidity,%,67.0,2026-09-12T03:00:00Z
5199863,Kihumo Village || Antenna Array,13691750,relativehumidity,%,67.0,2026-09-12T04:00:00Z
5199863,Kihumo Village || Antenna Array,13691750,relativehumidity,%,67.0,2026-09-12T05:00:00Z
5199863,Kihumo Village || Antenna Array,13691750,relativehumidity,%,61.0,2026-09-12T06:00:00Z
5199863,Kihumo Village || Antenna Array,13691750,relativehumidity,%,54.0,2026-09-12T07:00:00Z
5199863,Kihumo Village || Antenna Array,13691750,relativehumidity,%,51.0,2026-09-12T08:00:00Z
5199863,Kihumo Village || Antenna Array,13691750,relativehumidity,%,48.0,2026-09-12T09:00:00Z
5199863,Kihumo Village || Antenna Array,13691750,relativehumidity,%,41.0,2026-09-12T10:00:00Z
5199863,Kihumo Village || Antenna Array,13691750,relativehumidity,%,36.0,2026-09-12T11:00:00Z
5199863,Kihumo Village || Antenna Array,13691750,relativehumidity,%,32.0,2026-09-12T12:00:00Z
5199863,Kihumo Village || Antenna Array,13691750,relativehumidity,%,33.0,2026-09-12T13:00:00Z
5199863,Kihumo Village || Antenna Array,13691750,relativehumidity,%,37.0,2026-09-12T14:00:00Z
5199863,Kihumo Village || Antenna Array,13691750,relativehumidity,%,48.0,2026-09-12T15:00:00Z
5199863,Kihumo Village || Antenna Array,13691750,relativehumidity,%,54.0,2026-09-12T16:00:00Z
5199863,Kihumo Village || Antenna Array,13691750,relativehumidity,%,55.0,2026-09-12T17:00:00Z
5199863,Kihumo Village || Antenna Array,13691750,relativehumidity,%,56.0,2026-09-12T18:00:00Z
5199863,Kihumo Village || Antenna Array,13691750,relativehumidity,%,60.0,2026-09-12T19:00:00Z
5199863,Kihumo Village || Antenna Array,13691750,relativehumidity,%,61.0,2026-09-12T20:00:00Z
5199863,Kihumo Village || Antenna Array,13691750,relativehumidity,%,61.0,2026-09-12T21:00:00Z
5199863,Kihumo Village || Antenna Array,13691750,relativehumidity,%,63.0,2026-09-12T22:00:00Z
5199863,Kihumo Village || Antenna Array,13691750,relativehumidity,%,64.0,2026-09-12T23:00:00Z
5199863,Kihumo Village || Antenna Array,13691750,relativehumidity,%,65.0,2026-09-13T00:00:00Z
5199863,Kihumo Village || Antenna Array,13691750,relativehumidity,%,65.0,2026-09-13T01:00:00Z
5199863,Kihumo Village || Antenna Array,13691750,relativehumidity,%,64.0,2026-09-13T02:00:00Z
5199863,Kihumo Village || Antenna Array,13691750,relativehumidity,%,65.0,2026-09-13T03:00:00Z
5199863,Kihumo Village || Antenna Array,13691750,relativehumidity,%,66.0,2026-09-13T04:00:00Z
5199863,Kihumo Village || Antenna Array,13691750,relativehumidity,%,54.0,2026-09-13T06:00:00Z
5199863,Kihumo Village || Antenna Array,13691750,relativehumidity,%,48.0,2026-09-13T07:00:00Z
5199863,Kihumo Village || Antenna Array,13691750,relativehumidity,%,45.0,2026-09-13T08:00:00Z
5199863,Kihumo Village || Antenna Array,13691750,relativehumidity,%,42.0,2026-09-13T09:00:00Z
5199863,Kihumo Village || Antenna Array,13691750,relativehumidity,%,38.0,2026-09-13T10:00:00Z
5199863,Kihumo Village || Antenna Array,13691750,relativehumidity,%,58.0,2026-09-13T20:00:00Z
5199863,Kihumo Village || Antenna Array,13691750,relativehumidity,%,57.0,2026-09-13T21:00:00Z
5199863,Kihumo Village || Antenna Array,13691750,relativehumidity,%,60.0,2026-09-13T23:00:00Z
5199863,Kihumo Village || Antenna Array,13691750,relativehumidity,%,59.0,2026-09-14T00:00:00Z
5199863,Kihumo Village || Antenna Array,13691750,relativehumidity,%,62.0,2026-09-14T01:00:00Z
5199863,Kihumo Village || Antenna Array,13691750,relativehumidity,%,60.0,2026-09-14T02:00:00Z
5199863,Kihumo Village || Antenna Array,13691750,relativehumidity,%,60.0,2026-09-14T03:00:00Z
5199863,Kihumo Village || Antenna Array,13691750,relativehumidity,%,60.0,2026-09-14T04:00:00Z
5199863,Kihumo Village || Antenna Array,13691750,relativehumidity,%,57.0,2026-09-14T05:00:00Z
5199863,Kihumo Village || Antenna Array,13691750,relativehumidity,%,49.0,2026-09-14T06:00:00Z
5199863,Kihumo Village || Antenna Array,13691750,relativehumidity,%,44.0,2026-09-14T07:00:00Z
5199863,Kihumo Village || Antenna Array,13691750,relativehumidity,%,41.0,2026-09-14T08:00:00Z
5199863,Kihumo Village || Antenna Array,13691750,relativehumidity,%,38.0,2026-09-14T09:00:00Z
5199863,Kihumo Village || Antenna Array,13691750,relativehumidity,%,36.0,2026-09-14T10:00:00Z
5199863,Kihumo Village || Antenna Array,13691750,relativehumidity,%,30.0,2026-09-14T11:00:00Z
5199863,Kihumo Village || Antenna Array,13691750,relativehumidity,%,29.0,2026-09-14T12:00:00Z
5199863,Kihumo Village || Antenna Array,13691750,relativehumidity,%,28.0,2026-09-14T13:00:00Z
5199863,Kihumo Village || Antenna Array,13691750,relativehumidity,%,36.0,2026-09-14T14:00:00Z
5199863,Kihumo Village || Antenna Array,13691750,relativehumidity,%,45.0,2026-09-14T15:00:00Z
5199863,Kihumo Village || Antenna Array,13691750,relativehumidity,%,49.0,2026-09-14T16:00:00Z
5199863,Kihumo Village || Antenna Array,13691750,relativehumidity,%,49.0,2026-09-14T17:00:00Z
5199863,Kihumo Village || Antenna Array,13691750,relativehumidity,%,50.0,2026-09-14T18:00:00Z
5199863,Kihumo Village || Antenna Array,13691750,relativehumidity,%,52.0,2026-09-14T19:00:00Z
5199863,Kihumo Village || Antenna Array,13691750,relativehumidity,%,54.0,2026-09-14T20:00:00Z
5199863,Kihumo Village || Antenna Array,13691750,relativehumidity,%,57.0,2026-09-14T21:00:00Z
5199863,Kihumo Village || Antenna Array,13691750,relativehumidity,%,58.0,2026-09-14T22:00:00Z
5199863,Kihumo Village || Antenna Array,13691750,relativehumidity,%,59.0,2026-09-14T23:00:00Z
5199863,Kihumo Village || Antenna Array,13691750,relativehumidity,%,60.0,2026-09-15T00:00:00Z
5199863,Kihumo Village || Antenna Array,13691750,relativehumidity,%,60.0,2026-09-15T01:00:00Z
5199863,Kihumo Village || Antenna Array,13691750,relativehumidity,%,60.0,2026-09-15T02:00:00Z
5199863,Kihumo Village || Antenna Array,13691750,relativehumidity,%,61.0,2026-09-15T03:00:00Z
5199863,Kihumo Village || Antenna Array,13691750,relativehumidity,%,62.0,2026-09-15T04:00:00Z
5199863,Kihumo Village || Antenna Array,13691750,relativehumidity,%,62.0,2026-09-15T05:00:00Z
5199863,Kihumo Village || Antenna Array,13691750,relativehumidity,%,63.0,2026-09-15T06:00:00Z
5199863,Kihumo Village || Antenna Array,13691750,relativehumidity,%,65.0,2026-09-15T07:00:00Z
5199863,Kihumo Village || Antenna Array,13691750,relativehumidity,%,65.0,2026-09-15T08:00:00Z
5199863,Kihumo Village || Antenna Array,13691750,relativehumidity,%,60.0,2026-09-15T09:00:00Z
5199863,Kihumo Village || Antenna Array,13691750,relativehumidity,%,53.0,2026-09-15T10:00:00Z
5199863,Kihumo Village || Antenna Array,13691750,relativehumidity,%,50.0,2026-09-15T11:00:00Z
5199863,Kihumo Village || Antenna Array,13691750,relativehumidity,%,56.0,2026-09-15T12:00:00Z
5199863,Kihumo Village || Antenna Array,13691750,relativehumidity,%,55.0,2026-09-15T13:00:00Z
5199863,Kihumo Village || Antenna Array,13691750,relativehumidity,%,57.0,2026-09-15T14:00:00Z
5199863,Kihumo Village || Antenna Array,13691750,relativehumidity,%,59.0,2026-09-15T15:00:00Z
5199863,Kihumo Village || Antenna Array,13691750,relativehumidity,%,60.0,2026-09-15T16:00:00Z
5199863,Kihumo Village || Antenna Array,13691750,relativehumidity,%,60.0,2026-09-15T17:00:00Z
5199863,Kihumo Village || Antenna Array,13691750,relativehumidity,%,63.0,2026-09-15T18:00:00Z
5199863,Kihumo Village || Antenna Array,13691750,relativehumidity,%,62.0,2026-09-15T19:00:00Z
5199863,Kihumo Village || Antenna Array,13691750,relativehumidity,%,62.0,2026-09-15T20:00:00Z
5199863,Kihumo Village || Antenna Array,13691750,relativehumidity,%,63.0,2026-09-15T21:00:00Z
5199863,Kihumo Village || Antenna Array,13691750,relativehumidity,%,64.0,2026-09-15T22:00:00Z
5199863,Kihumo Village || Antenna Array,13691750,relativehumidity,%,64.0,2026-09-15T23:00:00Z
5199863,Kihumo Village || Antenna Array,13691750,relativehumidity,%,64.0,2026-09-16T00:00:00Z
5199863,Kihumo Village || Antenna Array,13691750,relativehumidity,%,64.0,2026-09-16T01:00:00Z
5199863,Kihumo Village || Antenna Array,13691750,relativehumidity,%,64.0,2026-09-16T02:00:00Z
5199863,Kihumo Village || Antenna Array,13691750,relativehumidity,%,64.0,2026-09-16T03:00:00Z
5199863,Kihumo Village || Antenna Array,13691750,relativehumidity,%,62.0,2026-09-16T04:00:00Z
5199863,Kihumo Village || Antenna Array,13691750,relativehumidity,%,58.0,2026-09-16T05:00:00Z
5199863,Kihumo Village || Antenna Array,13691750,relativehumidity,%,53.0,2026-09-16T06:00:00Z
5199863,Kihumo Village || Antenna Array,13691750,relativehumidity,%,51.0,2026-09-16T07:00:00Z
5199863,Kihumo Village || Antenna Array,13691750,relativehumidity,%,45.0,2026-09-16T08:00:00Z
5199863,Kihumo Village || Antenna Array,13691750,relativehumidity,%,45.0,2026-09-16T09:00:00Z
5199863,Kihumo Village || Antenna Array,13691750,relativehumidity,%,45.0,2026-09-16T10:00:00Z
5199863,Kihumo Village || Antenna Array,13691750,relativehumidity,%,46.0,2026-09-16T11:00:00Z
5199863,Kihumo Village || Antenna Array,13691750,relativehumidity,%,44.0,2026-09-16T12:00:00Z
5199863,Kihumo Village || Antenna Array,13691750,relativehumidity,%,45.0,2026-09-16T13:00:00Z
5199863,Kihumo Village || Antenna Array,13691750,relativehumidity,%,45.0,2026-09-16T14:00:00Z
5199863,Kihumo Village || Antenna Array,13691750,relativehumidity,%,50.0,2026-09-16T15:00:00Z
5199863,Kihumo Village || Antenna Array,13691750,relativehumidity,%,53.0,2026-09-16T16:00:00Z
5199863,Kihumo Village || Antenna Array,13691750,relativehumidity,%,54.0,2026-09-16T17:00:00Z
5199863,Kihumo Village || Antenna Array,13691750,relativehumidity,%,57.0,2026-09-16T18:00:00Z
5199863,Kihumo Village || Antenna Array,13691750,relativehumidity,%,61.0,2026-09-16T19:00:00Z
5199863,Kihumo Village || Antenna Array,13691750,relativehumidity,%,63.0,2026-09-16T20:00:00Z
5199863,Kihumo Village || Antenna Array,13691750,relativehumidity,%,64.0,2026-09-16T21:00:00Z
5199863,Kihumo Village || Antenna Array,13691750,relativehumidity,%,63.0,2026-09-16T22:00:00Z
5199863,Kihumo Village || Antenna Array,13691750,relativehumidity,%,62.0,2026-09-16T23:00:00Z
5199863,Kihumo Village || Antenna Array,13691750,relativehumidity,%,63.0,2026-09-17T00:00:00Z
5199863,Kihumo Village || Antenna Array,13691750,relativehumidity,%,64.0,2026-09-17T01:00:00Z
5199863,Kihumo Village || Antenna Array,13691750,relativehumidity,%,63.0,2026-09-17T02:00:00Z
5199863,Kihumo Village || Antenna Array,13691750,relativehumidity,%,63.0,2026-09-17T03:00:00Z
5199863,Kihumo Village || Antenna Array,13691750,relativehumidity,%,60.0,2026-09-17T04:00:00Z
5199863,Kihumo Village || Antenna Array,13691750,relativehumidity,%,54.0,2026-09-17T05:00:00Z
5199863,Kihumo Village || Antenna Array,13691750,relativehumidity,%,47.0,2026-09-17T06:00:00Z
5199863,Kihumo Village || Antenna Array,13691750,relativehumidity,%,42.0,2026-09-17T07:00:00Z
5199863,Kihumo Village || Antenna Array,13691750,relativehumidity,%,37.0,2026-09-17T08:00:00Z
5199863,Kihumo Village || Antenna Array,13691750,relativehumidity,%,35.0,2026-09-17T09:00:00Z
5199863,Kihumo Village || Antenna Array,13691750,relativehumidity,%,34.0,2026-09-17T10:00:00Z
5199863,Kihumo Village || Antenna Array,13691750,relativehumidity,%,31.0,2026-09-17T11:00:00Z
5199863,Kihumo Village || Antenna Array,13691750,relativehumidity,%,37.0,2026-09-17T12:00:00Z
5199863,Kihumo Village || Antenna Array,13691750,relativehumidity,%,38.0,2026-09-17T13:00:00Z
5199863,Kihumo Village || Antenna Array,13691750,relativehumidity,%,40.0,2026-09-17T14:00:00Z
5199863,Kihumo Village || Antenna Array,13691750,relativehumidity,%,45.0,2026-09-17T15:00:00Z
5199863,Kihumo Village || Antenna Array,13691750,relativehumidity,%,48.0,2026-09-17T16:00:00Z
5199863,Kihumo Village || Antenna Array,13691750,relativehumidity,%,44.0,2026-09-17T17:00:00Z
5199863,Kihumo Village || Antenna Array,13691750,relativehumidity,%,44.0,2026-09-17T18:00:00Z
5199863,Kihumo Village || Antenna Array,13691750,relativehumidity,%,48.0,2026-09-17T19:00:00Z
5199863,Kihumo Village || Antenna Array,13691750,relativehumidity,%,54.0,2026-09-17T20:00:00Z
5199863,Kihumo Village || Antenna Array,13691750,relativehumidity,%,56.0,2026-09-17T21:00:00Z
5199863,Kihumo Village || Antenna Array,13691750,relativehumidity,%,58.0,2026-09-17T22:00:00Z
5199863,Kihumo Village || Antenna Array,13691750,relativehumidity,%,65.0,2026-09-18T00:00:00Z
5199863,Kihumo Village || Antenna Array,13691750,relativehumidity,%,66.0,2026-09-18T01:00:00Z
5199863,Kihumo Village || Antenna Array,13691750,relativehumidity,%,65.0,2026-09-18T02:00:00Z
5199863,Kihumo Village || Antenna Array,13691750,relativehumidity,%,66.0,2026-09-18T03:00:00Z
5199863,Kihumo Village || Antenna Array,13691750,relativehumidity,%,64.0,2026-09-18T04:00:00Z
5199863,Kihumo Village || Antenna Array,13691750,relativehumidity,%,50.0,2026-09-18T06:00:00Z
5199863,Kihumo Village || Antenna Array,13691750,relativehumidity,%,58.0,2026-09-18T08:00:00Z
5199863,Kihumo Village || Antenna Array,13691750,relativehumidity,%,38.0,2026-09-19T08:00:00Z
5199863,Kihumo Village || Antenna Array,13691750,relativehumidity,%,48.0,2026-09-20T06:00:00Z
5199863,Kihumo Village || Antenna Array,13691750,relativehumidity,%,47.0,2026-09-20T07:00:00Z
5199863,Kihumo Village || Antenna Array,13691750,relativehumidity,%,70.0,2026-09-20T20:00:00Z
5199863,Kihumo Village || Antenna Array,13691750,relativehumidity,%,70.0,2026-09-20T21:00:00Z
5199863,Kihumo Village || Antenna Array,13691750,relativehumidity,%,69.0,2026-09-20T22:00:00Z
5199863,Kihumo Village || Antenna Array,13691750,relativehumidity,%,69.0,2026-09-20T23:00:00Z
5199863,Kihumo Village || Antenna Array,13691750,relativehumidity,%,68.0,2026-09-21T00:00:00Z
5199863,Kihumo Village || Antenna Array,13691750,relativehumidity,%,68.0,2026-09-21T01:00:00Z
5199863,Kihumo Village || Antenna Array,13691750,relativehumidity,%,68.0,2026-09-21T02:00:00Z
5199863,Kihumo Village || Antenna Array,13691750,relativehumidity,%,69.0,2026-09-21T03:00:00Z
5199863,Kihumo Village || Antenna Array,13691750,relativehumidity,%,68.0,2026-09-21T04:00:00Z
5199863,Kihumo Village || Antenna Array,13691750,relativehumidity,%,67.0,2026-09-21T05:00:00Z
5199863,Kihumo Village || Antenna Array,13691750,relativehumidity,%,67.0,2026-09-21T06:00:00Z
5199863,Kihumo Village || Antenna Array,13691750,relativehumidity,%,58.0,2026-09-21T07:00:00Z
5199863,Kihumo Village || Antenna Array,13691750,relativehumidity,%,62.0,2026-09-21T08:00:00Z
5199863,Kihumo Village || Antenna Array,13691750,relativehumidity,%,59.0,2026-09-21T10:00:00Z
5199863,Kihumo Village || Antenna Array,13691750,relativehumidity,%,55.0,2026-09-21T11:00:00Z
5199863,Kihumo Village || Antenna Array,13691750,relativehumidity,%,58.0,2026-09-21T15:00:00Z
5199863,Kihumo Village || Antenna Array,13691750,relativehumidity,%,67.0,2026-09-21T20:00:00Z
5199863,Kihumo Village || Antenna Array,13691750,relativehumidity,%,68.0,2026-09-21T21:00:00Z
5199863,Kihumo Village || Antenna Array,13691750,relativehumidity,%,69.0,2026-09-21T22:00:00Z
5199863,Kihumo Village || Antenna Array,13691750,relativehumidity,%,69.0,2026-09-21T23:00:00Z
5199863,Kihumo Village || Antenna Array,13691750,relativehumidity,%,69.0,2026-09-22T00:00:00Z
5199863,Kihumo Village || Antenna Array,13691750,relativehumidity,%,69.0,2026-09-22T01:00:00Z
5199863,Kihumo Village || Antenna Array,13691750,relativehumidity,%,69.0,2026-09-22T02:00:00Z
5199863,Kihumo Village || Antenna Array,13691750,relativehumidity,%,70.0,2026-09-22T03:00:00Z
5199863,Kihumo Village || Antenna Array,13691750,relativehumidity,%,68.0,2026-09-22T04:00:00Z
5199863,Kihumo Village || Antenna Array,13691750,relativehumidity,%,62.0,2026-09-22T05:00:00Z
5199863,Kihumo Village || Antenna Array,13691750,relativehumidity,%,51.0,2026-09-22T06:00:00Z
5199863,Kihumo Village || Antenna Array,13691750,relativehumidity,%,39.0,2026-09-22T07:00:00Z
5199863,Kihumo Village || Antenna Array,13691750,relativehumidity,%,37.0,2026-09-22T08:00:00Z
5199863,Kihumo Village || Antenna Array,13691750,relativehumidity,%,38.0,2026-09-22T09:00:00Z
5199863,Kihumo Village || Antenna Array,13691750,relativehumidity,%,34.0,2026-09-22T10:00:00Z
5199863,Kihumo Village || Antenna Array,13691750,relativehumidity,%,33.0,2026-09-22T11:00:00Z
5199863,Kihumo Village || Antenna Array,13691750,relativehumidity,%,30.0,2026-09-22T12:00:00Z
5199863,Kihumo Village || Antenna Array,13691750,relativehumidity,%,54.0,2026-09-22T17:00:00Z
5199863,Kihumo Village || Antenna Array,13691750,relativehumidity,%,53.0,2026-09-22T18:00:00Z
5199863,Kihumo Village || Antenna Array,13691750,relativehumidity,%,55.0,2026-09-22T19:00:00Z
5199863,Kihumo Village || Antenna Array,13691750,relativehumidity,%,58.0,2026-09-22T20:00:00Z
5199863,Kihumo Village || Antenna Array,13691750,relativehumidity,%,59.0,2026-09-22T21:00:00Z
5199863,Kihumo Village || Antenna Array,13691750,relativehumidity,%,61.0,2026-09-22T22:00:00Z
5199863,Kihumo Village || Antenna Array,13691750,relativehumidity,%,62.0,2026-09-22T23:00:00Z
5199863,Kihumo Village || Antenna Array,13691750,relativehumidity,%,62.0,2026-09-23T00:00:00Z
5199863,Kihumo Village || Antenna Array,13691750,relativehumidity,%,65.0,2026-09-23T01:00:00Z
5199863,Kihumo Village || Antenna Array,13691750,relativehumidity,%,65.0,2026-09-23T02:00:00Z
5199863,Kihumo Village || Antenna Array,13691750,relativehumidity,%,65.0,2026-09-23T03:00:00Z
5199863,Kihumo Village || Antenna Array,13691750,relativehumidity,%,56.0,2026-09-23T05:00:00Z
5199863,Kihumo Village || Antenna Array,13691750,relativehumidity,%,54.0,2026-09-23T06:00:00Z
5199863,Kihumo Village || Antenna Array,13691750,relativehumidity,%,46.0,2026-09-23T07:00:00Z
5199863,Kihumo Village || Antenna Array,13691750,relativehumidity,%,43.0,2026-09-23T08:00:00Z
5199863,Kihumo Village || Antenna Array,13691750,relativehumidity,%,39.0,2026-09-23T09:00:00Z
5199863,Kihumo Village || Antenna Array,13691750,relativehumidity,%,36.0,2026-09-23T10:00:00Z
5199863,Kihumo Village || Antenna Array,13691750,relativehumidity,%,33.0,2026-09-23T11:00:00Z
5199863,Kihumo Village || Antenna Array,13691750,relativehumidity,%,30.0,2026-09-23T12:00:00Z
5199863,Kihumo Village || Antenna Array,13691750,relativehumidity,%,31.0,2026-09-23T13:00:00Z
5199863,Kihumo Village || Antenna Array,13691750,relativehumidity,%,35.0,2026-09-23T14:00:00Z
5199863,Kihumo Village || Antenna Array,13691750,relativehumidity,%,48.0,2026-09-23T15:00:00Z
5199863,Kihumo Village || Antenna Array,13691750,relativehumidity,%,51.0,2026-09-23T16:00:00Z
5199863,Kihumo Village || Antenna Array,13691750,relativehumidity,%,54.0,2026-09-23T17:00:00Z
5199863,Kihumo Village || Antenna Array,13691750,relativehumidity,%,56.0,2026-09-23T18:00:00Z
5199863,Kihumo Village || Antenna Array,13691750,relativehumidity,%,58.0,2026-09-23T20:00:00Z
5199863,Kihumo Village || Antenna Array,13691750,relativehumidity,%,65.0,2026-09-23T23:00:00Z
5199863,Kihumo Village || Antenna Array,13691750,relativehumidity,%,65.0,2026-09-24T00:00:00Z
5199863,Kihumo Village || Antenna Array,13691750,relativehumidity,%,63.0,2026-09-24T01:00:00Z
5199863,Kihumo Village || Antenna Array,13691750,relativehumidity,%,63.0,2026-09-24T02:00:00Z
5199863,Kihumo Village || Antenna Array,13691750,relativehumidity,%,62.0,2026-09-24T03:00:00Z
5199863,Kihumo Village || Antenna Array,13691750,relativehumidity,%,61.0,2026-09-24T04:00:00Z
5199863,Kihumo Village || Antenna Array,13691750,relativehumidity,%,53.0,2026-09-24T05:00:00Z
5199863,Kihumo Village || Antenna Array,13691750,relativehumidity,%,44.0,2026-09-24T06:00:00Z
5199863,Kihumo Village || Antenna Array,13691750,relativehumidity,%,37.0,2026-09-24T07:00:00Z
5199863,Kihumo Village || Antenna Array,13691750,relativehumidity,%,34.0,2026-09-24T08:00:00Z
5199863,Kihumo Village || Antenna Array,13691750,relativehumidity,%,34.0,2026-09-24T09:00:00Z
5199863,Kihumo Village || Antenna Array,13691750,relativehumidity,%,30.0,2026-09-24T10:00:00Z
5199863,Kihumo Village || Antenna Array,13691750,relativehumidity,%,25.0,2026-09-24T11:00:00Z
5199863,Kihumo Village || Antenna Array,13691750,relativehumidity,%,23.0,2026-09-24T12:00:00Z
5199863,Kihumo Village || Antenna Array,13691750,relativehumidity,%,22.0,2026-09-24T13:00:00Z
5199863,Kihumo Village || Antenna Array,13691750,relativehumidity,%,31.0,2026-09-24T14:00:00Z
5199863,Kihumo Village || Antenna Array,13691750,relativehumidity,%,37.0,2026-09-24T15:00:00Z
5199863,Kihumo Village || Antenna Array,13691750,relativehumidity,%,41.0,2026-09-24T16:00:00Z
5199863,Kihumo Village || Antenna Array,13691750,relativehumidity,%,44.0,2026-09-24T17:00:00Z
5199863,Kihumo Village || Antenna Array,13691750,relativehumidity,%,47.0,2026-09-24T18:00:00Z
5199863,Kihumo Village || Antenna Array,13691750,relativehumidity,%,52.0,2026-09-24T19:00:00Z
5199863,Kihumo Village || Antenna Array,13691750,relativehumidity,%,56.0,2026-09-24T20:00:00Z
5199863,Kihumo Village || Antenna Array,13691751,temperature,c,18.7,2026-07-31T21:00:00Z
5199863,Kihumo Village || Antenna Array,13691751,temperature,c,17.8,2026-07-31T22:00:00Z
5199863,Kihumo Village || Antenna Array,13691751,temperature,c,16.2,2026-07-31T23:00:00Z
5199863,Kihumo Village || Antenna Array,13691751,temperature,c,15.5,2026-08-01T00:00:00Z
5199863,Kihumo Village || Antenna Array,13691751,temperature,c,16.0,2026-08-01T01:00:00Z
5199863,Kihumo Village || Antenna Array,13691751,temperature,c,16.3,2026-08-01T02:00:00Z
5199863,Kihumo Village || Antenna Array,13691751,temperature,c,16.8,2026-08-01T03:00:00Z
5199863,Kihumo Village || Antenna Array,13691751,temperature,c,17.4,2026-08-01T04:00:00Z
5199863,Kihumo Village || Antenna Array,13691751,temperature,c,18.0,2026-08-01T05:00:00Z
5199863,Kihumo Village || Antenna Array,13691751,temperature,c,19.1,2026-08-01T06:00:00Z
5199863,Kihumo Village || Antenna Array,13691751,temperature,c,20.3,2026-08-01T07:00:00Z
5199863,Kihumo Village || Antenna Array,13691751,temperature,c,24.6,2026-08-01T08:00:00Z
5199863,Kihumo Village || Antenna Array,13691751,temperature,c,27.2,2026-08-01T09:00:00Z
5199863,Kihumo Village || Antenna Array,13691751,temperature,c,28.8,2026-08-01T10:00:00Z
5199863,Kihumo Village || Antenna Array,13691751,temperature,c,30.4,2026-08-01T11:00:00Z
5199863,Kihumo Village || Antenna Array,13691751,temperature,c,28.1,2026-08-01T12:00:00Z
5199863,Kihumo Village || Antenna Array,13691751,temperature,c,28.0,2026-08-01T13:00:00Z
5199863,Kihumo Village || Antenna Array,13691751,temperature,c,23.9,2026-08-01T14:00:00Z
5199863,Kihumo Village || Antenna Array,13691751,temperature,c,20.4,2026-08-01T15:00:00Z
5199863,Kihumo Village || Antenna Array,13691751,temperature,c,19.5,2026-08-01T16:00:00Z
5199863,Kihumo Village || Antenna Array,13691751,temperature,c,19.3,2026-08-01T17:00:00Z
5199863,Kihumo Village || Antenna Array,13691751,temperature,c,18.8,2026-08-01T18:00:00Z
5199863,Kihumo Village || Antenna Array,13691751,temperature,c,18.7,2026-08-01T19:00:00Z
5199863,Kihumo Village || Antenna Array,13691751,temperature,c,18.6,2026-08-01T20:00:00Z
5199863,Kihumo Village || Antenna Array,13691751,temperature,c,18.3,2026-08-01T21:00:00Z
5199863,Kihumo Village || Antenna Array,13691751,temperature,c,17.7,2026-08-01T22:00:00Z
5199863,Kihumo Village || Antenna Array,13691751,temperature,c,16.3,2026-08-01T23:00:00Z
5199863,Kihumo Village || Antenna Array,13691751,temperature,c,15.7,2026-08-02T00:00:00Z
5199863,Kihumo Village || Antenna Array,13691751,temperature,c,15.1,2026-08-02T01:00:00Z
5199863,Kihumo Village || Antenna Array,13691751,temperature,c,15.3,2026-08-02T02:00:00Z
5199863,Kihumo Village || Antenna Array,13691751,temperature,c,15.8,2026-08-02T03:00:00Z
5199863,Kihumo Village || Antenna Array,13691751,temperature,c,16.6,2026-08-02T04:00:00Z
5199863,Kihumo Village || Antenna Array,13691751,temperature,c,18.3,2026-08-02T05:00:00Z
5199863,Kihumo Village || Antenna Array,13691751,temperature,c,19.9,2026-08-02T06:00:00Z
5199863,Kihumo Village || Antenna Array,13691751,temperature,c,20.5,2026-08-02T07:00:00Z
5199863,Kihumo Village || Antenna Array,13691751,temperature,c,24.7,2026-08-02T08:00:00Z
5199863,Kihumo Village || Antenna Array,13691751,temperature,c,28.6,2026-08-02T09:00:00Z
5199863,Kihumo Village || Antenna Array,13691751,temperature,c,28.7,2026-08-02T10:00:00Z
5199863,Kihumo Village || Antenna Array,13691751,temperature,c,27.7,2026-08-02T11:00:00Z
5199863,Kihumo Village || Antenna Array,13691751,temperature,c,31.3,2026-08-02T12:00:00Z
5199863,Kihumo Village || Antenna Array,13691751,temperature,c,27.4,2026-08-02T13:00:00Z
5199863,Kihumo Village || Antenna Array,13691751,temperature,c,10.5,2026-08-02T14:00:00Z
5199863,Kihumo Village || Antenna Array,13691751,temperature,c,9.4,2026-08-02T15:00:00Z
5199863,Kihumo Village || Antenna Array,13691751,temperature,c,13.6,2026-08-02T16:00:00Z
5199863,Kihumo Village || Antenna Array,13691751,temperature,c,18.2,2026-08-02T17:00:00Z
5199863,Kihumo Village || Antenna Array,13691751,temperature,c,16.3,2026-08-02T18:00:00Z
5199863,Kihumo Village || Antenna Array,13691751,temperature,c,18.1,2026-08-02T19:00:00Z
5199863,Kihumo Village || Antenna Array,13691751,temperature,c,19.1,2026-08-02T20:00:00Z
5199863,Kihumo Village || Antenna Array,13691751,temperature,c,18.4,2026-08-02T21:00:00Z
5199863,Kihumo Village || Antenna Array,13691751,temperature,c,17.0,2026-08-02T22:00:00Z
5199863,Kihumo Village || Antenna Array,13691751,temperature,c,16.4,2026-08-02T23:00:00Z
5199863,Kihumo Village || Antenna Array,13691751,temperature,c,15.5,2026-08-03T00:00:00Z
5199863,Kihumo Village || Antenna Array,13691751,temperature,c,15.1,2026-08-03T01:00:00Z
5199863,Kihumo Village || Antenna Array,13691751,temperature,c,14.8,2026-08-03T02:00:00Z
5199863,Kihumo Village || Antenna Array,13691751,temperature,c,15.5,2026-08-03T03:00:00Z
5199863,Kihumo Village || Antenna Array,13691751,temperature,c,16.4,2026-08-03T04:00:00Z
5199863,Kihumo Village || Antenna Array,13691751,temperature,c,17.2,2026-08-03T05:00:00Z
5199863,Kihumo Village || Antenna Array,13691751,temperature,c,18.6,2026-08-03T06:00:00Z
5199863,Kihumo Village || Antenna Array,13691751,temperature,c,19.0,2026-08-03T07:00:00Z
5199863,Kihumo Village || Antenna Array,13691751,temperature,c,21.8,2026-08-03T08:00:00Z
5199863,Kihumo Village || Antenna Array,13691751,temperature,c,25.4,2026-08-03T09:00:00Z
5199863,Kihumo Village || Antenna Array,13691751,temperature,c,26.9,2026-08-03T10:00:00Z
5199863,Kihumo Village || Antenna Array,13691751,temperature,c,26.0,2026-08-03T11:00:00Z
5199863,Kihumo Village || Antenna Array,13691751,temperature,c,26.2,2026-08-03T12:00:00Z
5199863,Kihumo Village || Antenna Array,13691751,temperature,c,23.2,2026-08-03T13:00:00Z
5199863,Kihumo Village || Antenna Array,13691751,temperature,c,21.5,2026-08-03T14:00:00Z
5199863,Kihumo Village || Antenna Array,13691751,temperature,c,18.9,2026-08-03T15:00:00Z
5199863,Kihumo Village || Antenna Array,13691751,temperature,c,19.2,2026-08-03T16:00:00Z
5199863,Kihumo Village || Antenna Array,13691751,temperature,c,19.2,2026-08-03T17:00:00Z
5199863,Kihumo Village || Antenna Array,13691751,temperature,c,17.9,2026-08-03T18:00:00Z
5199863,Kihumo Village || Antenna Array,13691751,temperature,c,18.6,2026-08-03T19:00:00Z
5199863,Kihumo Village || Antenna Array,13691751,temperature,c,18.4,2026-08-03T20:00:00Z
5199863,Kihumo Village || Antenna Array,13691751,temperature,c,17.2,2026-08-03T21:00:00Z
5199863,Kihumo Village || Antenna Array,13691751,temperature,c,15.6,2026-08-03T22:00:00Z
5199863,Kihumo Village || Antenna Array,13691751,temperature,c,16.3,2026-08-03T23:00:00Z
5199863,Kihumo Village || Antenna Array,13691751,temperature,c,17.1,2026-08-04T00:00:00Z
5199863,Kihumo Village || Antenna Array,13691751,temperature,c,17.3,2026-08-04T01:00:00Z
5199863,Kihumo Village || Antenna Array,13691751,temperature,c,16.2,2026-08-04T02:00:00Z
5199863,Kihumo Village || Antenna Array,13691751,temperature,c,15.2,2026-08-04T03:00:00Z
5199863,Kihumo Village || Antenna Array,13691751,temperature,c,16.4,2026-08-04T04:00:00Z
5199863,Kihumo Village || Antenna Array,13691751,temperature,c,18.3,2026-08-04T05:00:00Z
5199863,Kihumo Village || Antenna Array,13691751,temperature,c,19.6,2026-08-04T06:00:00Z
5199863,Kihumo Village || Antenna Array,13691751,temperature,c,20.2,2026-08-04T07:00:00Z
5199863,Kihumo Village || Antenna Array,13691751,temperature,c,20.6,2026-08-04T08:00:00Z
5199863,Kihumo Village || Antenna Array,13691751,temperature,c,20.9,2026-08-04T09:00:00Z
5199863,Kihumo Village || Antenna Array,13691751,temperature,c,21.7,2026-08-04T10:00:00Z
5199863,Kihumo Village || Antenna Array,13691751,temperature,c,22.1,2026-08-04T11:00:00Z
5199863,Kihumo Village || Antenna Array,13691751,temperature,c,21.3,2026-08-04T12:00:00Z
5199863,Kihumo Village || Antenna Array,13691751,temperature,c,20.1,2026-08-04T13:00:00Z
5199863,Kihumo Village || Antenna Array,13691751,temperature,c,19.1,2026-08-04T14:00:00Z
5199863,Kihumo Village || Antenna Array,13691751,temperature,c,18.7,2026-08-04T15:00:00Z
5199863,Kihumo Village || Antenna Array,13691751,temperature,c,19.2,2026-08-04T16:00:00Z
5199863,Kihumo Village || Antenna Array,13691751,temperature,c,19.0,2026-08-04T17:00:00Z
5199863,Kihumo Village || Antenna Array,13691751,temperature,c,19.0,2026-08-04T18:00:00Z
5199863,Kihumo Village || Antenna Array,13691751,temperature,c,18.8,2026-08-04T19:00:00Z
5199863,Kihumo Village || Antenna Array,13691751,temperature,c,18.9,2026-08-04T20:00:00Z
5199863,Kihumo Village || Antenna Array,13691751,temperature,c,17.9,2026-08-04T21:00:00Z
5199863,Kihumo Village || Antenna Array,13691751,temperature,c,17.5,2026-08-04T22:00:00Z
5199863,Kihumo Village || Antenna Array,13691751,temperature,c,17.3,2026-08-04T23:00:00Z
5199863,Kihumo Village || Antenna Array,13691751,temperature,c,16.3,2026-08-05T00:00:00Z
5199863,Kihumo Village || Antenna Array,13691751,temperature,c,16.1,2026-08-05T01:00:00Z
5199863,Kihumo Village || Antenna Array,13691751,temperature,c,15.3,2026-08-05T02:00:00Z
5199863,Kihumo Village || Antenna Array,13691751,temperature,c,15.1,2026-08-05T03:00:00Z
5199863,Kihumo Village || Antenna Array,13691751,temperature,c,15.5,2026-08-05T04:00:00Z
5199863,Kihumo Village || Antenna Array,13691751,temperature,c,19.0,2026-08-05T05:00:00Z
5199863,Kihumo Village || Antenna Array,13691751,temperature,c,24.2,2026-08-05T06:00:00Z
5199863,Kihumo Village || Antenna Array,13691751,temperature,c,28.0,2026-08-05T07:00:00Z
5199863,Kihumo Village || Antenna Array,13691751,temperature,c,28.0,2026-08-05T08:00:00Z
5199863,Kihumo Village || Antenna Array,13691751,temperature,c,33.4,2026-08-05T10:00:00Z
5199863,Kihumo Village || Antenna Array,13691751,temperature,c,33.9,2026-08-05T11:00:00Z
5199863,Kihumo Village || Antenna Array,13691751,temperature,c,12.3,2026-08-05T18:00:00Z
5199863,Kihumo Village || Antenna Array,13691751,temperature,c,16.2,2026-08-05T19:00:00Z
5199863,Kihumo Village || Antenna Array,13691751,temperature,c,16.3,2026-08-05T20:00:00Z
5199863,Kihumo Village || Antenna Array,13691751,temperature,c,15.9,2026-08-05T21:00:00Z
5199863,Kihumo Village || Antenna Array,13691751,temperature,c,16.0,2026-08-05T22:00:00Z
5199863,Kihumo Village || Antenna Array,13691751,temperature,c,17.3,2026-08-05T23:00:00Z
5199863,Kihumo Village || Antenna Array,13691751,temperature,c,17.5,2026-08-06T00:00:00Z
5199863,Kihumo Village || Antenna Array,13691751,temperature,c,17.5,2026-08-06T01:00:00Z
5199863,Kihumo Village || Antenna Array,13691751,temperature,c,17.5,2026-08-06T02:00:00Z
5199863,Kihumo Village || Antenna Array,13691751,temperature,c,17.5,2026-08-06T03:00:00Z
5199863,Kihumo Village || Antenna Array,13691751,temperature,c,18.2,2026-08-06T04:00:00Z
5199863,Kihumo Village || Antenna Array,13691751,temperature,c,19.8,2026-08-06T05:00:00Z
5199863,Kihumo Village || Antenna Array,13691751,temperature,c,22.5,2026-08-06T06:00:00Z
5199863,Kihumo Village || Antenna Array,13691751,temperature,c,25.4,2026-08-06T07:00:00Z
5199863,Kihumo Village || Antenna Array,13691751,temperature,c,26.2,2026-08-06T08:00:00Z
5199863,Kihumo Village || Antenna Array,13691751,temperature,c,28.7,2026-08-06T09:00:00Z
5199863,Kihumo Village || Antenna Array,13691751,temperature,c,30.5,2026-08-06T10:00:00Z
5199863,Kihumo Village || Antenna Array,13691751,temperature,c,32.1,2026-08-06T11:00:00Z
5199863,Kihumo Village || Antenna Array,13691751,temperature,c,33.3,2026-08-06T12:00:00Z
5199863,Kihumo Village || Antenna Array,13691751,temperature,c,30.4,2026-08-06T13:00:00Z
5199863,Kihumo Village || Antenna Array,13691751,temperature,c,28.4,2026-08-06T14:00:00Z
5199863,Kihumo Village || Antenna Array,13691751,temperature,c,20.6,2026-08-06T15:00:00Z
5199863,Kihumo Village || Antenna Array,13691751,temperature,c,19.2,2026-08-06T16:00:00Z
5199863,Kihumo Village || Antenna Array,13691751,temperature,c,19.3,2026-08-06T17:00:00Z
5199863,Kihumo Village || Antenna Array,13691751,temperature,c,19.3,2026-08-06T18:00:00Z
5199863,Kihumo Village || Antenna Array,13691751,temperature,c,19.2,2026-08-06T19:00:00Z
5199863,Kihumo Village || Antenna Array,13691751,temperature,c,19.3,2026-08-06T20:00:00Z
5199863,Kihumo Village || Antenna Array,13691751,temperature,c,18.6,2026-08-06T21:00:00Z
5199863,Kihumo Village || Antenna Array,13691751,temperature,c,18.4,2026-08-06T22:00:00Z
5199863,Kihumo Village || Antenna Array,13691751,temperature,c,18.4,2026-08-06T23:00:00Z
5199863,Kihumo Village || Antenna Array,13691751,temperature,c,18.1,2026-08-07T00:00:00Z
5199863,Kihumo Village || Antenna Array,13691751,temperature,c,17.7,2026-08-07T01:00:00Z
5199863,Kihumo Village || Antenna Array,13691751,temperature,c,17.6,2026-08-07T02:00:00Z
5199863,Kihumo Village || Antenna Array,13691751,temperature,c,17.5,2026-08-07T03:00:00Z
5199863,Kihumo Village || Antenna Array,13691751,temperature,c,17.8,2026-08-07T04:00:00Z
5199863,Kihumo Village || Antenna Array,13691751,temperature,c,19.4,2026-08-07T05:00:00Z
5199863,Kihumo Village || Antenna Array,13691751,temperature,c,23.6,2026-08-07T06:00:00Z
5199863,Kihumo Village || Antenna Array,13691751,temperature,c,24.4,2026-08-07T07:00:00Z
5199863,Kihumo Village || Antenna Array,13691751,temperature,c,25.6,2026-08-07T08:00:00Z
5199863,Kihumo Village || Antenna Array,13691751,temperature,c,27.4,2026-08-07T09:00:00Z
5199863,Kihumo Village || Antenna Array,13691751,temperature,c,29.0,2026-08-07T10:00:00Z
5199863,Kihumo Village || Antenna Array,13691751,temperature,c,31.6,2026-08-07T11:00:00Z
5199863,Kihumo Village || Antenna Array,13691751,temperature,c,32.0,2026-08-07T12:00:00Z
5199863,Kihumo Village || Antenna Array,13691751,temperature,c,28.7,2026-08-07T13:00:00Z
5199863,Kihumo Village || Antenna Array,13691751,temperature,c,26.8,2026-08-07T14:00:00Z
5199863,Kihumo Village || Antenna Array,13691751,temperature,c,23.2,2026-08-07T15:00:00Z
5199863,Kihumo Village || Antenna Array,13691751,temperature,c,21.1,2026-08-07T16:00:00Z
5199863,Kihumo Village || Antenna Array,13691751,temperature,c,20.6,2026-08-07T17:00:00Z
5199863,Kihumo Village || Antenna Array,13691751,temperature,c,20.0,2026-08-07T18:00:00Z
5199863,Kihumo Village || Antenna Array,13691751,temperature,c,19.3,2026-08-07T19:00:00Z
5199863,Kihumo Village || Antenna Array,13691751,temperature,c,19.0,2026-08-07T20:00:00Z
5199863,Kihumo Village || Antenna Array,13691751,temperature,c,18.7,2026-08-07T21:00:00Z
5199863,Kihumo Village || Antenna Array,13691751,temperature,c,18.4,2026-08-07T22:00:00Z
5199863,Kihumo Village || Antenna Array,13691751,temperature,c,18.2,2026-08-07T23:00:00Z
5199863,Kihumo Village || Antenna Array,13691751,temperature,c,17.9,2026-08-08T00:00:00Z
5199863,Kihumo Village || Antenna Array,13691751,temperature,c,17.6,2026-08-08T01:00:00Z
5199863,Kihumo Village || Antenna Array,13691751,temperature,c,17.5,2026-08-08T02:00:00Z
5199863,Kihumo Village || Antenna Array,13691751,temperature,c,17.3,2026-08-08T03:00:00Z
5199863,Kihumo Village || Antenna Array,13691751,temperature,c,17.5,2026-08-08T04:00:00Z
5199863,Kihumo Village || Antenna Array,13691751,temperature,c,18.5,2026-08-08T05:00:00Z
5199863,Kihumo Village || Antenna Array,13691751,temperature,c,20.8,2026-08-08T06:00:00Z
5199863,Kihumo Village || Antenna Array,13691751,temperature,c,19.3,2026-08-08T07:00:00Z
5199863,Kihumo Village || Antenna Array,13691751,temperature,c,24.3,2026-08-08T08:00:00Z
5199863,Kihumo Village || Antenna Array,13691751,temperature,c,26.4,2026-08-08T09:00:00Z
5199863,Kihumo Village || Antenna Array,13691751,temperature,c,28.2,2026-08-08T10:00:00Z
5199863,Kihumo Village || Antenna Array,13691751,temperature,c,31.1,2026-08-08T11:00:00Z
5199863,Kihumo Village || Antenna Array,13691751,temperature,c,31.9,2026-08-08T12:00:00Z
5199863,Kihumo Village || Antenna Array,13691751,temperature,c,30.9,2026-08-08T13:00:00Z
5199863,Kihumo Village || Antenna Array,13691751,temperature,c,26.9,2026-08-08T14:00:00Z
5199863,Kihumo Village || Antenna Array,13691751,temperature,c,22.5,2026-08-08T15:00:00Z
5199863,Kihumo Village || Antenna Array,13691751,temperature,c,19.8,2026-08-08T16:00:00Z
5199863,Kihumo Village || Antenna Array,13691751,temperature,c,19.4,2026-08-08T17:00:00Z
5199863,Kihumo Village || Antenna Array,13691751,temperature,c,18.4,2026-08-08T18:00:00Z
5199863,Kihumo Village || Antenna Array,13691751,temperature,c,18.2,2026-08-08T19:00:00Z
5199863,Kihumo Village || Antenna Array,13691751,temperature,c,17.9,2026-08-08T20:00:00Z
5199863,Kihumo Village || Antenna Array,13691751,temperature,c,17.4,2026-08-08T21:00:00Z
5199863,Kihumo Village || Antenna Array,13691751,temperature,c,17.8,2026-08-08T22:00:00Z
5199863,Kihumo Village || Antenna Array,13691751,temperature,c,18.0,2026-08-08T23:00:00Z
5199863,Kihumo Village || Antenna Array,13691751,temperature,c,17.8,2026-08-09T00:00:00Z
5199863,Kihumo Village || Antenna Array,13691751,temperature,c,17.8,2026-08-09T01:00:00Z
5199863,Kihumo Village || Antenna Array,13691751,temperature,c,17.6,2026-08-09T02:00:00Z
5199863,Kihumo Village || Antenna Array,13691751,temperature,c,17.5,2026-08-09T03:00:00Z
5199863,Kihumo Village || Antenna Array,13691751,temperature,c,17.8,2026-08-09T04:00:00Z
5199863,Kihumo Village || Antenna Array,13691751,temperature,c,26.3,2026-08-09T12:00:00Z
5199863,Kihumo Village || Antenna Array,13691751,temperature,c,27.0,2026-08-09T13:00:00Z
5199863,Kihumo Village || Antenna Array,13691751,temperature,c,25.0,2026-08-09T14:00:00Z
5199863,Kihumo Village || Antenna Array,13691751,temperature,c,21.5,2026-08-09T15:00:00Z
5199863,Kihumo Village || Antenna Array,13691751,temperature,c,19.3,2026-08-09T16:00:00Z
5199863,Kihumo Village || Antenna Array,13691751,temperature,c,19.0,2026-08-09T17:00:00Z
5199863,Kihumo Village || Antenna Array,13691751,temperature,c,18.7,2026-08-09T18:00:00Z
5199863,Kihumo Village || Antenna Array,13691751,temperature,c,17.6,2026-08-09T19:00:00Z
5199863,Kihumo Village || Antenna Array,13691751,temperature,c,15.7,2026-08-09T20:00:00Z
5199863,Kihumo Village || Antenna Array,13691751,temperature,c,15.4,2026-08-09T21:00:00Z
5199863,Kihumo Village || Antenna Array,13691751,temperature,c,15.2,2026-08-09T22:00:00Z
5199863,Kihumo Village || Antenna Array,13691751,temperature,c,14.2,2026-08-09T23:00:00Z
5199863,Kihumo Village || Antenna Array,13691751,temperature,c,13.5,2026-08-10T00:00:00Z
5199863,Kihumo Village || Antenna Array,13691751,temperature,c,14.1,2026-08-10T01:00:00Z
5199863,Kihumo Village || Antenna Array,13691751,temperature,c,15.4,2026-08-10T02:00:00Z
5199863,Kihumo Village || Antenna Array,13691751,temperature,c,16.0,2026-08-10T03:00:00Z
5199863,Kihumo Village || Antenna Array,13691751,temperature,c,16.5,2026-08-10T04:00:00Z
5199863,Kihumo Village || Antenna Array,13691751,temperature,c,17.9,2026-08-10T05:00:00Z
5199863,Kihumo Village || Antenna Array,13691751,temperature,c,19.3,2026-08-10T06:00:00Z
5199863,Kihumo Village || Antenna Array,13691751,temperature,c,23.1,2026-08-10T07:00:00Z
5199863,Kihumo Village || Antenna Array,13691751,temperature,c,25.7,2026-08-10T08:00:00Z
5199863,Kihumo Village || Antenna Array,13691751,temperature,c,27.0,2026-08-10T09:00:00Z
5199863,Kihumo Village || Antenna Array,13691751,temperature,c,29.2,2026-08-10T10:00:00Z
5199863,Kihumo Village || Antenna Array,13691751,temperature,c,32.2,2026-08-10T11:00:00Z
5199863,Kihumo Village || Antenna Array,13691751,temperature,c,33.7,2026-08-10T12:00:00Z
5199863,Kihumo Village || Antenna Array,13691751,temperature,c,33.2,2026-08-10T13:00:00Z
5199863,Kihumo Village || Antenna Array,13691751,temperature,c,27.2,2026-08-10T14:00:00Z
5199863,Kihumo Village || Antenna Array,13691751,temperature,c,22.1,2026-08-10T15:00:00Z
5199863,Kihumo Village || Antenna Array,13691751,temperature,c,19.7,2026-08-10T16:00:00Z
5199863,Kihumo Village || Antenna Array,13691751,temperature,c,18.4,2026-08-10T17:00:00Z
5199863,Kihumo Village || Antenna Array,13691751,temperature,c,16.4,2026-08-10T18:00:00Z
5199863,Kihumo Village || Antenna Array,13691751,temperature,c,15.4,2026-08-10T19:00:00Z
5199863,Kihumo Village || Antenna Array,13691751,temperature,c,14.5,2026-08-10T20:00:00Z
5199863,Kihumo Village || Antenna Array,13691751,temperature,c,13.7,2026-08-10T21:00:00Z
5199863,Kihumo Village || Antenna Array,13691751,temperature,c,13.0,2026-08-10T22:00:00Z
5199863,Kihumo Village || Antenna Array,13691751,temperature,c,12.5,2026-08-10T23:00:00Z
5199863,Kihumo Village || Antenna Array,13691751,temperature,c,12.2,2026-08-11T00:00:00Z
5199863,Kihumo Village || Antenna Array,13691751,temperature,c,13.4,2026-08-11T01:00:00Z
5199863,Kihumo Village || Antenna Array,13691751,temperature,c,15.3,2026-08-11T02:00:00Z
5199863,Kihumo Village || Antenna Array,13691751,temperature,c,16.0,2026-08-11T03:00:00Z
5199863,Kihumo Village || Antenna Array,13691751,temperature,c,16.5,2026-08-11T04:00:00Z
5199863,Kihumo Village || Antenna Array,13691751,temperature,c,17.7,2026-08-11T05:00:00Z
5199863,Kihumo Village || Antenna Array,13691751,temperature,c,20.5,2026-08-11T06:00:00Z
5199863,Kihumo Village || Antenna Array,13691751,temperature,c,24.3,2026-08-11T07:00:00Z
5199863,Kihumo Village || Antenna Array,13691751,temperature,c,27.7,2026-08-11T08:00:00Z
5199863,Kihumo Village || Antenna Array,13691751,temperature,c,28.5,2026-08-11T09:00:00Z
5199863,Kihumo Village || Antenna Array,13691751,temperature,c,30.6,2026-08-11T10:00:00Z
5199863,Kihumo Village || Antenna Array,13691751,temperature,c,33.4,2026-08-11T11:00:00Z
5199863,Kihumo Village || Antenna Array,13691751,temperature,c,19.0,2026-08-11T15:00:00Z
5199863,Kihumo Village || Antenna Array,13691751,temperature,c,20.2,2026-08-11T16:00:00Z
5199863,Kihumo Village || Antenna Array,13691751,temperature,c,19.0,2026-08-11T17:00:00Z
5199863,Kihumo Village || Antenna Array,13691751,temperature,c,17.5,2026-08-11T18:00:00Z
5199863,Kihumo Village || Antenna Array,13691751,temperature,c,15.8,2026-08-11T19:00:00Z
5199863,Kihumo Village || Antenna Array,13691751,temperature,c,15.7,2026-08-11T20:00:00Z
5199863,Kihumo Village || Antenna Array,13691751,temperature,c,15.2,2026-08-11T21:00:00Z
5199863,Kihumo Village || Antenna Array,13691751,temperature,c,14.4,2026-08-11T22:00:00Z
5199863,Kihumo Village || Antenna Array,13691751,temperature,c,13.4,2026-08-11T23:00:00Z
5199863,Kihumo Village || Antenna Array,13691751,temperature,c,12.9,2026-08-12T00:00:00Z
5199863,Kihumo Village || Antenna Array,13691751,temperature,c,12.5,2026-08-12T01:00:00Z
5199863,Kihumo Village || Antenna Array,13691751,temperature,c,12.3,2026-08-12T02:00:00Z
5199863,Kihumo Village || Antenna Array,13691751,temperature,c,12.2,2026-08-12T03:00:00Z
5199863,Kihumo Village || Antenna Array,13691751,temperature,c,13.2,2026-08-12T04:00:00Z
5199863,Kihumo Village || Antenna Array,13691751,temperature,c,18.3,2026-08-12T05:00:00Z
5199863,Kihumo Village || Antenna Array,13691751,temperature,c,24.8,2026-08-12T06:00:00Z
5199863,Kihumo Village || Antenna Array,13691751,temperature,c,28.6,2026-08-12T07:00:00Z
5199863,Kihumo Village || Antenna Array,13691751,temperature,c,29.6,2026-08-12T08:00:00Z
5199863,Kihumo Village || Antenna Array,13691751,temperature,c,30.0,2026-08-12T09:00:00Z
5199863,Kihumo Village || Antenna Array,13691751,temperature,c,31.9,2026-08-12T10:00:00Z
5199863,Kihumo Village || Antenna Array,13691751,temperature,c,33.4,2026-08-12T11:00:00Z
5199863,Kihumo Village || Antenna Array,13691751,temperature,c,32.2,2026-08-12T12:00:00Z
5199863,Kihumo Village || Antenna Array,13691751,temperature,c,30.3,2026-08-12T13:00:00Z
5199863,Kihumo Village || Antenna Array,13691751,temperature,c,26.7,2026-08-12T14:00:00Z
5199863,Kihumo Village || Antenna Array,13691751,temperature,c,24.2,2026-08-12T15:00:00Z
5199863,Kihumo Village || Antenna Array,13691751,temperature,c,22.3,2026-08-12T16:00:00Z
5199863,Kihumo Village || Antenna Array,13691751,temperature,c,20.6,2026-08-12T17:00:00Z
5199863,Kihumo Village || Antenna Array,13691751,temperature,c,19.1,2026-08-12T18:00:00Z
5199863,Kihumo Village || Antenna Array,13691751,temperature,c,17.8,2026-08-12T19:00:00Z
5199863,Kihumo Village || Antenna Array,13691751,temperature,c,17.1,2026-08-12T20:00:00Z
5199863,Kihumo Village || Antenna Array,13691751,temperature,c,15.7,2026-08-12T21:00:00Z
5199863,Kihumo Village || Antenna Array,13691751,temperature,c,14.7,2026-08-12T22:00:00Z
5199863,Kihumo Village || Antenna Array,13691751,temperature,c,14.2,2026-08-12T23:00:00Z
5199863,Kihumo Village || Antenna Array,13691751,temperature,c,13.5,2026-08-13T00:00:00Z
5199863,Kihumo Village || Antenna Array,13691751,temperature,c,13.1,2026-08-13T01:00:00Z
5199863,Kihumo Village || Antenna Array,13691751,temperature,c,12.8,2026-08-13T02:00:00Z
5199863,Kihumo Village || Antenna Array,13691751,temperature,c,12.6,2026-08-13T03:00:00Z
5199863,Kihumo Village || Antenna Array,13691751,temperature,c,13.5,2026-08-13T04:00:00Z
5199863,Kihumo Village || Antenna Array,13691751,temperature,c,18.8,2026-08-13T05:00:00Z
5199863,Kihumo Village || Antenna Array,13691751,temperature,c,25.2,2026-08-13T06:00:00Z
5199863,Kihumo Village || Antenna Array,13691751,temperature,c,28.8,2026-08-13T07:00:00Z
5199863,Kihumo Village || Antenna Array,13691751,temperature,c,29.6,2026-08-13T08:00:00Z
5199863,Kihumo Village || Antenna Array,13691751,temperature,c,29.3,2026-08-13T09:00:00Z
5199863,Kihumo Village || Antenna Array,13691751,temperature,c,30.8,2026-08-13T10:00:00Z
5199863,Kihumo Village || Antenna Array,13691751,temperature,c,33.7,2026-08-13T11:00:00Z
5199863,Kihumo Village || Antenna Array,13691751,temperature,c,35.1,2026-08-13T12:00:00Z
5199863,Kihumo Village || Antenna Array,13691751,temperature,c,35.0,2026-08-13T13:00:00Z
5199863,Kihumo Village || Antenna Array,13691751,temperature,c,28.6,2026-08-13T14:00:00Z
5199863,Kihumo Village || Antenna Array,13691751,temperature,c,22.0,2026-08-13T15:00:00Z
5199863,Kihumo Village || Antenna Array,13691751,temperature,c,19.9,2026-08-13T16:00:00Z
5199863,Kihumo Village || Antenna Array,13691751,temperature,c,17.7,2026-08-13T17:00:00Z
5199863,Kihumo Village || Antenna Array,13691751,temperature,c,16.4,2026-08-13T18:00:00Z
5199863,Kihumo Village || Antenna Array,13691751,temperature,c,15.2,2026-08-13T19:00:00Z
5199863,Kihumo Village || Antenna Array,13691751,temperature,c,30.4,2026-08-14T11:00:00Z
5199863,Kihumo Village || Antenna Array,13691751,temperature,c,31.9,2026-08-14T13:00:00Z
5199863,Kihumo Village || Antenna Array,13691751,temperature,c,18.8,2026-08-15T16:00:00Z
5199863,Kihumo Village || Antenna Array,13691751,temperature,c,17.9,2026-08-15T19:00:00Z
5199863,Kihumo Village || Antenna Array,13691751,temperature,c,18.5,2026-08-16T08:00:00Z
5199863,Kihumo Village || Antenna Array,13691751,temperature,c,18.7,2026-08-16T09:00:00Z
5199863,Kihumo Village || Antenna Array,13691751,temperature,c,19.8,2026-08-16T10:00:00Z
5199863,Kihumo Village || Antenna Array,13691751,temperature,c,21.2,2026-08-16T11:00:00Z
5199863,Kihumo Village || Antenna Array,13691751,temperature,c,22.5,2026-08-16T12:00:00Z
5199863,Kihumo Village || Antenna Array,13691751,temperature,c,22.6,2026-08-16T13:00:00Z
5199863,Kihumo Village || Antenna Array,13691751,temperature,c,21.7,2026-08-16T14:00:00Z
5199863,Kihumo Village || Antenna Array,13691751,temperature,c,18.8,2026-08-16T15:00:00Z
5199863,Kihumo Village || Antenna Array,13691751,temperature,c,18.1,2026-08-16T16:00:00Z
5199863,Kihumo Village || Antenna Array,13691751,temperature,c,18.0,2026-08-16T17:00:00Z
5199863,Kihumo Village || Antenna Array,13691751,temperature,c,18.2,2026-08-16T18:00:00Z
5199863,Kihumo Village || Antenna Array,13691751,temperature,c,18.2,2026-08-16T19:00:00Z
5199863,Kihumo Village || Antenna Array,13691751,temperature,c,18.0,2026-08-16T20:00:00Z
5199863,Kihumo Village || Antenna Array,13691751,temperature,c,18.7,2026-08-17T06:00:00Z
5199863,Kihumo Village || Antenna Array,13691751,temperature,c,20.0,2026-08-17T07:00:00Z
5199863,Kihumo Village || Antenna Array,13691751,temperature,c,21.5,2026-08-17T08:00:00Z
5199863,Kihumo Village || Antenna Array,13691751,temperature,c,21.3,2026-08-17T09:00:00Z
5199863,Kihumo Village || Antenna Array,13691751,temperature,c,27.0,2026-08-17T10:00:00Z
5199863,Kihumo Village || Antenna Array,13691751,temperature,c,27.4,2026-08-17T11:00:00Z
5199863,Kihumo Village || Antenna Array,13691751,temperature,c,26.0,2026-08-17T12:00:00Z
5199863,Kihumo Village || Antenna Array,13691751,temperature,c,23.9,2026-08-17T13:00:00Z
5199863,Kihumo Village || Antenna Array,13691751,temperature,c,23.4,2026-08-17T14:00:00Z
5199863,Kihumo Village || Antenna Array,13691751,temperature,c,21.3,2026-08-17T15:00:00Z
5199863,Kihumo Village || Antenna Array,13691751,temperature,c,19.8,2026-08-17T16:00:00Z
5199863,Kihumo Village || Antenna Array,13691751,temperature,c,19.9,2026-08-17T17:00:00Z
5199863,Kihumo Village || Antenna Array,13691751,temperature,c,19.3,2026-08-17T18:00:00Z
5199863,Kihumo Village || Antenna Array,13691751,temperature,c,19.3,2026-08-17T19:00:00Z
5199863,Kihumo Village || Antenna Array,13691751,temperature,c,19.0,2026-08-17T20:00:00Z
5199863,Kihumo Village || Antenna Array,13691751,temperature,c,19.1,2026-08-17T21:00:00Z
5199863,Kihumo Village || Antenna Array,13691751,temperature,c,18.9,2026-08-17T22:00:00Z
5199863,Kihumo Village || Antenna Array,13691751,temperature,c,18.7,2026-08-17T23:00:00Z
5199863,Kihumo Village || Antenna Array,13691751,temperature,c,18.5,2026-08-18T00:00:00Z
5199863,Kihumo Village || Antenna Array,13691751,temperature,c,18.4,2026-08-18T01:00:00Z
5199863,Kihumo Village || Antenna Array,13691751,temperature,c,18.3,2026-08-18T02:00:00Z
5199863,Kihumo Village || Antenna Array,13691751,temperature,c,17.7,2026-08-18T03:00:00Z
5199863,Kihumo Village || Antenna Array,13691751,temperature,c,17.7,2026-08-18T04:00:00Z
5199863,Kihumo Village || Antenna Array,13691751,temperature,c,17.6,2026-08-18T05:00:00Z
5199863,Kihumo Village || Antenna Array,13691751,temperature,c,18.0,2026-08-18T06:00:00Z
5199863,Kihumo Village || Antenna Array,13691751,temperature,c,18.7,2026-08-18T07:00:00Z
5199863,Kihumo Village || Antenna Array,13691751,temperature,c,20.6,2026-08-18T08:00:00Z
5199863,Kihumo Village || Antenna Array,13691751,temperature,c,22.9,2026-08-18T09:00:00Z
5199863,Kihumo Village || Antenna Array,13691751,temperature,c,20.4,2026-08-18T10:00:00Z
5199863,Kihumo Village || Antenna Array,13691751,temperature,c,20.0,2026-08-18T11:00:00Z
5199863,Kihumo Village || Antenna Array,13691751,temperature,c,23.6,2026-08-18T12:00:00Z
5199863,Kihumo Village || Antenna Array,13691751,temperature,c,25.1,2026-08-18T13:00:00Z
5199863,Kihumo Village || Antenna Array,13691751,temperature,c,23.1,2026-08-18T14:00:00Z
5199863,Kihumo Village || Antenna Array,13691751,temperature,c,20.1,2026-08-18T15:00:00Z
5199863,Kihumo Village || Antenna Array,13691751,temperature,c,19.0,2026-08-18T16:00:00Z
5199863,Kihumo Village || Antenna Array,13691751,temperature,c,19.3,2026-08-18T17:00:00Z
5199863,Kihumo Village || Antenna Array,13691751,temperature,c,19.0,2026-08-18T18:00:00Z
5199863,Kihumo Village || Antenna Array,13691751,temperature,c,18.4,2026-08-18T19:00:00Z
5199863,Kihumo Village || Antenna Array,13691751,temperature,c,18.1,2026-08-18T20:00:00Z
5199863,Kihumo Village || Antenna Array,13691751,temperature,c,17.9,2026-08-18T21:00:00Z
5199863,Kihumo Village || Antenna Array,13691751,temperature,c,17.8,2026-08-18T22:00:00Z
5199863,Kihumo Village || Antenna Array,13691751,temperature,c,17.6,2026-08-18T23:00:00Z
5199863,Kihumo Village || Antenna Array,13691751,temperature,c,17.8,2026-08-19T00:00:00Z
5199863,Kihumo Village || Antenna Array,13691751,temperature,c,17.7,2026-08-19T01:00:00Z
5199863,Kihumo Village || Antenna Array,13691751,temperature,c,17.9,2026-08-19T02:00:00Z
5199863,Kihumo Village || Antenna Array,13691751,temperature,c,17.9,2026-08-19T03:00:00Z
5199863,Kihumo Village || Antenna Array,13691751,temperature,c,17.6,2026-08-19T04:00:00Z
5199863,Kihumo Village || Antenna Array,13691751,temperature,c,18.0,2026-08-19T05:00:00Z
5199863,Kihumo Village || Antenna Array,13691751,temperature,c,18.4,2026-08-19T06:00:00Z
5199863,Kihumo Village || Antenna Array,13691751,temperature,c,20.2,2026-08-19T07:00:00Z
5199863,Kihumo Village || Antenna Array,13691751,temperature,c,19.5,2026-08-19T08:00:00Z
5199863,Kihumo Village || Antenna Array,13691751,temperature,c,22.5,2026-08-19T09:00:00Z
5199863,Kihumo Village || Antenna Array,13691751,temperature,c,24.5,2026-08-19T10:00:00Z
5199863,Kihumo Village || Antenna Array,13691751,temperature,c,27.1,2026-08-19T11:00:00Z
5199863,Kihumo Village || Antenna Array,13691751,temperature,c,29.9,2026-08-19T12:00:00Z
5199863,Kihumo Village || Antenna Array,13691751,temperature,c,28.4,2026-08-19T13:00:00Z
5199863,Kihumo Village || Antenna Array,13691751,temperature,c,24.5,2026-08-19T14:00:00Z
5199863,Kihumo Village || Antenna Array,13691751,temperature,c,21.8,2026-08-19T15:00:00Z
5199863,Kihumo Village || Antenna Array,13691751,temperature,c,20.8,2026-08-19T16:00:00Z
5199863,Kihumo Village || Antenna Array,13691751,temperature,c,20.4,2026-08-19T17:00:00Z
5199863,Kihumo Village || Antenna Array,13691751,temperature,c,19.4,2026-08-19T18:00:00Z
5199863,Kihumo Village || Antenna Array,13691751,temperature,c,18.3,2026-08-19T19:00:00Z
5199863,Kihumo Village || Antenna Array,13691751,temperature,c,17.7,2026-08-19T20:00:00Z
5199863,Kihumo Village || Antenna Array,13691751,temperature,c,18.2,2026-08-19T21:00:00Z
5199863,Kihumo Village || Antenna Array,13691751,temperature,c,17.5,2026-08-19T22:00:00Z
5199863,Kihumo Village || Antenna Array,13691751,temperature,c,17.4,2026-08-19T23:00:00Z
5199863,Kihumo Village || Antenna Array,13691751,temperature,c,17.2,2026-08-20T00:00:00Z
5199863,Kihumo Village || Antenna Array,13691751,temperature,c,17.2,2026-08-20T01:00:00Z
5199863,Kihumo Village || Antenna Array,13691751,temperature,c,16.9,2026-08-20T02:00:00Z
5199863,Kihumo Village || Antenna Array,13691751,temperature,c,16.6,2026-08-20T03:00:00Z
5199863,Kihumo Village || Antenna Array,13691751,temperature,c,17.7,2026-08-20T05:00:00Z
5199863,Kihumo Village || Antenna Array,13691751,temperature,c,19.8,2026-08-20T06:00:00Z
5199863,Kihumo Village || Antenna Array,13691751,temperature,c,24.9,2026-08-20T07:00:00Z
5199863,Kihumo Village || Antenna Array,13691751,temperature,c,27.1,2026-08-20T08:00:00Z
5199863,Kihumo Village || Antenna Array,13691751,temperature,c,27.8,2026-08-20T09:00:00Z
5199863,Kihumo Village || Antenna Array,13691751,temperature,c,30.3,2026-08-20T10:00:00Z
5199863,Kihumo Village || Antenna Array,13691751,temperature,c,32.0,2026-08-20T11:00:00Z
5199863,Kihumo Village || Antenna Array,13691751,temperature,c,33.1,2026-08-20T12:00:00Z
5199863,Kihumo Village || Antenna Array,13691751,temperature,c,29.0,2026-08-20T13:00:00Z
5199863,Kihumo Village || Antenna Array,13691751,temperature,c,27.0,2026-08-20T14:00:00Z
5199863,Kihumo Village || Antenna Array,13691751,temperature,c,22.6,2026-08-20T15:00:00Z
5199863,Kihumo Village || Antenna Array,13691751,temperature,c,20.9,2026-08-20T16:00:00Z
5199863,Kihumo Village || Antenna Array,13691751,temperature,c,19.6,2026-08-20T17:00:00Z
5199863,Kihumo Village || Antenna Array,13691751,temperature,c,18.4,2026-08-20T18:00:00Z
5199863,Kihumo Village || Antenna Array,13691751,temperature,c,17.5,2026-08-20T19:00:00Z
5199863,Kihumo Village || Antenna Array,13691751,temperature,c,16.8,2026-08-20T20:00:00Z
5199863,Kihumo Village || Antenna Array,13691751,temperature,c,16.0,2026-08-20T21:00:00Z
5199863,Kihumo Village || Antenna Array,13691751,temperature,c,15.9,2026-08-20T22:00:00Z
5199863,Kihumo Village || Antenna Array,13691751,temperature,c,16.8,2026-08-20T23:00:00Z
5199863,Kihumo Village || Antenna Array,13691751,temperature,c,16.8,2026-08-21T00:00:00Z
5199863,Kihumo Village || Antenna Array,13691751,temperature,c,17.0,2026-08-21T01:00:00Z
5199863,Kihumo Village || Antenna Array,13691751,temperature,c,16.9,2026-08-21T02:00:00Z
5199863,Kihumo Village || Antenna Array,13691751,temperature,c,16.7,2026-08-21T03:00:00Z
5199863,Kihumo Village || Antenna Array,13691751,temperature,c,17.2,2026-08-21T04:00:00Z
5199863,Kihumo Village || Antenna Array,13691751,temperature,c,19.6,2026-08-21T05:00:00Z
5199863,Kihumo Village || Antenna Array,13691751,temperature,c,23.7,2026-08-21T06:00:00Z
5199863,Kihumo Village || Antenna Array,13691751,temperature,c,23.1,2026-08-21T07:00:00Z
5199863,Kihumo Village || Antenna Array,13691751,temperature,c,26.7,2026-08-21T08:00:00Z
5199863,Kihumo Village || Antenna Array,13691751,temperature,c,29.1,2026-08-21T09:00:00Z
5199863,Kihumo Village || Antenna Array,13691751,temperature,c,30.2,2026-08-21T10:00:00Z
5199863,Kihumo Village || Antenna Array,13691751,temperature,c,33.6,2026-08-21T11:00:00Z
5199863,Kihumo Village || Antenna Array,13691751,temperature,c,34.1,2026-08-21T12:00:00Z
5199863,Kihumo Village || Antenna Array,13691751,temperature,c,33.7,2026-08-21T13:00:00Z
5199863,Kihumo Village || Antenna Array,13691751,temperature,c,30.8,2026-08-21T14:00:00Z
5199863,Kihumo Village || Antenna Array,13691751,temperature,c,23.2,2026-08-21T15:00:00Z
5199863,Kihumo Village || Antenna Array,13691751,temperature,c,20.3,2026-08-21T16:00:00Z
5199863,Kihumo Village || Antenna Array,13691751,temperature,c,19.2,2026-08-21T17:00:00Z
5199863,Kihumo Village || Antenna Array,13691751,temperature,c,18.6,2026-08-21T18:00:00Z
5199863,Kihumo Village || Antenna Array,13691751,temperature,c,17.8,2026-08-21T19:00:00Z
5199863,Kihumo Village || Antenna Array,13691751,temperature,c,18.1,2026-08-21T20:00:00Z
5199863,Kihumo Village || Antenna Array,13691751,temperature,c,16.3,2026-08-21T21:00:00Z
5199863,Kihumo Village || Antenna Array,13691751,temperature,c,18.2,2026-08-21T22:00:00Z
5199863,Kihumo Village || Antenna Array,13691751,temperature,c,18.2,2026-08-21T23:00:00Z
5199863,Kihumo Village || Antenna Array,13691751,temperature,c,17.8,2026-08-22T00:00:00Z
5199863,Kihumo Village || Antenna Array,13691751,temperature,c,17.7,2026-08-22T01:00:00Z
5199863,Kihumo Village || Antenna Array,13691751,temperature,c,17.8,2026-08-22T02:00:00Z
5199863,Kihumo Village || Antenna Array,13691751,temperature,c,17.7,2026-08-22T03:00:00Z
5199863,Kihumo Village || Antenna Array,13691751,temperature,c,18.1,2026-08-22T04:00:00Z
5199863,Kihumo Village || Antenna Array,13691751,temperature,c,20.1,2026-08-22T05:00:00Z
5199863,Kihumo Village || Antenna Array,13691751,temperature,c,22.5,2026-08-22T06:00:00Z
5199863,Kihumo Village || Antenna Array,13691751,temperature,c,22.8,2026-08-22T07:00:00Z
5199863,Kihumo Village || Antenna Array,13691751,temperature,c,25.8,2026-08-22T08:00:00Z
5199863,Kihumo Village || Antenna Array,13691751,temperature,c,27.7,2026-08-22T09:00:00Z
5199863,Kihumo Village || Antenna Array,13691751,temperature,c,29.8,2026-08-22T10:00:00Z
5199863,Kihumo Village || Antenna Array,13691751,temperature,c,33.3,2026-08-22T11:00:00Z
5199863,Kihumo Village || Antenna Array,13691751,temperature,c,34.6,2026-08-22T12:00:00Z
5199863,Kihumo Village || Antenna Array,13691751,temperature,c,32.7,2026-08-22T13:00:00Z
5199863,Kihumo Village || Antenna Array,13691751,temperature,c,28.8,2026-08-22T14:00:00Z
5199863,Kihumo Village || Antenna Array,13691751,temperature,c,24.3,2026-08-22T15:00:00Z
5199863,Kihumo Village || Antenna Array,13691751,temperature,c,22.0,2026-08-22T16:00:00Z
5199863,Kihumo Village || Antenna Array,13691751,temperature,c,21.1,2026-08-22T17:00:00Z
5199863,Kihumo Village || Antenna Array,13691751,temperature,c,19.7,2026-08-22T18:00:00Z
5199863,Kihumo Village || Antenna Array,13691751,temperature,c,19.3,2026-08-22T19:00:00Z
5199863,Kihumo Village || Antenna Array,13691751,temperature,c,19.5,2026-08-22T20:00:00Z
5199863,Kihumo Village || Antenna Array,13691751,temperature,c,18.9,2026-08-22T21:00:00Z
5199863,Kihumo Village || Antenna Array,13691751,temperature,c,18.4,2026-08-22T22:00:00Z
5199863,Kihumo Village || Antenna Array,13691751,temperature,c,18.0,2026-08-22T23:00:00Z
5199863,Kihumo Village || Antenna Array,13691751,temperature,c,17.8,2026-08-23T00:00:00Z
5199863,Kihumo Village || Antenna Array,13691751,temperature,c,17.8,2026-08-23T01:00:00Z
5199863,Kihumo Village || Antenna Array,13691751,temperature,c,17.6,2026-08-23T02:00:00Z
5199863,Kihumo Village || Antenna Array,13691751,temperature,c,17.4,2026-08-23T03:00:00Z
5199863,Kihumo Village || Antenna Array,13691751,temperature,c,17.8,2026-08-23T04:00:00Z
5199863,Kihumo Village || Antenna Array,13691751,temperature,c,19.7,2026-08-23T05:00:00Z
5199863,Kihumo Village || Antenna Array,13691751,temperature,c,23.2,2026-08-23T06:00:00Z
5199863,Kihumo Village || Antenna Array,13691751,temperature,c,26.1,2026-08-23T07:00:00Z
5199863,Kihumo Village || Antenna Array,13691751,temperature,c,27.4,2026-08-23T08:00:00Z
5199863,Kihumo Village || Antenna Array,13691751,temperature,c,28.3,2026-08-23T09:00:00Z
5199863,Kihumo Village || Antenna Array,13691751,temperature,c,30.1,2026-08-23T10:00:00Z
5199863,Kihumo Village || Antenna Array,13691751,temperature,c,31.9,2026-08-23T11:00:00Z
5199863,Kihumo Village || Antenna Array,13691751,temperature,c,33.7,2026-08-23T12:00:00Z
5199863,Kihumo Village || Antenna Array,13691751,temperature,c,29.4,2026-08-23T13:00:00Z
5199863,Kihumo Village || Antenna Array,13691751,temperature,c,26.9,2026-08-23T14:00:00Z
5199863,Kihumo Village || Antenna Array,13691751,temperature,c,22.4,2026-08-23T15:00:00Z
5199863,Kihumo Village || Antenna Array,13691751,temperature,c,24.3,2026-08-24T15:00:00Z
5199863,Kihumo Village || Antenna Array,13691751,temperature,c,22.1,2026-08-24T16:00:00Z
5199863,Kihumo Village || Antenna Array,13691751,temperature,c,20.6,2026-08-24T17:00:00Z
5199863,Kihumo Village || Antenna Array,13691751,temperature,c,19.4,2026-08-24T18:00:00Z
5199863,Kihumo Village || Antenna Array,13691751,temperature,c,18.5,2026-08-24T19:00:00Z
5199863,Kihumo Village || Antenna Array,13691751,temperature,c,17.4,2026-08-24T20:00:00Z
5199863,Kihumo Village || Antenna Array,13691751,temperature,c,17.1,2026-08-24T21:00:00Z
5199863,Kihumo Village || Antenna Array,13691751,temperature,c,17.5,2026-08-24T22:00:00Z
5199863,Kihumo Village || Antenna Array,13691751,temperature,c,17.4,2026-08-24T23:00:00Z
5199863,Kihumo Village || Antenna Array,13691751,temperature,c,17.6,2026-08-25T00:00:00Z
5199863,Kihumo Village || Antenna Array,13691751,temperature,c,17.7,2026-08-25T01:00:00Z
5199863,Kihumo Village || Antenna Array,13691751,temperature,c,17.1,2026-08-25T02:00:00Z
5199863,Kihumo Village || Antenna Array,13691751,temperature,c,16.5,2026-08-25T03:00:00Z
5199863,Kihumo Village || Antenna Array,13691751,temperature,c,17.4,2026-08-25T04:00:00Z
5199863,Kihumo Village || Antenna Array,13691751,temperature,c,19.6,2026-08-25T05:00:00Z
5199863,Kihumo Village || Antenna Array,13691751,temperature,c,23.7,2026-08-25T06:00:00Z
5199863,Kihumo Village || Antenna Array,13691751,temperature,c,27.0,2026-08-25T07:00:00Z
5199863,Kihumo Village || Antenna Array,13691751,temperature,c,28.3,2026-08-25T08:00:00Z
5199863,Kihumo Village || Antenna Array,13691751,temperature,c,29.3,2026-08-25T09:00:00Z
5199863,Kihumo Village || Antenna Array,13691751,temperature,c,30.9,2026-08-25T10:00:00Z
5199863,Kihumo Village || Antenna Array,13691751,temperature,c,33.2,2026-08-25T11:00:00Z
5199863,Kihumo Village || Antenna Array,13691751,temperature,c,34.9,2026-08-25T12:00:00Z
5199863,Kihumo Village || Antenna Array,13691751,temperature,c,34.0,2026-08-25T13:00:00Z
5199863,Kihumo Village || Antenna Array,13691751,temperature,c,29.7,2026-08-25T14:00:00Z
5199863,Kihumo Village || Antenna Array,13691751,temperature,c,22.5,2026-08-25T15:00:00Z
5199863,Kihumo Village || Antenna Array,13691751,temperature,c,20.6,2026-08-25T16:00:00Z
5199863,Kihumo Village || Antenna Array,13691751,temperature,c,19.3,2026-08-25T17:00:00Z
5199863,Kihumo Village || Antenna Array,13691751,temperature,c,18.4,2026-08-25T18:00:00Z
5199863,Kihumo Village || Antenna Array,13691751,temperature,c,17.4,2026-08-25T19:00:00Z
5199863,Kihumo Village || Antenna Array,13691751,temperature,c,16.6,2026-08-25T20:00:00Z
5199863,Kihumo Village || Antenna Array,13691751,temperature,c,16.2,2026-08-25T21:00:00Z
5199863,Kihumo Village || Antenna Array,13691751,temperature,c,15.2,2026-08-25T22:00:00Z
5199863,Kihumo Village || Antenna Array,13691751,temperature,c,14.1,2026-08-25T23:00:00Z
5199863,Kihumo Village || Antenna Array,13691751,temperature,c,13.4,2026-08-26T00:00:00Z
5199863,Kihumo Village || Antenna Array,13691751,temperature,c,12.9,2026-08-26T01:00:00Z
5199863,Kihumo Village || Antenna Array,13691751,temperature,c,12.6,2026-08-26T02:00:00Z
5199863,Kihumo Village || Antenna Array,13691751,temperature,c,12.3,2026-08-26T03:00:00Z
5199863,Kihumo Village || Antenna Array,13691751,temperature,c,13.4,2026-08-26T04:00:00Z
5199863,Kihumo Village || Antenna Array,13691751,temperature,c,18.9,2026-08-26T05:00:00Z
5199863,Kihumo Village || Antenna Array,13691751,temperature,c,24.3,2026-08-26T06:00:00Z
5199863,Kihumo Village || Antenna Array,13691751,temperature,c,28.0,2026-08-26T07:00:00Z
5199863,Kihumo Village || Antenna Array,13691751,temperature,c,29.4,2026-08-26T08:00:00Z
5199863,Kihumo Village || Antenna Array,13691751,temperature,c,29.6,2026-08-26T09:00:00Z
5199863,Kihumo Village || Antenna Array,13691751,temperature,c,31.5,2026-08-26T10:00:00Z
5199863,Kihumo Village || Antenna Array,13691751,temperature,c,34.4,2026-08-26T11:00:00Z
5199863,Kihumo Village || Antenna Array,13691751,temperature,c,35.7,2026-08-26T12:00:00Z
5199863,Kihumo Village || Antenna Array,13691751,temperature,c,34.8,2026-08-26T13:00:00Z
5199863,Kihumo Village || Antenna Array,13691751,temperature,c,29.9,2026-08-26T14:00:00Z
5199863,Kihumo Village || Antenna Array,13691751,temperature,c,22.6,2026-08-26T15:00:00Z
5199863,Kihumo Village || Antenna Array,13691751,temperature,c,20.4,2026-08-26T16:00:00Z
5199863,Kihumo Village || Antenna Array,13691751,temperature,c,19.3,2026-08-26T17:00:00Z
5199863,Kihumo Village || Antenna Array,13691751,temperature,c,17.4,2026-08-26T18:00:00Z
5199863,Kihumo Village || Antenna Array,13691751,temperature,c,16.2,2026-08-26T19:00:00Z
5199863,Kihumo Village || Antenna Array,13691751,temperature,c,16.0,2026-08-26T20:00:00Z
5199863,Kihumo Village || Antenna Array,13691751,temperature,c,16.0,2026-08-26T21:00:00Z
5199863,Kihumo Village || Antenna Array,13691751,temperature,c,15.0,2026-08-26T22:00:00Z
5199863,Kihumo Village || Antenna Array,13691751,temperature,c,13.9,2026-08-26T23:00:00Z
5199863,Kihumo Village || Antenna Array,13691751,temperature,c,13.3,2026-08-27T00:00:00Z
5199863,Kihumo Village || Antenna Array,13691751,temperature,c,13.1,2026-08-27T01:00:00Z
5199863,Kihumo Village || Antenna Array,13691751,temperature,c,13.7,2026-08-27T02:00:00Z
5199863,Kihumo Village || Antenna Array,13691751,temperature,c,15.7,2026-08-27T03:00:00Z
5199863,Kihumo Village || Antenna Array,13691751,temperature,c,16.5,2026-08-27T04:00:00Z
5199863,Kihumo Village || Antenna Array,13691751,temperature,c,17.5,2026-08-27T05:00:00Z
5199863,Kihumo Village || Antenna Array,13691751,temperature,c,18.7,2026-08-27T06:00:00Z
5199863,Kihumo Village || Antenna Array,13691751,temperature,c,20.8,2026-08-27T07:00:00Z
5199863,Kihumo Village || Antenna Array,13691751,temperature,c,26.4,2026-08-27T08:00:00Z
5199863,Kihumo Village || Antenna Array,13691751,temperature,c,27.9,2026-08-27T09:00:00Z
5199863,Kihumo Village || Antenna Array,13691751,temperature,c,30.8,2026-08-27T10:00:00Z
5199863,Kihumo Village || Antenna Array,13691751,temperature,c,33.2,2026-08-27T11:00:00Z
5199863,Kihumo Village || Antenna Array,13691751,temperature,c,34.1,2026-08-27T12:00:00Z
5199863,Kihumo Village || Antenna Array,13691751,temperature,c,33.3,2026-08-27T13:00:00Z
5199863,Kihumo Village || Antenna Array,13691751,temperature,c,29.0,2026-08-27T14:00:00Z
5199863,Kihumo Village || Antenna Array,13691751,temperature,c,21.8,2026-08-27T15:00:00Z
5199863,Kihumo Village || Antenna Array,13691751,temperature,c,19.6,2026-08-27T16:00:00Z
5199863,Kihumo Village || Antenna Array,13691751,temperature,c,18.6,2026-08-27T17:00:00Z
5199863,Kihumo Village || Antenna Array,13691751,temperature,c,17.8,2026-08-27T18:00:00Z
5199863,Kihumo Village || Antenna Array,13691751,temperature,c,16.9,2026-08-27T19:00:00Z
5199863,Kihumo Village || Antenna Array,13691751,temperature,c,15.9,2026-08-27T20:00:00Z
5199863,Kihumo Village || Antenna Array,13691751,temperature,c,14.7,2026-08-27T21:00:00Z
5199863,Kihumo Village || Antenna Array,13691751,temperature,c,13.8,2026-08-27T22:00:00Z
5199863,Kihumo Village || Antenna Array,13691751,temperature,c,13.4,2026-08-27T23:00:00Z
5199863,Kihumo Village || Antenna Array,13691751,temperature,c,14.3,2026-08-28T00:00:00Z
5199863,Kihumo Village || Antenna Array,13691751,temperature,c,15.4,2026-08-28T01:00:00Z
5199863,Kihumo Village || Antenna Array,13691751,temperature,c,16.0,2026-08-28T02:00:00Z
5199863,Kihumo Village || Antenna Array,13691751,temperature,c,16.1,2026-08-28T03:00:00Z
5199863,Kihumo Village || Antenna Array,13691751,temperature,c,16.0,2026-08-28T04:00:00Z
5199863,Kihumo Village || Antenna Array,13691751,temperature,c,18.7,2026-08-28T05:00:00Z
5199863,Kihumo Village || Antenna Array,13691751,temperature,c,22.0,2026-08-28T06:00:00Z
5199863,Kihumo Village || Antenna Array,13691751,temperature,c,27.2,2026-08-28T07:00:00Z
5199863,Kihumo Village || Antenna Array,13691751,temperature,c,28.1,2026-08-28T08:00:00Z
5199863,Kihumo Village || Antenna Array,13691751,temperature,c,28.3,2026-08-28T09:00:00Z
5199863,Kihumo Village || Antenna Array,13691751,temperature,c,30.5,2026-08-28T10:00:00Z
5199863,Kihumo Village || Antenna Array,13691751,temperature,c,33.2,2026-08-28T11:00:00Z
5199863,Kihumo Village || Antenna Array,13691751,temperature,c,34.2,2026-08-28T12:00:00Z
5199863,Kihumo Village || Antenna Array,13691751,temperature,c,33.8,2026-08-28T13:00:00Z
5199863,Kihumo Village || Antenna Array,13691751,temperature,c,29.2,2026-08-28T14:00:00Z
5199863,Kihumo Village || Antenna Array,13691751,temperature,c,22.3,2026-08-28T15:00:00Z
5199863,Kihumo Village || Antenna Array,13691751,temperature,c,19.9,2026-08-28T16:00:00Z
5199863,Kihumo Village || Antenna Array,13691751,temperature,c,18.7,2026-08-28T17:00:00Z
5199863,Kihumo Village || Antenna Array,13691751,temperature,c,17.7,2026-08-28T18:00:00Z
5199863,Kihumo Village || Antenna Array,13691751,temperature,c,16.9,2026-08-28T19:00:00Z
5199863,Kihumo Village || Antenna Array,13691751,temperature,c,16.4,2026-08-28T20:00:00Z
5199863,Kihumo Village || Antenna Array,13691751,temperature,c,17.2,2026-08-28T21:00:00Z
5199863,Kihumo Village || Antenna Array,13691751,temperature,c,17.5,2026-08-28T22:00:00Z
5199863,Kihumo Village || Antenna Array,13691751,temperature,c,17.1,2026-08-28T23:00:00Z
5199863,Kihumo Village || Antenna Array,13691751,temperature,c,16.7,2026-08-29T00:00:00Z
5199863,Kihumo Village || Antenna Array,13691751,temperature,c,16.5,2026-08-29T01:00:00Z
5199863,Kihumo Village || Antenna Array,13691751,temperature,c,16.7,2026-08-29T02:00:00Z
5199863,Kihumo Village || Antenna Array,13691751,temperature,c,16.3,2026-08-29T03:00:00Z
5199863,Kihumo Village || Antenna Array,13691751,temperature,c,16.9,2026-08-29T04:00:00Z
5199863,Kihumo Village || Antenna Array,13691751,temperature,c,20.7,2026-08-29T05:00:00Z
5199863,Kihumo Village || Antenna Array,13691751,temperature,c,25.0,2026-08-29T06:00:00Z
5199863,Kihumo Village || Antenna Array,13691751,temperature,c,27.6,2026-08-29T07:00:00Z
5199863,Kihumo Village || Antenna Array,13691751,temperature,c,28.5,2026-08-29T08:00:00Z
5199863,Kihumo Village || Antenna Array,13691751,temperature,c,28.6,2026-08-29T09:00:00Z
5199863,Kihumo Village || Antenna Array,13691751,temperature,c,30.4,2026-08-29T10:00:00Z
5199863,Kihumo Village || Antenna Array,13691751,temperature,c,33.3,2026-08-29T11:00:00Z
5199863,Kihumo Village || Antenna Array,13691751,temperature,c,34.6,2026-08-29T12:00:00Z
5199863,Kihumo Village || Antenna Array,13691751,temperature,c,33.6,2026-08-29T13:00:00Z
5199863,Kihumo Village || Antenna Array,13691751,temperature,c,28.9,2026-08-29T14:00:00Z
5199863,Kihumo Village || Antenna Array,13691751,temperature,c,22.5,2026-08-29T15:00:00Z
5199863,Kihumo Village || Antenna Array,13691751,temperature,c,20.0,2026-08-29T16:00:00Z
5199863,Kihumo Village || Antenna Array,13691751,temperature,c,19.3,2026-08-29T17:00:00Z
5199863,Kihumo Village || Antenna Array,13691751,temperature,c,19.1,2026-08-29T18:00:00Z
5199863,Kihumo Village || Antenna Array,13691751,temperature,c,17.9,2026-08-29T19:00:00Z
5199863,Kihumo Village || Antenna Array,13691751,temperature,c,17.5,2026-08-29T20:00:00Z
5199863,Kihumo Village || Antenna Array,13691751,temperature,c,16.2,2026-08-29T21:00:00Z
5199863,Kihumo Village || Antenna Array,13691751,temperature,c,15.3,2026-08-29T22:00:00Z
5199863,Kihumo Village || Antenna Array,13691751,temperature,c,16.2,2026-08-29T23:00:00Z
5199863,Kihumo Village || Antenna Array,13691751,temperature,c,17.2,2026-08-30T00:00:00Z
5199863,Kihumo Village || Antenna Array,13691751,temperature,c,17.1,2026-08-30T01:00:00Z
5199863,Kihumo Village || Antenna Array,13691751,temperature,c,16.9,2026-08-30T02:00:00Z
5199863,Kihumo Village || Antenna Array,13691751,temperature,c,16.7,2026-08-30T03:00:00Z
5199863,Kihumo Village || Antenna Array,13691751,temperature,c,16.9,2026-08-30T04:00:00Z
5199863,Kihumo Village || Antenna Array,13691751,temperature,c,18.9,2026-08-30T05:00:00Z
5199863,Kihumo Village || Antenna Array,13691751,temperature,c,20.8,2026-08-30T06:00:00Z
5199863,Kihumo Village || Antenna Array,13691751,temperature,c,23.8,2026-08-30T07:00:00Z
5199863,Kihumo Village || Antenna Array,13691751,temperature,c,25.7,2026-08-30T08:00:00Z
5199863,Kihumo Village || Antenna Array,13691751,temperature,c,27.6,2026-08-30T09:00:00Z
5199863,Kihumo Village || Antenna Array,13691751,temperature,c,30.5,2026-08-30T10:00:00Z
5199863,Kihumo Village || Antenna Array,13691751,temperature,c,33.4,2026-08-30T11:00:00Z
5199863,Kihumo Village || Antenna Array,13691751,temperature,c,33.9,2026-08-30T12:00:00Z
5199863,Kihumo Village || Antenna Array,13691751,temperature,c,29.8,2026-08-30T13:00:00Z
5199863,Kihumo Village || Antenna Array,13691751,temperature,c,24.3,2026-08-30T14:00:00Z
5199863,Kihumo Village || Antenna Array,13691751,temperature,c,21.2,2026-08-30T15:00:00Z
5199863,Kihumo Village || Antenna Array,13691751,temperature,c,19.0,2026-08-30T16:00:00Z
5199863,Kihumo Village || Antenna Array,13691751,temperature,c,18.2,2026-08-30T17:00:00Z
5199863,Kihumo Village || Antenna Array,13691751,temperature,c,18.6,2026-08-30T18:00:00Z
5199863,Kihumo Village || Antenna Array,13691751,temperature,c,18.7,2026-08-30T19:00:00Z
5199863,Kihumo Village || Antenna Array,13691751,temperature,c,18.0,2026-08-30T20:00:00Z
5199863,Kihumo Village || Antenna Array,13691751,temperature,c,18.2,2026-08-30T21:00:00Z
5199863,Kihumo Village || Antenna Array,13691751,temperature,c,17.9,2026-08-30T22:00:00Z
5199863,Kihumo Village || Antenna Array,13691751,temperature,c,17.1,2026-08-30T23:00:00Z
5199863,Kihumo Village || Antenna Array,13691751,temperature,c,16.8,2026-08-31T00:00:00Z
5199863,Kihumo Village || Antenna Array,13691751,temperature,c,15.2,2026-09-01T15:00:00Z
5199863,Kihumo Village || Antenna Array,13691751,temperature,c,19.2,2026-09-01T16:00:00Z
5199863,Kihumo Village || Antenna Array,13691751,temperature,c,19.5,2026-09-01T17:00:00Z
5199863,Kihumo Village || Antenna Array,13691751,temperature,c,19.0,2026-09-01T18:00:00Z
5199863,Kihumo Village || Antenna Array,13691751,temperature,c,19.2,2026-09-01T19:00:00Z
5199863,Kihumo Village || Antenna Array,13691751,temperature,c,19.0,2026-09-01T20:00:00Z
5199863,Kihumo Village || Antenna Array,13691751,temperature,c,18.4,2026-09-01T21:00:00Z
5199863,Kihumo Village || Antenna Array,13691751,temperature,c,18.1,2026-09-01T22:00:00Z
5199863,Kihumo Village || Antenna Array,13691751,temperature,c,17.9,2026-09-01T23:00:00Z
5199863,Kihumo Village || Antenna Array,13691751,temperature,c,17.6,2026-09-02T00:00:00Z
5199863,Kihumo Village || Antenna Array,13691751,temperature,c,17.4,2026-09-02T01:00:00Z
5199863,Kihumo Village || Antenna Array,13691751,temperature,c,17.5,2026-09-02T02:00:00Z
5199863,Kihumo Village || Antenna Array,13691751,temperature,c,17.3,2026-09-02T03:00:00Z
5199863,Kihumo Village || Antenna Array,13691751,temperature,c,17.7,2026-09-02T04:00:00Z
5199863,Kihumo Village || Antenna Array,13691751,temperature,c,18.1,2026-09-02T05:00:00Z
5199863,Kihumo Village || Antenna Array,13691751,temperature,c,19.2,2026-09-02T06:00:00Z
5199863,Kihumo Village || Antenna Array,13691751,temperature,c,23.0,2026-09-02T07:00:00Z
5199863,Kihumo Village || Antenna Array,13691751,temperature,c,25.9,2026-09-02T08:00:00Z
5199863,Kihumo Village || Antenna Array,13691751,temperature,c,28.8,2026-09-02T09:00:00Z
5199863,Kihumo Village || Antenna Array,13691751,temperature,c,30.5,2026-09-02T10:00:00Z
5199863,Kihumo Village || Antenna Array,13691751,temperature,c,34.3,2026-09-02T11:00:00Z
5199863,Kihumo Village || Antenna Array,13691751,temperature,c,33.8,2026-09-02T12:00:00Z
5199863,Kihumo Village || Antenna Array,13691751,temperature,c,32.8,2026-09-02T13:00:00Z
5199863,Kihumo Village || Antenna Array,13691751,temperature,c,27.0,2026-09-02T14:00:00Z
5199863,Kihumo Village || Antenna Array,13691751,temperature,c,23.2,2026-09-02T15:00:00Z
5199863,Kihumo Village || Antenna Array,13691751,temperature,c,20.8,2026-09-02T16:00:00Z
5199863,Kihumo Village || Antenna Array,13691751,temperature,c,19.2,2026-09-02T17:00:00Z
5199863,Kihumo Village || Antenna Array,13691751,temperature,c,18.2,2026-09-02T18:00:00Z
5199863,Kihumo Village || Antenna Array,13691751,temperature,c,17.6,2026-09-02T19:00:00Z
5199863,Kihumo Village || Antenna Array,13691751,temperature,c,16.9,2026-09-02T20:00:00Z
5199863,Kihumo Village || Antenna Array,13691751,temperature,c,16.3,2026-09-02T21:00:00Z
5199863,Kihumo Village || Antenna Array,13691751,temperature,c,15.1,2026-09-02T22:00:00Z
5199863,Kihumo Village || Antenna Array,13691751,temperature,c,14.0,2026-09-02T23:00:00Z
5199863,Kihumo Village || Antenna Array,13691751,temperature,c,14.9,2026-09-03T00:00:00Z
5199863,Kihumo Village || Antenna Array,13691751,temperature,c,16.5,2026-09-03T01:00:00Z
5199863,Kihumo Village || Antenna Array,13691751,temperature,c,16.7,2026-09-03T02:00:00Z
5199863,Kihumo Village || Antenna Array,13691751,temperature,c,16.7,2026-09-03T03:00:00Z
5199863,Kihumo Village || Antenna Array,13691751,temperature,c,17.6,2026-09-03T04:00:00Z
5199863,Kihumo Village || Antenna Array,13691751,temperature,c,19.5,2026-09-03T05:00:00Z
5199863,Kihumo Village || Antenna Array,13691751,temperature,c,21.0,2026-09-03T06:00:00Z
5199863,Kihumo Village || Antenna Array,13691751,temperature,c,22.4,2026-09-03T07:00:00Z
5199863,Kihumo Village || Antenna Array,13691751,temperature,c,26.6,2026-09-03T08:00:00Z
5199863,Kihumo Village || Antenna Array,13691751,temperature,c,27.6,2026-09-03T09:00:00Z
5199863,Kihumo Village || Antenna Array,13691751,temperature,c,30.3,2026-09-03T10:00:00Z
5199863,Kihumo Village || Antenna Array,13691751,temperature,c,33.5,2026-09-03T11:00:00Z
5199863,Kihumo Village || Antenna Array,13691751,temperature,c,33.3,2026-09-03T12:00:00Z
5199863,Kihumo Village || Antenna Array,13691751,temperature,c,31.7,2026-09-03T13:00:00Z
5199863,Kihumo Village || Antenna Array,13691751,temperature,c,26.7,2026-09-03T14:00:00Z
5199863,Kihumo Village || Antenna Array,13691751,temperature,c,22.3,2026-09-03T15:00:00Z
5199863,Kihumo Village || Antenna Array,13691751,temperature,c,20.2,2026-09-03T16:00:00Z
5199863,Kihumo Village || Antenna Array,13691751,temperature,c,19.3,2026-09-03T17:00:00Z
5199863,Kihumo Village || Antenna Array,13691751,temperature,c,18.7,2026-09-03T18:00:00Z
5199863,Kihumo Village || Antenna Array,13691751,temperature,c,17.9,2026-09-03T19:00:00Z
5199863,Kihumo Village || Antenna Array,13691751,temperature,c,17.1,2026-09-03T20:00:00Z
5199863,Kihumo Village || Antenna Array,13691751,temperature,c,16.4,2026-09-03T21:00:00Z
5199863,Kihumo Village || Antenna Array,13691751,temperature,c,15.9,2026-09-03T22:00:00Z
5199863,Kihumo Village || Antenna Array,13691751,temperature,c,15.0,2026-09-03T23:00:00Z
5199863,Kihumo Village || Antenna Array,13691751,temperature,c,14.2,2026-09-04T00:00:00Z
5199863,Kihumo Village || Antenna Array,13691751,temperature,c,13.7,2026-09-04T01:00:00Z
5199863,Kihumo Village || Antenna Array,13691751,temperature,c,13.3,2026-09-04T02:00:00Z
5199863,Kihumo Village || Antenna Array,13691751,temperature,c,13.2,2026-09-04T03:00:00Z
5199863,Kihumo Village || Antenna Array,13691751,temperature,c,14.3,2026-09-04T04:00:00Z
5199863,Kihumo Village || Antenna Array,13691751,temperature,c,19.9,2026-09-04T05:00:00Z
5199863,Kihumo Village || Antenna Array,13691751,temperature,c,25.2,2026-09-04T06:00:00Z
5199863,Kihumo Village || Antenna Array,13691751,temperature,c,28.5,2026-09-04T07:00:00Z
5199863,Kihumo Village || Antenna Array,13691751,temperature,c,30.5,2026-09-04T08:00:00Z
5199863,Kihumo Village || Antenna Array,13691751,temperature,c,30.8,2026-09-04T09:00:00Z
5199863,Kihumo Village || Antenna Array,13691751,temperature,c,33.1,2026-09-04T10:00:00Z
5199863,Kihumo Village || Antenna Array,13691751,temperature,c,35.7,2026-09-04T11:00:00Z
5199863,Kihumo Village || Antenna Array,13691751,temperature,c,35.3,2026-09-04T12:00:00Z
5199863,Kihumo Village || Antenna Array,13691751,temperature,c,32.4,2026-09-04T13:00:00Z
5199863,Kihumo Village || Antenna Array,13691751,temperature,c,27.0,2026-09-04T14:00:00Z
5199863,Kihumo Village || Antenna Array,13691751,temperature,c,22.1,2026-09-04T15:00:00Z
5199863,Kihumo Village || Antenna Array,13691751,temperature,c,21.0,2026-09-04T16:00:00Z
5199863,Kihumo Village || Antenna Array,13691751,temperature,c,21.0,2026-09-04T17:00:00Z
5199863,Kihumo Village || Antenna Array,13691751,temperature,c,20.0,2026-09-04T18:00:00Z
5199863,Kihumo Village || Antenna Array,13691751,temperature,c,20.0,2026-09-04T19:00:00Z
5199863,Kihumo Village || Antenna Array,13691751,temperature,c,19.2,2026-09-04T20:00:00Z
5199863,Kihumo Village || Antenna Array,13691751,temperature,c,18.4,2026-09-04T21:00:00Z
5199863,Kihumo Village || Antenna Array,13691751,temperature,c,18.4,2026-09-04T22:00:00Z
5199863,Kihumo Village || Antenna Array,13691751,temperature,c,17.8,2026-09-04T23:00:00Z
5199863,Kihumo Village || Antenna Array,13691751,temperature,c,17.7,2026-09-05T00:00:00Z
5199863,Kihumo Village || Antenna Array,13691751,temperature,c,17.3,2026-09-05T01:00:00Z
5199863,Kihumo Village || Antenna Array,13691751,temperature,c,17.0,2026-09-05T02:00:00Z
5199863,Kihumo Village || Antenna Array,13691751,temperature,c,16.0,2026-09-05T03:00:00Z
5199863,Kihumo Village || Antenna Array,13691751,temperature,c,17.6,2026-09-05T04:00:00Z
5199863,Kihumo Village || Antenna Array,13691751,temperature,c,21.3,2026-09-05T05:00:00Z
5199863,Kihumo Village || Antenna Array,13691751,temperature,c,26.1,2026-09-05T06:00:00Z
5199863,Kihumo Village || Antenna Array,13691751,temperature,c,29.7,2026-09-05T07:00:00Z
5199863,Kihumo Village || Antenna Array,13691751,temperature,c,31.2,2026-09-05T08:00:00Z
5199863,Kihumo Village || Antenna Array,13691751,temperature,c,32.0,2026-09-05T09:00:00Z
5199863,Kihumo Village || Antenna Array,13691751,temperature,c,32.9,2026-09-05T10:00:00Z
5199863,Kihumo Village || Antenna Array,13691751,temperature,c,34.9,2026-09-05T11:00:00Z
5199863,Kihumo Village || Antenna Array,13691751,temperature,c,36.2,2026-09-05T12:00:00Z
5199863,Kihumo Village || Antenna Array,13691751,temperature,c,34.7,2026-09-05T13:00:00Z
5199863,Kihumo Village || Antenna Array,13691751,temperature,c,31.5,2026-09-05T14:00:00Z
5199863,Kihumo Village || Antenna Array,13691751,temperature,c,24.9,2026-09-05T15:00:00Z
5199863,Kihumo Village || Antenna Array,13691751,temperature,c,21.6,2026-09-05T16:00:00Z
5199863,Kihumo Village || Antenna Array,13691751,temperature,c,20.1,2026-09-05T17:00:00Z
5199863,Kihumo Village || Antenna Array,13691751,temperature,c,19.1,2026-09-05T18:00:00Z
5199863,Kihumo Village || Antenna Array,13691751,temperature,c,18.2,2026-09-05T19:00:00Z
5199863,Kihumo Village || Antenna Array,13691751,temperature,c,17.4,2026-09-05T20:00:00Z
5199863,Kihumo Village || Antenna Array,13691751,temperature,c,16.8,2026-09-05T21:00:00Z
5199863,Kihumo Village || Antenna Array,13691751,temperature,c,16.2,2026-09-05T22:00:00Z
5199863,Kihumo Village || Antenna Array,13691751,temperature,c,15.9,2026-09-05T23:00:00Z
5199863,Kihumo Village || Antenna Array,13691751,temperature,c,17.1,2026-09-06T00:00:00Z
5199863,Kihumo Village || Antenna Array,13691751,temperature,c,17.3,2026-09-06T01:00:00Z
5199863,Kihumo Village || Antenna Array,13691751,temperature,c,17.1,2026-09-06T02:00:00Z
5199863,Kihumo Village || Antenna Array,13691751,temperature,c,16.6,2026-09-06T03:00:00Z
5199863,Kihumo Village || Antenna Array,13691751,temperature,c,17.5,2026-09-06T04:00:00Z
5199863,Kihumo Village || Antenna Array,13691751,temperature,c,20.4,2026-09-06T05:00:00Z
5199863,Kihumo Village || Antenna Array,13691751,temperature,c,23.9,2026-09-06T06:00:00Z
5199863,Kihumo Village || Antenna Array,13691751,temperature,c,28.9,2026-09-06T07:00:00Z
5199863,Kihumo Village || Antenna Array,13691751,temperature,c,29.6,2026-09-06T08:00:00Z
5199863,Kihumo Village || Antenna Array,13691751,temperature,c,30.0,2026-09-06T09:00:00Z
5199863,Kihumo Village || Antenna Array,13691751,temperature,c,31.8,2026-09-06T10:00:00Z
5199863,Kihumo Village || Antenna Array,13691751,temperature,c,29.0,2026-09-11T09:00:00Z
5199863,Kihumo Village || Antenna Array,13691751,temperature,c,30.3,2026-09-11T10:00:00Z
5199863,Kihumo Village || Antenna Array,13691751,temperature,c,31.5,2026-09-11T11:00:00Z
5199863,Kihumo Village || Antenna Array,13691751,temperature,c,30.0,2026-09-11T12:00:00Z
5199863,Kihumo Village || Antenna Array,13691751,temperature,c,29.7,2026-09-11T13:00:00Z
5199863,Kihumo Village || Antenna Array,13691751,temperature,c,29.1,2026-09-11T14:00:00Z
5199863,Kihumo Village || Antenna Array,13691751,temperature,c,23.8,2026-09-11T15:00:00Z
5199863,Kihumo Village || Antenna Array,13691751,temperature,c,21.5,2026-09-11T16:00:00Z
5199863,Kihumo Village || Antenna Array,13691751,temperature,c,20.1,2026-09-11T17:00:00Z
5199863,Kihumo Village || Antenna Array,13691751,temperature,c,19.8,2026-09-11T18:00:00Z
5199863,Kihumo Village || Antenna Array,13691751,temperature,c,19.5,2026-09-11T19:00:00Z
5199863,Kihumo Village || Antenna Array,13691751,temperature,c,19.3,2026-09-11T20:00:00Z
5199863,Kihumo Village || Antenna Array,13691751,temperature,c,19.2,2026-09-11T21:00:00Z
5199863,Kihumo Village || Antenna Array,13691751,temperature,c,18.7,2026-09-11T22:00:00Z
5199863,Kihumo Village || Antenna Array,13691751,temperature,c,18.5,2026-09-11T23:00:00Z
5199863,Kihumo Village || Antenna Array,13691751,temperature,c,18.5,2026-09-12T00:00:00Z
5199863,Kihumo Village || Antenna Array,13691751,temperature,c,18.3,2026-09-12T01:00:00Z
5199863,Kihumo Village || Antenna Array,13691751,temperature,c,18.0,2026-09-12T02:00:00Z
5199863,Kihumo Village || Antenna Array,13691751,temperature,c,17.3,2026-09-12T03:00:00Z
5199863,Kihumo Village || Antenna Array,13691751,temperature,c,17.4,2026-09-12T04:00:00Z
5199863,Kihumo Village || Antenna Array,13691751,temperature,c,17.7,2026-09-12T05:00:00Z
5199863,Kihumo Village || Antenna Array,13691751,temperature,c,20.2,2026-09-12T06:00:00Z
5199863,Kihumo Village || Antenna Array,13691751,temperature,c,22.4,2026-09-12T07:00:00Z
5199863,Kihumo Village || Antenna Array,13691751,temperature,c,23.0,2026-09-12T08:00:00Z
5199863,Kihumo Village || Antenna Array,13691751,temperature,c,24.1,2026-09-12T09:00:00Z
5199863,Kihumo Village || Antenna Array,13691751,temperature,c,27.2,2026-09-12T10:00:00Z
5199863,Kihumo Village || Antenna Array,13691751,temperature,c,30.0,2026-09-12T11:00:00Z
5199863,Kihumo Village || Antenna Array,13691751,temperature,c,32.2,2026-09-12T12:00:00Z
5199863,Kihumo Village || Antenna Array,13691751,temperature,c,30.7,2026-09-12T13:00:00Z
5199863,Kihumo Village || Antenna Array,13691751,temperature,c,27.8,2026-09-12T14:00:00Z
5199863,Kihumo Village || Antenna Array,13691751,temperature,c,22.2,2026-09-12T15:00:00Z
5199863,Kihumo Village || Antenna Array,13691751,temperature,c,20.3,2026-09-12T16:00:00Z
5199863,Kihumo Village || Antenna Array,13691751,temperature,c,20.0,2026-09-12T17:00:00Z
5199863,Kihumo Village || Antenna Array,13691751,temperature,c,19.8,2026-09-12T18:00:00Z
5199863,Kihumo Village || Antenna Array,13691751,temperature,c,18.7,2026-09-12T19:00:00Z
5199863,Kihumo Village || Antenna Array,13691751,temperature,c,18.8,2026-09-12T20:00:00Z
5199863,Kihumo Village || Antenna Array,13691751,temperature,c,18.8,2026-09-12T21:00:00Z
5199863,Kihumo Village || Antenna Array,13691751,temperature,c,18.5,2026-09-12T22:00:00Z
5199863,Kihumo Village || Antenna Array,13691751,temperature,c,18.4,2026-09-12T23:00:00Z
5199863,Kihumo Village || Antenna Array,13691751,temperature,c,18.1,2026-09-13T00:00:00Z
5199863,Kihumo Village || Antenna Array,13691751,temperature,c,18.1,2026-09-13T01:00:00Z
5199863,Kihumo Village || Antenna Array,13691751,temperature,c,18.2,2026-09-13T02:00:00Z
5199863,Kihumo Village || Antenna Array,13691751,temperature,c,17.9,2026-09-13T03:00:00Z
5199863,Kihumo Village || Antenna Array,13691751,temperature,c,17.7,2026-09-13T04:00:00Z
5199863,Kihumo Village || Antenna Array,13691751,temperature,c,22.5,2026-09-13T06:00:00Z
5199863,Kihumo Village || Antenna Array,13691751,temperature,c,24.4,2026-09-13T07:00:00Z
5199863,Kihumo Village || Antenna Array,13691751,temperature,c,25.7,2026-09-13T08:00:00Z
5199863,Kihumo Village || Antenna Array,13691751,temperature,c,26.9,2026-09-13T09:00:00Z
5199863,Kihumo Village || Antenna Array,13691751,temperature,c,28.3,2026-09-13T10:00:00Z
5199863,Kihumo Village || Antenna Array,13691751,temperature,c,18.5,2026-09-13T20:00:00Z
5199863,Kihumo Village || Antenna Array,13691751,temperature,c,18.8,2026-09-13T21:00:00Z
5199863,Kihumo Village || Antenna Array,13691751,temperature,c,18.3,2026-09-13T23:00:00Z
5199863,Kihumo Village || Antenna Array,13691751,temperature,c,18.4,2026-09-14T00:00:00Z
5199863,Kihumo Village || Antenna Array,13691751,temperature,c,17.8,2026-09-14T01:00:00Z
5199863,Kihumo Village || Antenna Array,13691751,temperature,c,18.0,2026-09-14T02:00:00Z
5199863,Kihumo Village || Antenna Array,13691751,temperature,c,17.8,2026-09-14T03:00:00Z
5199863,Kihumo Village || Antenna Array,13691751,temperature,c,18.3,2026-09-14T04:00:00Z
5199863,Kihumo Village || Antenna Array,13691751,temperature,c,19.4,2026-09-14T05:00:00Z
5199863,Kihumo Village || Antenna Array,13691751,temperature,c,23.1,2026-09-14T06:00:00Z
5199863,Kihumo Village || Antenna Array,13691751,temperature,c,25.0,2026-09-14T07:00:00Z
5199863,Kihumo Village || Antenna Array,13691751,temperature,c,26.5,2026-09-14T08:00:00Z
5199863,Kihumo Village || Antenna Array,13691751,temperature,c,27.7,2026-09-14T09:00:00Z
5199863,Kihumo Village || Antenna Array,13691751,temperature,c,29.1,2026-09-14T10:00:00Z
5199863,Kihumo Village || Antenna Array,13691751,temperature,c,32.6,2026-09-14T11:00:00Z
5199863,Kihumo Village || Antenna Array,13691751,temperature,c,32.3,2026-09-14T12:00:00Z
5199863,Kihumo Village || Antenna Array,13691751,temperature,c,33.5,2026-09-14T13:00:00Z
5199863,Kihumo Village || Antenna Array,13691751,temperature,c,27.2,2026-09-14T14:00:00Z
5199863,Kihumo Village || Antenna Array,13691751,temperature,c,23.0,2026-09-14T15:00:00Z
5199863,Kihumo Village || Antenna Array,13691751,temperature,c,22.1,2026-09-14T16:00:00Z
5199863,Kihumo Village || Antenna Array,13691751,temperature,c,22.2,2026-09-14T17:00:00Z
5199863,Kihumo Village || Antenna Array,13691751,temperature,c,21.4,2026-09-14T18:00:00Z
5199863,Kihumo Village || Antenna Array,13691751,temperature,c,20.2,2026-09-14T19:00:00Z
5199863,Kihumo Village || Antenna Array,13691751,temperature,c,19.6,2026-09-14T20:00:00Z
5199863,Kihumo Village || Antenna Array,13691751,temperature,c,19.0,2026-09-14T21:00:00Z
5199863,Kihumo Village || Antenna Array,13691751,temperature,c,18.9,2026-09-14T22:00:00Z
5199863,Kihumo Village || Antenna Array,13691751,temperature,c,18.7,2026-09-14T23:00:00Z
5199863,Kihumo Village || Antenna Array,13691751,temperature,c,18.6,2026-09-15T00:00:00Z
5199863,Kihumo Village || Antenna Array,13691751,temperature,c,18.6,2026-09-15T01:00:00Z
5199863,Kihumo Village || Antenna Array,13691751,temperature,c,18.5,2026-09-15T02:00:00Z
5199863,Kihumo Village || Antenna Array,13691751,temperature,c,18.5,2026-09-15T03:00:00Z
5199863,Kihumo Village || Antenna Array,13691751,temperature,c,18.6,2026-09-15T04:00:00Z
5199863,Kihumo Village || Antenna Array,13691751,temperature,c,19.0,2026-09-15T05:00:00Z
5199863,Kihumo Village || Antenna Array,13691751,temperature,c,18.8,2026-09-15T06:00:00Z
5199863,Kihumo Village || Antenna Array,13691751,temperature,c,18.1,2026-09-15T07:00:00Z
5199863,Kihumo Village || Antenna Array,13691751,temperature,c,18.5,2026-09-15T08:00:00Z
5199863,Kihumo Village || Antenna Array,13691751,temperature,c,20.0,2026-09-15T09:00:00Z
5199863,Kihumo Village || Antenna Array,13691751,temperature,c,22.3,2026-09-15T10:00:00Z
5199863,Kihumo Village || Antenna Array,13691751,temperature,c,23.3,2026-09-15T11:00:00Z
5199863,Kihumo Village || Antenna Array,13691751,temperature,c,20.8,2026-09-15T12:00:00Z
5199863,Kihumo Village || Antenna Array,13691751,temperature,c,20.8,2026-09-15T13:00:00Z
5199863,Kihumo Village || Antenna Array,13691751,temperature,c,20.0,2026-09-15T14:00:00Z
5199863,Kihumo Village || Antenna Array,13691751,temperature,c,19.3,2026-09-15T15:00:00Z
5199863,Kihumo Village || Antenna Array,13691751,temperature,c,18.9,2026-09-15T16:00:00Z
5199863,Kihumo Village || Antenna Array,13691751,temperature,c,18.8,2026-09-15T17:00:00Z
5199863,Kihumo Village || Antenna Array,13691751,temperature,c,18.4,2026-09-15T18:00:00Z
5199863,Kihumo Village || Antenna Array,13691751,temperature,c,18.6,2026-09-15T19:00:00Z
5199863,Kihumo Village || Antenna Array,13691751,temperature,c,18.5,2026-09-15T20:00:00Z
5199863,Kihumo Village || Antenna Array,13691751,temperature,c,18.3,2026-09-15T21:00:00Z
5199863,Kihumo Village || Antenna Array,13691751,temperature,c,18.1,2026-09-15T22:00:00Z
5199863,Kihumo Village || Antenna Array,13691751,temperature,c,18.0,2026-09-15T23:00:00Z
5199863,Kihumo Village || Antenna Array,13691751,temperature,c,18.0,2026-09-16T00:00:00Z
5199863,Kihumo Village || Antenna Array,13691751,temperature,c,17.8,2026-09-16T01:00:00Z
5199863,Kihumo Village || Antenna Array,13691751,temperature,c,17.6,2026-09-16T02:00:00Z
5199863,Kihumo Village || Antenna Array,13691751,temperature,c,17.4,2026-09-16T03:00:00Z
5199863,Kihumo Village || Antenna Array,13691751,temperature,c,18.1,2026-09-16T04:00:00Z
5199863,Kihumo Village || Antenna Array,13691751,temperature,c,19.5,2026-09-16T05:00:00Z
5199863,Kihumo Village || Antenna Array,13691751,temperature,c,20.8,2026-09-16T06:00:00Z
5199863,Kihumo Village || Antenna Array,13691751,temperature,c,21.5,2026-09-16T07:00:00Z
5199863,Kihumo Village || Antenna Array,13691751,temperature,c,24.2,2026-09-16T08:00:00Z
5199863,Kihumo Village || Antenna Array,13691751,temperature,c,24.1,2026-09-16T09:00:00Z
5199863,Kihumo Village || Antenna Array,13691751,temperature,c,24.5,2026-09-16T10:00:00Z
5199863,Kihumo Village || Antenna Array,13691751,temperature,c,23.5,2026-09-16T11:00:00Z
5199863,Kihumo Village || Antenna Array,13691751,temperature,c,24.7,2026-09-16T12:00:00Z
5199863,Kihumo Village || Antenna Array,13691751,temperature,c,23.7,2026-09-16T13:00:00Z
5199863,Kihumo Village || Antenna Array,13691751,temperature,c,22.7,2026-09-16T14:00:00Z
5199863,Kihumo Village || Antenna Array,13691751,temperature,c,20.7,2026-09-16T15:00:00Z
5199863,Kihumo Village || Antenna Array,13691751,temperature,c,20.0,2026-09-16T16:00:00Z
5199863,Kihumo Village || Antenna Array,13691751,temperature,c,19.6,2026-09-16T17:00:00Z
5199863,Kihumo Village || Antenna Array,13691751,temperature,c,18.9,2026-09-16T18:00:00Z
5199863,Kihumo Village || Antenna Array,13691751,temperature,c,17.9,2026-09-16T19:00:00Z
5199863,Kihumo Village || Antenna Array,13691751,temperature,c,17.8,2026-09-16T20:00:00Z
5199863,Kihumo Village || Antenna Array,13691751,temperature,c,17.4,2026-09-16T21:00:00Z
5199863,Kihumo Village || Antenna Array,13691751,temperature,c,17.2,2026-09-16T22:00:00Z
5199863,Kihumo Village || Antenna Array,13691751,temperature,c,16.4,2026-09-16T23:00:00Z
5199863,Kihumo Village || Antenna Array,13691751,temperature,c,16.1,2026-09-17T00:00:00Z
5199863,Kihumo Village || Antenna Array,13691751,temperature,c,16.1,2026-09-17T01:00:00Z
5199863,Kihumo Village || Antenna Array,13691751,temperature,c,16.6,2026-09-17T02:00:00Z
5199863,Kihumo Village || Antenna Array,13691751,temperature,c,16.6,2026-09-17T03:00:00Z
5199863,Kihumo Village || Antenna Array,13691751,temperature,c,17.7,2026-09-17T04:00:00Z
5199863,Kihumo Village || Antenna Array,13691751,temperature,c,19.5,2026-09-17T05:00:00Z
5199863,Kihumo Village || Antenna Array,13691751,temperature,c,22.6,2026-09-17T06:00:00Z
5199863,Kihumo Village || Antenna Array,13691751,temperature,c,24.3,2026-09-17T07:00:00Z
5199863,Kihumo Village || Antenna Array,13691751,temperature,c,27.5,2026-09-17T08:00:00Z
5199863,Kihumo Village || Antenna Array,13691751,temperature,c,27.9,2026-09-17T09:00:00Z
5199863,Kihumo Village || Antenna Array,13691751,temperature,c,28.5,2026-09-17T10:00:00Z
5199863,Kihumo Village || Antenna Array,13691751,temperature,c,30.4,2026-09-17T11:00:00Z
5199863,Kihumo Village || Antenna Array,13691751,temperature,c,26.0,2026-09-17T12:00:00Z
5199863,Kihumo Village || Antenna Array,13691751,temperature,c,25.5,2026-09-17T13:00:00Z
5199863,Kihumo Village || Antenna Array,13691751,temperature,c,23.6,2026-09-17T14:00:00Z
5199863,Kihumo Village || Antenna Array,13691751,temperature,c,21.7,2026-09-17T15:00:00Z
5199863,Kihumo Village || Antenna Array,13691751,temperature,c,20.4,2026-09-17T16:00:00Z
5199863,Kihumo Village || Antenna Array,13691751,temperature,c,20.0,2026-09-17T17:00:00Z
5199863,Kihumo Village || Antenna Array,13691751,temperature,c,19.2,2026-09-17T18:00:00Z
5199863,Kihumo Village || Antenna Array,13691751,temperature,c,18.7,2026-09-17T19:00:00Z
5199863,Kihumo Village || Antenna Array,13691751,temperature,c,18.1,2026-09-17T20:00:00Z
5199863,Kihumo Village || Antenna Array,13691751,temperature,c,17.5,2026-09-17T21:00:00Z
5199863,Kihumo Village || Antenna Array,13691751,temperature,c,17.0,2026-09-17T22:00:00Z
5199863,Kihumo Village || Antenna Array,13691751,temperature,c,14.9,2026-09-18T00:00:00Z
5199863,Kihumo Village || Antenna Array,13691751,temperature,c,14.6,2026-09-18T01:00:00Z
5199863,Kihumo Village || Antenna Array,13691751,temperature,c,14.5,2026-09-18T02:00:00Z
5199863,Kihumo Village || Antenna Array,13691751,temperature,c,14.4,2026-09-18T03:00:00Z
5199863,Kihumo Village || Antenna Array,13691751,temperature,c,15.8,2026-09-18T04:00:00Z
5199863,Kihumo Village || Antenna Array,13691751,temperature,c,22.7,2026-09-18T06:00:00Z
5199863,Kihumo Village || Antenna Array,13691751,temperature,c,20.6,2026-09-18T08:00:00Z
5199863,Kihumo Village || Antenna Array,13691751,temperature,c,26.1,2026-09-19T08:00:00Z
5199863,Kihumo Village || Antenna Array,13691751,temperature,c,22.2,2026-09-20T06:00:00Z
5199863,Kihumo Village || Antenna Array,13691751,temperature,c,22.8,2026-09-20T07:00:00Z
5199863,Kihumo Village || Antenna Array,13691751,temperature,c,17.8,2026-09-20T20:00:00Z
5199863,Kihumo Village || Antenna Array,13691751,temperature,c,17.9,2026-09-20T21:00:00Z
5199863,Kihumo Village || Antenna Array,13691751,temperature,c,17.7,2026-09-20T22:00:00Z
5199863,Kihumo Village || Antenna Array,13691751,temperature,c,17.7,2026-09-20T23:00:00Z
5199863,Kihumo Village || Antenna Array,13691751,temperature,c,17.7,2026-09-21T00:00:00Z
5199863,Kihumo Village || Antenna Array,13691751,temperature,c,17.7,2026-09-21T01:00:00Z
5199863,Kihumo Village || Antenna Array,13691751,temperature,c,17.6,2026-09-21T02:00:00Z
5199863,Kihumo Village || Antenna Array,13691751,temperature,c,17.5,2026-09-21T03:00:00Z
5199863,Kihumo Village || Antenna Array,13691751,temperature,c,17.8,2026-09-21T04:00:00Z
5199863,Kihumo Village || Antenna Array,13691751,temperature,c,18.3,2026-09-21T05:00:00Z
5199863,Kihumo Village || Antenna Array,13691751,temperature,c,18.7,2026-09-21T06:00:00Z
5199863,Kihumo Village || Antenna Array,13691751,temperature,c,21.5,2026-09-21T07:00:00Z
5199863,Kihumo Village || Antenna Array,13691751,temperature,c,20.2,2026-09-21T08:00:00Z
5199863,Kihumo Village || Antenna Array,13691751,temperature,c,20.8,2026-09-21T10:00:00Z
5199863,Kihumo Village || Antenna Array,13691751,temperature,c,21.8,2026-09-21T11:00:00Z
5199863,Kihumo Village || Antenna Array,13691751,temperature,c,20.3,2026-09-21T15:00:00Z
5199863,Kihumo Village || Antenna Array,13691751,temperature,c,18.1,2026-09-21T20:00:00Z
5199863,Kihumo Village || Antenna Array,13691751,temperature,c,17.9,2026-09-21T21:00:00Z
5199863,Kihumo Village || Antenna Array,13691751,temperature,c,17.6,2026-09-21T22:00:00Z
5199863,Kihumo Village || Antenna Array,13691751,temperature,c,17.6,2026-09-21T23:00:00Z
5199863,Kihumo Village || Antenna Array,13691751,temperature,c,17.5,2026-09-22T00:00:00Z
5199863,Kihumo Village || Antenna Array,13691751,temperature,c,17.6,2026-09-22T01:00:00Z
5199863,Kihumo Village || Antenna Array,13691751,temperature,c,17.2,2026-09-22T02:00:00Z
5199863,Kihumo Village || Antenna Array,13691751,temperature,c,17.1,2026-09-22T03:00:00Z
5199863,Kihumo Village || Antenna Array,13691751,temperature,c,17.8,2026-09-22T04:00:00Z
5199863,Kihumo Village || Antenna Array,13691751,temperature,c,19.5,2026-09-22T05:00:00Z
5199863,Kihumo Village || Antenna Array,13691751,temperature,c,23.0,2026-09-22T06:00:00Z
5199863,Kihumo Village || Antenna Array,13691751,temperature,c,27.9,2026-09-22T07:00:00Z
5199863,Kihumo Village || Antenna Array,13691751,temperature,c,28.3,2026-09-22T08:00:00Z
5199863,Kihumo Village || Antenna Array,13691751,temperature,c,27.8,2026-09-22T09:00:00Z
5199863,Kihumo Village || Antenna Array,13691751,temperature,c,30.4,2026-09-22T10:00:00Z
5199863,Kihumo Village || Antenna Array,13691751,temperature,c,30.8,2026-09-22T11:00:00Z
5199863,Kihumo Village || Antenna Array,13691751,temperature,c,32.5,2026-09-22T12:00:00Z
5199863,Kihumo Village || Antenna Array,13691751,temperature,c,19.5,2026-09-22T17:00:00Z
5199863,Kihumo Village || Antenna Array,13691751,temperature,c,19.7,2026-09-22T18:00:00Z
5199863,Kihumo Village || Antenna Array,13691751,temperature,c,19.4,2026-09-22T19:00:00Z
5199863,Kihumo Village || Antenna Array,13691751,temperature,c,18.7,2026-09-22T20:00:00Z
5199863,Kihumo Village || Antenna Array,13691751,temperature,c,18.4,2026-09-22T21:00:00Z
5199863,Kihumo Village || Antenna Array,13691751,temperature,c,18.0,2026-09-22T22:00:00Z
5199863,Kihumo Village || Antenna Array,13691751,temperature,c,17.9,2026-09-22T23:00:00Z
5199863,Kihumo Village || Antenna Array,13691751,temperature,c,18.0,2026-09-23T00:00:00Z
5199863,Kihumo Village || Antenna Array,13691751,temperature,c,17.4,2026-09-23T01:00:00Z
5199863,Kihumo Village || Antenna Array,13691751,temperature,c,17.5,2026-09-23T02:00:00Z
5199863,Kihumo Village || Antenna Array,13691751,temperature,c,17.4,2026-09-23T03:00:00Z
5199863,Kihumo Village || Antenna Array,13691751,temperature,c,19.9,2026-09-23T05:00:00Z
5199863,Kihumo Village || Antenna Array,13691751,temperature,c,21.0,2026-09-23T06:00:00Z
5199863,Kihumo Village || Antenna Array,13691751,temperature,c,24.4,2026-09-23T07:00:00Z
5199863,Kihumo Village || Antenna Array,13691751,temperature,c,25.7,2026-09-23T08:00:00Z
5199863,Kihumo Village || Antenna Array,13691751,temperature,c,26.8,2026-09-23T09:00:00Z
5199863,Kihumo Village || Antenna Array,13691751,temperature,c,28.2,2026-09-23T10:00:00Z
5199863,Kihumo Village || Antenna Array,13691751,temperature,c,30.3,2026-09-23T11:00:00Z
5199863,Kihumo Village || Antenna Array,13691751,temperature,c,31.9,2026-09-23T12:00:00Z
5199863,Kihumo Village || Antenna Array,13691751,temperature,c,30.9,2026-09-23T13:00:00Z
5199863,Kihumo Village || Antenna Array,13691751,temperature,c,27.5,2026-09-23T14:00:00Z
5199863,Kihumo Village || Antenna Array,13691751,temperature,c,20.6,2026-09-23T15:00:00Z
5199863,Kihumo Village || Antenna Array,13691751,temperature,c,20.0,2026-09-23T16:00:00Z
5199863,Kihumo Village || Antenna Array,13691751,temperature,c,19.2,2026-09-23T17:00:00Z
5199863,Kihumo Village || Antenna Array,13691751,temperature,c,18.6,2026-09-23T18:00:00Z
5199863,Kihumo Village || Antenna Array,13691751,temperature,c,17.8,2026-09-23T20:00:00Z
5199863,Kihumo Village || Antenna Array,13691751,temperature,c,15.0,2026-09-23T23:00:00Z
5199863,Kihumo Village || Antenna Array,13691751,temperature,c,16.2,2026-09-24T00:00:00Z
5199863,Kihumo Village || Antenna Array,13691751,temperature,c,17.1,2026-09-24T01:00:00Z
5199863,Kihumo Village || Antenna Array,13691751,temperature,c,16.9,2026-09-24T02:00:00Z
5199863,Kihumo Village || Antenna Array,13691751,temperature,c,16.8,2026-09-24T03:00:00Z
5199863,Kihumo Village || Antenna Array,13691751,temperature,c,17.4,2026-09-24T04:00:00Z
5199863,Kihumo Village || Antenna Array,13691751,temperature,c,21.0,2026-09-24T05:00:00Z
5199863,Kihumo Village || Antenna Array,13691751,temperature,c,25.4,2026-09-24T06:00:00Z
5199863,Kihumo Village || Antenna Array,13691751,temperature,c,28.4,2026-09-24T07:00:00Z
5199863,Kihumo Village || Antenna Array,13691751,temperature,c,29.3,2026-09-24T08:00:00Z
5199863,Kihumo Village || Antenna Array,13691751,temperature,c,29.2,2026-09-24T09:00:00Z
5199863,Kihumo Village || Antenna Array,13691751,temperature,c,31.7,2026-09-24T10:00:00Z
5199863,Kihumo Village || Antenna Array,13691751,temperature,c,34.5,2026-09-24T11:00:00Z
5199863,Kihumo Village || Antenna Array,13691751,temperature,c,35.7,2026-09-24T12:00:00Z
5199863,Kihumo Village || Antenna Array,13691751,temperature,c,35.6,2026-09-24T13:00:00Z
5199863,Kihumo Village || Antenna Array,13691751,temperature,c,26.8,2026-09-24T14:00:00Z
5199863,Kihumo Village || Antenna Array,13691751,temperature,c,23.9,2026-09-24T15:00:00Z
5199863,Kihumo Village || Antenna Array,13691751,temperature,c,22.0,2026-09-24T16:00:00Z
5199863,Kihumo Village || Antenna Array,13691751,temperature,c,21.2,2026-09-24T17:00:00Z
5199863,Kihumo Village || Antenna Array,13691751,temperature,c,20.3,2026-09-24T18:00:00Z
5199863,Kihumo Village || Antenna Array,13691751,temperature,c,18.9,2026-09-24T19:00:00Z
5199863,Kihumo Village || Antenna Array,13691751,temperature,c,17.9,2026-09-24T20:00:00Z
5199863,Kihumo Village || Antenna Array,13691752,um003,particles/cm³,1623.0,2026-07-31T21:00:00Z
5199863,Kihumo Village || Antenna Array,13691752,um003,particles/cm³,1206.0,2026-07-31T22:00:00Z
5199863,Kihumo Village || Antenna Array,13691752,um003,particles/cm³,1298.0,2026-07-31T23:00:00Z
5199863,Kihumo Village || Antenna Array,13691752,um003,particles/cm³,1358.0,2026-08-01T00:00:00Z
5199863,Kihumo Village || Antenna Array,13691752,um003,particles/cm³,1751.0,2026-08-01T01:00:00Z
5199863,Kihumo Village || Antenna Array,13691752,um003,particles/cm³,1401.0,2026-08-01T02:00:00Z
5199863,Kihumo Village || Antenna Array,13691752,um003,particles/cm³,1214.0,2026-08-01T03:00:00Z
5199863,Kihumo Village || Antenna Array,13691752,um003,particles/cm³,1218.0,2026-08-01T04:00:00Z
5199863,Kihumo Village || Antenna Array,13691752,um003,particles/cm³,1394.0,2026-08-01T05:00:00Z
5199863,Kihumo Village || Antenna Array,13691752,um003,particles/cm³,1687.0,2026-08-01T06:00:00Z
5199863,Kihumo Village || Antenna Array,13691752,um003,particles/cm³,1615.0,2026-08-01T07:00:00Z
5199863,Kihumo Village || Antenna Array,13691752,um003,particles/cm³,1687.0,2026-08-01T08:00:00Z
5199863,Kihumo Village || Antenna Array,13691752,um003,particles/cm³,1468.0,2026-08-01T09:00:00Z
5199863,Kihumo Village || Antenna Array,13691752,um003,particles/cm³,1338.0,2026-08-01T10:00:00Z
5199863,Kihumo Village || Antenna Array,13691752,um003,particles/cm³,1181.0,2026-08-01T11:00:00Z
5199863,Kihumo Village || Antenna Array,13691752,um003,particles/cm³,1158.0,2026-08-01T12:00:00Z
5199863,Kihumo Village || Antenna Array,13691752,um003,particles/cm³,1081.0,2026-08-01T13:00:00Z
5199863,Kihumo Village || Antenna Array,13691752,um003,particles/cm³,1800.0,2026-08-01T14:00:00Z
5199863,Kihumo Village || Antenna Array,13691752,um003,particles/cm³,2124.0,2026-08-01T15:00:00Z
5199863,Kihumo Village || Antenna Array,13691752,um003,particles/cm³,2111.0,2026-08-01T16:00:00Z
5199863,Kihumo Village || Antenna Array,13691752,um003,particles/cm³,2179.0,2026-08-01T17:00:00Z
5199863,Kihumo Village || Antenna Array,13691752,um003,particles/cm³,2055.0,2026-08-01T18:00:00Z
5199863,Kihumo Village || Antenna Array,13691752,um003,particles/cm³,1981.0,2026-08-01T19:00:00Z
5199863,Kihumo Village || Antenna Array,13691752,um003,particles/cm³,1912.0,2026-08-01T20:00:00Z
5199863,Kihumo Village || Antenna Array,13691752,um003,particles/cm³,1750.0,2026-08-01T21:00:00Z
5199863,Kihumo Village || Antenna Array,13691752,um003,particles/cm³,1802.0,2026-08-01T22:00:00Z
5199863,Kihumo Village || Antenna Array,13691752,um003,particles/cm³,2035.0,2026-08-01T23:00:00Z
5199863,Kihumo Village || Antenna Array,13691752,um003,particles/cm³,2495.0,2026-08-02T00:00:00Z
5199863,Kihumo Village || Antenna Array,13691752,um003,particles/cm³,2427.0,2026-08-02T01:00:00Z
5199863,Kihumo Village || Antenna Array,13691752,um003,particles/cm³,1974.0,2026-08-02T02:00:00Z
5199863,Kihumo Village || Antenna Array,13691752,um003,particles/cm³,2087.0,2026-08-02T03:00:00Z
5199863,Kihumo Village || Antenna Array,13691752,um003,particles/cm³,2218.0,2026-08-02T04:00:00Z
5199863,Kihumo Village || Antenna Array,13691752,um003,particles/cm³,2042.0,2026-08-02T05:00:00Z
5199863,Kihumo Village || Antenna Array,13691752,um003,particles/cm³,1946.0,2026-08-02T06:00:00Z
5199863,Kihumo Village || Antenna Array,13691752,um003,particles/cm³,2737.0,2026-08-02T07:00:00Z
5199863,Kihumo Village || Antenna Array,13691752,um003,particles/cm³,1817.0,2026-08-02T08:00:00Z
5199863,Kihumo Village || Antenna Array,13691752,um003,particles/cm³,1717.0,2026-08-02T09:00:00Z
5199863,Kihumo Village || Antenna Array,13691752,um003,particles/cm³,1468.0,2026-08-02T10:00:00Z
5199863,Kihumo Village || Antenna Array,13691752,um003,particles/cm³,1593.0,2026-08-02T11:00:00Z
5199863,Kihumo Village || Antenna Array,13691752,um003,particles/cm³,1407.0,2026-08-02T12:00:00Z
5199863,Kihumo Village || Antenna Array,13691752,um003,particles/cm³,1714.0,2026-08-02T13:00:00Z
5199863,Kihumo Village || Antenna Array,13691752,um003,particles/cm³,2066.0,2026-08-02T14:00:00Z
5199863,Kihumo Village || Antenna Array,13691752,um003,particles/cm³,2269.0,2026-08-02T15:00:00Z
5199863,Kihumo Village || Antenna Array,13691752,um003,particles/cm³,2517.0,2026-08-02T16:00:00Z
5199863,Kihumo Village || Antenna Array,13691752,um003,particles/cm³,2386.0,2026-08-02T17:00:00Z
5199863,Kihumo Village || Antenna Array,13691752,um003,particles/cm³,2364.0,2026-08-02T18:00:00Z
5199863,Kihumo Village || Antenna Array,13691752,um003,particles/cm³,1978.0,2026-08-02T19:00:00Z
5199863,Kihumo Village || Antenna Array,13691752,um003,particles/cm³,1606.0,2026-08-02T20:00:00Z
5199863,Kihumo Village || Antenna Array,13691752,um003,particles/cm³,1608.0,2026-08-02T21:00:00Z
5199863,Kihumo Village || Antenna Array,13691752,um003,particles/cm³,1854.0,2026-08-02T22:00:00Z
5199863,Kihumo Village || Antenna Array,13691752,um003,particles/cm³,2055.0,2026-08-02T23:00:00Z
5199863,Kihumo Village || Antenna Array,13691752,um003,particles/cm³,2246.0,2026-08-03T00:00:00Z
5199863,Kihumo Village || Antenna Array,13691752,um003,particles/cm³,2035.0,2026-08-03T01:00:00Z
5199863,Kihumo Village || Antenna Array,13691752,um003,particles/cm³,2051.0,2026-08-03T02:00:00Z
5199863,Kihumo Village || Antenna Array,13691752,um003,particles/cm³,2074.0,2026-08-03T03:00:00Z
5199863,Kihumo Village || Antenna Array,13691752,um003,particles/cm³,1948.0,2026-08-03T04:00:00Z
5199863,Kihumo Village || Antenna Array,13691752,um003,particles/cm³,2135.0,2026-08-03T05:00:00Z
5199863,Kihumo Village || Antenna Array,13691752,um003,particles/cm³,2196.0,2026-08-03T06:00:00Z
5199863,Kihumo Village || Antenna Array,13691752,um003,particles/cm³,1997.0,2026-08-03T07:00:00Z
5199863,Kihumo Village || Antenna Array,13691752,um003,particles/cm³,1815.0,2026-08-03T08:00:00Z
5199863,Kihumo Village || Antenna Array,13691752,um003,particles/cm³,1928.0,2026-08-03T09:00:00Z
5199863,Kihumo Village || Antenna Array,13691752,um003,particles/cm³,1991.0,2026-08-03T10:00:00Z
5199863,Kihumo Village || Antenna Array,13691752,um003,particles/cm³,2396.0,2026-08-03T11:00:00Z
5199863,Kihumo Village || Antenna Array,13691752,um003,particles/cm³,2037.0,2026-08-03T12:00:00Z
5199863,Kihumo Village || Antenna Array,13691752,um003,particles/cm³,2021.0,2026-08-03T13:00:00Z
5199863,Kihumo Village || Antenna Array,13691752,um003,particles/cm³,2201.0,2026-08-03T14:00:00Z
5199863,Kihumo Village || Antenna Array,13691752,um003,particles/cm³,2664.0,2026-08-03T15:00:00Z
5199863,Kihumo Village || Antenna Array,13691752,um003,particles/cm³,2483.0,2026-08-03T16:00:00Z
5199863,Kihumo Village || Antenna Array,13691752,um003,particles/cm³,1870.0,2026-08-03T17:00:00Z
5199863,Kihumo Village || Antenna Array,13691752,um003,particles/cm³,1952.0,2026-08-03T18:00:00Z
5199863,Kihumo Village || Antenna Array,13691752,um003,particles/cm³,2194.0,2026-08-03T19:00:00Z
5199863,Kihumo Village || Antenna Array,13691752,um003,particles/cm³,2370.0,2026-08-03T20:00:00Z
5199863,Kihumo Village || Antenna Array,13691752,um003,particles/cm³,2193.0,2026-08-03T21:00:00Z
5199863,Kihumo Village || Antenna Array,13691752,um003,particles/cm³,2134.0,2026-08-03T22:00:00Z
5199863,Kihumo Village || Antenna Array,13691752,um003,particles/cm³,1780.0,2026-08-03T23:00:00Z
5199863,Kihumo Village || Antenna Array,13691752,um003,particles/cm³,1442.0,2026-08-04T00:00:00Z
5199863,Kihumo Village || Antenna Array,13691752,um003,particles/cm³,1598.0,2026-08-04T01:00:00Z
5199863,Kihumo Village || Antenna Array,13691752,um003,particles/cm³,1342.0,2026-08-04T02:00:00Z
5199863,Kihumo Village || Antenna Array,13691752,um003,particles/cm³,1328.0,2026-08-04T03:00:00Z
5199863,Kihumo Village || Antenna Array,13691752,um003,particles/cm³,1926.0,2026-08-04T04:00:00Z
5199863,Kihumo Village || Antenna Array,13691752,um003,particles/cm³,1601.0,2026-08-04T05:00:00Z
5199863,Kihumo Village || Antenna Array,13691752,um003,particles/cm³,1916.0,2026-08-04T06:00:00Z
5199863,Kihumo Village || Antenna Array,13691752,um003,particles/cm³,1621.0,2026-08-04T07:00:00Z
5199863,Kihumo Village || Antenna Array,13691752,um003,particles/cm³,1449.0,2026-08-04T08:00:00Z
5199863,Kihumo Village || Antenna Array,13691752,um003,particles/cm³,1339.0,2026-08-04T09:00:00Z
5199863,Kihumo Village || Antenna Array,13691752,um003,particles/cm³,1539.0,2026-08-04T10:00:00Z
5199863,Kihumo Village || Antenna Array,13691752,um003,particles/cm³,1932.0,2026-08-04T11:00:00Z
5199863,Kihumo Village || Antenna Array,13691752,um003,particles/cm³,2933.0,2026-08-04T12:00:00Z
5199863,Kihumo Village || Antenna Array,13691752,um003,particles/cm³,2057.0,2026-08-04T13:00:00Z
5199863,Kihumo Village || Antenna Array,13691752,um003,particles/cm³,1693.0,2026-08-04T14:00:00Z
5199863,Kihumo Village || Antenna Array,13691752,um003,particles/cm³,2007.0,2026-08-04T15:00:00Z
5199863,Kihumo Village || Antenna Array,13691752,um003,particles/cm³,2259.0,2026-08-04T16:00:00Z
5199863,Kihumo Village || Antenna Array,13691752,um003,particles/cm³,2752.0,2026-08-04T17:00:00Z
5199863,Kihumo Village || Antenna Array,13691752,um003,particles/cm³,2420.0,2026-08-04T18:00:00Z
5199863,Kihumo Village || Antenna Array,13691752,um003,particles/cm³,2374.0,2026-08-04T19:00:00Z
5199863,Kihumo Village || Antenna Array,13691752,um003,particles/cm³,2026.0,2026-08-04T20:00:00Z
5199863,Kihumo Village || Antenna Array,13691752,um003,particles/cm³,1876.0,2026-08-04T21:00:00Z
5199863,Kihumo Village || Antenna Array,13691752,um003,particles/cm³,1398.0,2026-08-04T22:00:00Z
5199863,Kihumo Village || Antenna Array,13691752,um003,particles/cm³,1403.0,2026-08-04T23:00:00Z
5199863,Kihumo Village || Antenna Array,13691752,um003,particles/cm³,938.0,2026-08-05T00:00:00Z
5199863,Kihumo Village || Antenna Array,13691752,um003,particles/cm³,808.0,2026-08-05T01:00:00Z
5199863,Kihumo Village || Antenna Array,13691752,um003,particles/cm³,756.0,2026-08-05T02:00:00Z
5199863,Kihumo Village || Antenna Array,13691752,um003,particles/cm³,924.0,2026-08-05T03:00:00Z
5199863,Kihumo Village || Antenna Array,13691752,um003,particles/cm³,1217.0,2026-08-05T04:00:00Z
5199863,Kihumo Village || Antenna Array,13691752,um003,particles/cm³,1180.0,2026-08-05T05:00:00Z
5199863,Kihumo Village || Antenna Array,13691752,um003,particles/cm³,1261.0,2026-08-05T06:00:00Z
5199863,Kihumo Village || Antenna Array,13691752,um003,particles/cm³,1186.0,2026-08-05T07:00:00Z
5199863,Kihumo Village || Antenna Array,13691752,um003,particles/cm³,1045.0,2026-08-05T08:00:00Z
5199863,Kihumo Village || Antenna Array,13691752,um003,particles/cm³,2607.0,2026-08-05T10:00:00Z
5199863,Kihumo Village || Antenna Array,13691752,um003,particles/cm³,1489.0,2026-08-05T11:00:00Z
5199863,Kihumo Village || Antenna Array,13691752,um003,particles/cm³,2986.0,2026-08-05T18:00:00Z
5199863,Kihumo Village || Antenna Array,13691752,um003,particles/cm³,3359.0,2026-08-05T19:00:00Z
5199863,Kihumo Village || Antenna Array,13691752,um003,particles/cm³,2389.0,2026-08-05T20:00:00Z
5199863,Kihumo Village || Antenna Array,13691752,um003,particles/cm³,1484.0,2026-08-05T21:00:00Z
5199863,Kihumo Village || Antenna Array,13691752,um003,particles/cm³,969.0,2026-08-05T22:00:00Z
5199863,Kihumo Village || Antenna Array,13691752,um003,particles/cm³,715.0,2026-08-05T23:00:00Z
5199863,Kihumo Village || Antenna Array,13691752,um003,particles/cm³,711.0,2026-08-06T00:00:00Z
5199863,Kihumo Village || Antenna Array,13691752,um003,particles/cm³,849.0,2026-08-06T01:00:00Z
5199863,Kihumo Village || Antenna Array,13691752,um003,particles/cm³,874.0,2026-08-06T02:00:00Z
5199863,Kihumo Village || Antenna Array,13691752,um003,particles/cm³,853.0,2026-08-06T03:00:00Z
5199863,Kihumo Village || Antenna Array,13691752,um003,particles/cm³,975.0,2026-08-06T04:00:00Z
5199863,Kihumo Village || Antenna Array,13691752,um003,particles/cm³,1227.0,2026-08-06T05:00:00Z
5199863,Kihumo Village || Antenna Array,13691752,um003,particles/cm³,1309.0,2026-08-06T06:00:00Z
5199863,Kihumo Village || Antenna Array,13691752,um003,particles/cm³,1624.0,2026-08-06T07:00:00Z
5199863,Kihumo Village || Antenna Array,13691752,um003,particles/cm³,2002.0,2026-08-06T08:00:00Z
5199863,Kihumo Village || Antenna Array,13691752,um003,particles/cm³,1989.0,2026-08-06T09:00:00Z
5199863,Kihumo Village || Antenna Array,13691752,um003,particles/cm³,1360.0,2026-08-06T10:00:00Z
5199863,Kihumo Village || Antenna Array,13691752,um003,particles/cm³,867.0,2026-08-06T11:00:00Z
5199863,Kihumo Village || Antenna Array,13691752,um003,particles/cm³,820.0,2026-08-06T12:00:00Z
5199863,Kihumo Village || Antenna Array,13691752,um003,particles/cm³,883.0,2026-08-06T13:00:00Z
5199863,Kihumo Village || Antenna Array,13691752,um003,particles/cm³,839.0,2026-08-06T14:00:00Z
5199863,Kihumo Village || Antenna Array,13691752,um003,particles/cm³,1185.0,2026-08-06T15:00:00Z
5199863,Kihumo Village || Antenna Array,13691752,um003,particles/cm³,1448.0,2026-08-06T16:00:00Z
5199863,Kihumo Village || Antenna Array,13691752,um003,particles/cm³,1312.0,2026-08-06T17:00:00Z
5199863,Kihumo Village || Antenna Array,13691752,um003,particles/cm³,1285.0,2026-08-06T18:00:00Z
5199863,Kihumo Village || Antenna Array,13691752,um003,particles/cm³,1377.0,2026-08-06T19:00:00Z
5199863,Kihumo Village || Antenna Array,13691752,um003,particles/cm³,1374.0,2026-08-06T20:00:00Z
5199863,Kihumo Village || Antenna Array,13691752,um003,particles/cm³,1387.0,2026-08-06T21:00:00Z
5199863,Kihumo Village || Antenna Array,13691752,um003,particles/cm³,1275.0,2026-08-06T22:00:00Z
5199863,Kihumo Village || Antenna Array,13691752,um003,particles/cm³,1138.0,2026-08-06T23:00:00Z
5199863,Kihumo Village || Antenna Array,13691752,um003,particles/cm³,1102.0,2026-08-07T00:00:00Z
5199863,Kihumo Village || Antenna Array,13691752,um003,particles/cm³,1041.0,2026-08-07T01:00:00Z
5199863,Kihumo Village || Antenna Array,13691752,um003,particles/cm³,855.0,2026-08-07T02:00:00Z
5199863,Kihumo Village || Antenna Array,13691752,um003,particles/cm³,826.0,2026-08-07T03:00:00Z
5199863,Kihumo Village || Antenna Array,13691752,um003,particles/cm³,964.0,2026-08-07T04:00:00Z
5199863,Kihumo Village || Antenna Array,13691752,um003,particles/cm³,1003.0,2026-08-07T05:00:00Z
5199863,Kihumo Village || Antenna Array,13691752,um003,particles/cm³,1233.0,2026-08-07T06:00:00Z
5199863,Kihumo Village || Antenna Array,13691752,um003,particles/cm³,1465.0,2026-08-07T07:00:00Z
5199863,Kihumo Village || Antenna Array,13691752,um003,particles/cm³,2036.0,2026-08-07T08:00:00Z
5199863,Kihumo Village || Antenna Array,13691752,um003,particles/cm³,2439.0,2026-08-07T09:00:00Z
5199863,Kihumo Village || Antenna Array,13691752,um003,particles/cm³,2078.0,2026-08-07T10:00:00Z
5199863,Kihumo Village || Antenna Array,13691752,um003,particles/cm³,1915.0,2026-08-07T11:00:00Z
5199863,Kihumo Village || Antenna Array,13691752,um003,particles/cm³,1646.0,2026-08-07T12:00:00Z
5199863,Kihumo Village || Antenna Array,13691752,um003,particles/cm³,1530.0,2026-08-07T13:00:00Z
5199863,Kihumo Village || Antenna Array,13691752,um003,particles/cm³,1678.0,2026-08-07T14:00:00Z
5199863,Kihumo Village || Antenna Array,13691752,um003,particles/cm³,1972.0,2026-08-07T15:00:00Z
5199863,Kihumo Village || Antenna Array,13691752,um003,particles/cm³,2012.0,2026-08-07T16:00:00Z
5199863,Kihumo Village || Antenna Array,13691752,um003,particles/cm³,1920.0,2026-08-07T17:00:00Z
5199863,Kihumo Village || Antenna Array,13691752,um003,particles/cm³,1581.0,2026-08-07T18:00:00Z
5199863,Kihumo Village || Antenna Array,13691752,um003,particles/cm³,1406.0,2026-08-07T19:00:00Z
5199863,Kihumo Village || Antenna Array,13691752,um003,particles/cm³,1151.0,2026-08-07T20:00:00Z
5199863,Kihumo Village || Antenna Array,13691752,um003,particles/cm³,1097.0,2026-08-07T21:00:00Z
5199863,Kihumo Village || Antenna Array,13691752,um003,particles/cm³,1143.0,2026-08-07T22:00:00Z
5199863,Kihumo Village || Antenna Array,13691752,um003,particles/cm³,1220.0,2026-08-07T23:00:00Z
5199863,Kihumo Village || Antenna Array,13691752,um003,particles/cm³,1061.0,2026-08-08T00:00:00Z
5199863,Kihumo Village || Antenna Array,13691752,um003,particles/cm³,1075.0,2026-08-08T01:00:00Z
5199863,Kihumo Village || Antenna Array,13691752,um003,particles/cm³,1145.0,2026-08-08T02:00:00Z
5199863,Kihumo Village || Antenna Array,13691752,um003,particles/cm³,1203.0,2026-08-08T03:00:00Z
5199863,Kihumo Village || Antenna Array,13691752,um003,particles/cm³,1240.0,2026-08-08T04:00:00Z
5199863,Kihumo Village || Antenna Array,13691752,um003,particles/cm³,1170.0,2026-08-08T05:00:00Z
5199863,Kihumo Village || Antenna Array,13691752,um003,particles/cm³,1232.0,2026-08-08T06:00:00Z
5199863,Kihumo Village || Antenna Array,13691752,um003,particles/cm³,1728.0,2026-08-08T07:00:00Z
5199863,Kihumo Village || Antenna Array,13691752,um003,particles/cm³,1818.0,2026-08-08T08:00:00Z
5199863,Kihumo Village || Antenna Array,13691752,um003,particles/cm³,1561.0,2026-08-08T09:00:00Z
5199863,Kihumo Village || Antenna Array,13691752,um003,particles/cm³,1441.0,2026-08-08T10:00:00Z
5199863,Kihumo Village || Antenna Array,13691752,um003,particles/cm³,1449.0,2026-08-08T11:00:00Z
5199863,Kihumo Village || Antenna Array,13691752,um003,particles/cm³,1563.0,2026-08-08T12:00:00Z
5199863,Kihumo Village || Antenna Array,13691752,um003,particles/cm³,1444.0,2026-08-08T13:00:00Z
5199863,Kihumo Village || Antenna Array,13691752,um003,particles/cm³,1296.0,2026-08-08T14:00:00Z
5199863,Kihumo Village || Antenna Array,13691752,um003,particles/cm³,1606.0,2026-08-08T15:00:00Z
5199863,Kihumo Village || Antenna Array,13691752,um003,particles/cm³,2359.0,2026-08-08T16:00:00Z
5199863,Kihumo Village || Antenna Array,13691752,um003,particles/cm³,2092.0,2026-08-08T17:00:00Z
5199863,Kihumo Village || Antenna Array,13691752,um003,particles/cm³,2322.0,2026-08-08T18:00:00Z
5199863,Kihumo Village || Antenna Array,13691752,um003,particles/cm³,2103.0,2026-08-08T19:00:00Z
5199863,Kihumo Village || Antenna Array,13691752,um003,particles/cm³,1697.0,2026-08-08T20:00:00Z
5199863,Kihumo Village || Antenna Array,13691752,um003,particles/cm³,1039.0,2026-08-08T21:00:00Z
5199863,Kihumo Village || Antenna Array,13691752,um003,particles/cm³,459.0,2026-08-08T22:00:00Z
5199863,Kihumo Village || Antenna Array,13691752,um003,particles/cm³,466.0,2026-08-08T23:00:00Z
5199863,Kihumo Village || Antenna Array,13691752,um003,particles/cm³,636.0,2026-08-09T00:00:00Z
5199863,Kihumo Village || Antenna Array,13691752,um003,particles/cm³,547.0,2026-08-09T01:00:00Z
5199863,Kihumo Village || Antenna Array,13691752,um003,particles/cm³,333.0,2026-08-09T02:00:00Z
5199863,Kihumo Village || Antenna Array,13691752,um003,particles/cm³,380.0,2026-08-09T03:00:00Z
5199863,Kihumo Village || Antenna Array,13691752,um003,particles/cm³,822.0,2026-08-09T04:00:00Z
5199863,Kihumo Village || Antenna Array,13691752,um003,particles/cm³,840.0,2026-08-09T12:00:00Z
5199863,Kihumo Village || Antenna Array,13691752,um003,particles/cm³,732.0,2026-08-09T13:00:00Z
5199863,Kihumo Village || Antenna Array,13691752,um003,particles/cm³,766.0,2026-08-09T14:00:00Z
5199863,Kihumo Village || Antenna Array,13691752,um003,particles/cm³,1206.0,2026-08-09T15:00:00Z
5199863,Kihumo Village || Antenna Array,13691752,um003,particles/cm³,1500.0,2026-08-09T16:00:00Z
5199863,Kihumo Village || Antenna Array,13691752,um003,particles/cm³,1904.0,2026-08-09T17:00:00Z
5199863,Kihumo Village || Antenna Array,13691752,um003,particles/cm³,2079.0,2026-08-09T18:00:00Z
5199863,Kihumo Village || Antenna Array,13691752,um003,particles/cm³,2119.0,2026-08-09T19:00:00Z
5199863,Kihumo Village || Antenna Array,13691752,um003,particles/cm³,2048.0,2026-08-09T20:00:00Z
5199863,Kihumo Village || Antenna Array,13691752,um003,particles/cm³,1658.0,2026-08-09T21:00:00Z
5199863,Kihumo Village || Antenna Array,13691752,um003,particles/cm³,939.0,2026-08-09T22:00:00Z
5199863,Kihumo Village || Antenna Array,13691752,um003,particles/cm³,1206.0,2026-08-09T23:00:00Z
5199863,Kihumo Village || Antenna Array,13691752,um003,particles/cm³,1077.0,2026-08-10T00:00:00Z
5199863,Kihumo Village || Antenna Array,13691752,um003,particles/cm³,980.0,2026-08-10T01:00:00Z
5199863,Kihumo Village || Antenna Array,13691752,um003,particles/cm³,1151.0,2026-08-10T02:00:00Z
5199863,Kihumo Village || Antenna Array,13691752,um003,particles/cm³,1191.0,2026-08-10T03:00:00Z
5199863,Kihumo Village || Antenna Array,13691752,um003,particles/cm³,744.0,2026-08-10T04:00:00Z
5199863,Kihumo Village || Antenna Array,13691752,um003,particles/cm³,614.0,2026-08-10T05:00:00Z
5199863,Kihumo Village || Antenna Array,13691752,um003,particles/cm³,563.0,2026-08-10T06:00:00Z
5199863,Kihumo Village || Antenna Array,13691752,um003,particles/cm³,916.0,2026-08-10T07:00:00Z
5199863,Kihumo Village || Antenna Array,13691752,um003,particles/cm³,1926.0,2026-08-10T08:00:00Z
5199863,Kihumo Village || Antenna Array,13691752,um003,particles/cm³,1879.0,2026-08-10T09:00:00Z
5199863,Kihumo Village || Antenna Array,13691752,um003,particles/cm³,1576.0,2026-08-10T10:00:00Z
5199863,Kihumo Village || Antenna Array,13691752,um003,particles/cm³,1245.0,2026-08-10T11:00:00Z
5199863,Kihumo Village || Antenna Array,13691752,um003,particles/cm³,1116.0,2026-08-10T12:00:00Z
5199863,Kihumo Village || Antenna Array,13691752,um003,particles/cm³,911.0,2026-08-10T13:00:00Z
5199863,Kihumo Village || Antenna Array,13691752,um003,particles/cm³,754.0,2026-08-10T14:00:00Z
5199863,Kihumo Village || Antenna Array,13691752,um003,particles/cm³,1101.0,2026-08-10T15:00:00Z
5199863,Kihumo Village || Antenna Array,13691752,um003,particles/cm³,1077.0,2026-08-10T16:00:00Z
5199863,Kihumo Village || Antenna Array,13691752,um003,particles/cm³,1230.0,2026-08-10T17:00:00Z
5199863,Kihumo Village || Antenna Array,13691752,um003,particles/cm³,2014.0,2026-08-10T18:00:00Z
5199863,Kihumo Village || Antenna Array,13691752,um003,particles/cm³,1308.0,2026-08-10T19:00:00Z
5199863,Kihumo Village || Antenna Array,13691752,um003,particles/cm³,1033.0,2026-08-10T20:00:00Z
5199863,Kihumo Village || Antenna Array,13691752,um003,particles/cm³,824.0,2026-08-10T21:00:00Z
5199863,Kihumo Village || Antenna Array,13691752,um003,particles/cm³,1303.0,2026-08-10T22:00:00Z
5199863,Kihumo Village || Antenna Array,13691752,um003,particles/cm³,1225.0,2026-08-10T23:00:00Z
5199863,Kihumo Village || Antenna Array,13691752,um003,particles/cm³,1029.0,2026-08-11T00:00:00Z
5199863,Kihumo Village || Antenna Array,13691752,um003,particles/cm³,978.0,2026-08-11T01:00:00Z
5199863,Kihumo Village || Antenna Array,13691752,um003,particles/cm³,688.0,2026-08-11T02:00:00Z
5199863,Kihumo Village || Antenna Array,13691752,um003,particles/cm³,675.0,2026-08-11T03:00:00Z
5199863,Kihumo Village || Antenna Array,13691752,um003,particles/cm³,760.0,2026-08-11T04:00:00Z
5199863,Kihumo Village || Antenna Array,13691752,um003,particles/cm³,633.0,2026-08-11T05:00:00Z
5199863,Kihumo Village || Antenna Array,13691752,um003,particles/cm³,583.0,2026-08-11T06:00:00Z
5199863,Kihumo Village || Antenna Array,13691752,um003,particles/cm³,641.0,2026-08-11T07:00:00Z
5199863,Kihumo Village || Antenna Array,13691752,um003,particles/cm³,627.0,2026-08-11T08:00:00Z
5199863,Kihumo Village || Antenna Array,13691752,um003,particles/cm³,1023.0,2026-08-11T09:00:00Z
5199863,Kihumo Village || Antenna Array,13691752,um003,particles/cm³,1304.0,2026-08-11T10:00:00Z
5199863,Kihumo Village || Antenna Array,13691752,um003,particles/cm³,1362.0,2026-08-11T11:00:00Z
5199863,Kihumo Village || Antenna Array,13691752,um003,particles/cm³,927.0,2026-08-11T15:00:00Z
5199863,Kihumo Village || Antenna Array,13691752,um003,particles/cm³,1152.0,2026-08-11T16:00:00Z
5199863,Kihumo Village || Antenna Array,13691752,um003,particles/cm³,1345.0,2026-08-11T17:00:00Z
5199863,Kihumo Village || Antenna Array,13691752,um003,particles/cm³,2568.0,2026-08-11T18:00:00Z
5199863,Kihumo Village || Antenna Array,13691752,um003,particles/cm³,2832.0,2026-08-11T19:00:00Z
5199863,Kihumo Village || Antenna Array,13691752,um003,particles/cm³,989.0,2026-08-11T20:00:00Z
5199863,Kihumo Village || Antenna Array,13691752,um003,particles/cm³,971.0,2026-08-11T21:00:00Z
5199863,Kihumo Village || Antenna Array,13691752,um003,particles/cm³,1089.0,2026-08-11T22:00:00Z
5199863,Kihumo Village || Antenna Array,13691752,um003,particles/cm³,810.0,2026-08-11T23:00:00Z
5199863,Kihumo Village || Antenna Array,13691752,um003,particles/cm³,780.0,2026-08-12T00:00:00Z
5199863,Kihumo Village || Antenna Array,13691752,um003,particles/cm³,789.0,2026-08-12T01:00:00Z
5199863,Kihumo Village || Antenna Array,13691752,um003,particles/cm³,786.0,2026-08-12T02:00:00Z
5199863,Kihumo Village || Antenna Array,13691752,um003,particles/cm³,1075.0,2026-08-12T03:00:00Z
5199863,Kihumo Village || Antenna Array,13691752,um003,particles/cm³,1484.0,2026-08-12T04:00:00Z
5199863,Kihumo Village || Antenna Array,13691752,um003,particles/cm³,712.0,2026-08-12T05:00:00Z
5199863,Kihumo Village || Antenna Array,13691752,um003,particles/cm³,449.0,2026-08-12T06:00:00Z
5199863,Kihumo Village || Antenna Array,13691752,um003,particles/cm³,377.0,2026-08-12T07:00:00Z
5199863,Kihumo Village || Antenna Array,13691752,um003,particles/cm³,508.0,2026-08-12T08:00:00Z
5199863,Kihumo Village || Antenna Array,13691752,um003,particles/cm³,475.0,2026-08-12T09:00:00Z
5199863,Kihumo Village || Antenna Array,13691752,um003,particles/cm³,422.0,2026-08-12T10:00:00Z
5199863,Kihumo Village || Antenna Array,13691752,um003,particles/cm³,327.0,2026-08-12T11:00:00Z
5199863,Kihumo Village || Antenna Array,13691752,um003,particles/cm³,416.0,2026-08-12T12:00:00Z
5199863,Kihumo Village || Antenna Array,13691752,um003,particles/cm³,497.0,2026-08-12T13:00:00Z
5199863,Kihumo Village || Antenna Array,13691752,um003,particles/cm³,712.0,2026-08-12T14:00:00Z
5199863,Kihumo Village || Antenna Array,13691752,um003,particles/cm³,769.0,2026-08-12T15:00:00Z
5199863,Kihumo Village || Antenna Array,13691752,um003,particles/cm³,716.0,2026-08-12T16:00:00Z
5199863,Kihumo Village || Antenna Array,13691752,um003,particles/cm³,858.0,2026-08-12T17:00:00Z
5199863,Kihumo Village || Antenna Array,13691752,um003,particles/cm³,948.0,2026-08-12T18:00:00Z
5199863,Kihumo Village || Antenna Array,13691752,um003,particles/cm³,723.0,2026-08-12T19:00:00Z
5199863,Kihumo Village || Antenna Array,13691752,um003,particles/cm³,1076.0,2026-08-12T20:00:00Z
5199863,Kihumo Village || Antenna Array,13691752,um003,particles/cm³,1189.0,2026-08-12T21:00:00Z
5199863,Kihumo Village || Antenna Array,13691752,um003,particles/cm³,717.0,2026-08-12T22:00:00Z
5199863,Kihumo Village || Antenna Array,13691752,um003,particles/cm³,602.0,2026-08-12T23:00:00Z
5199863,Kihumo Village || Antenna Array,13691752,um003,particles/cm³,607.0,2026-08-13T00:00:00Z
5199863,Kihumo Village || Antenna Array,13691752,um003,particles/cm³,594.0,2026-08-13T01:00:00Z
5199863,Kihumo Village || Antenna Array,13691752,um003,particles/cm³,498.0,2026-08-13T02:00:00Z
5199863,Kihumo Village || Antenna Array,13691752,um003,particles/cm³,834.0,2026-08-13T03:00:00Z
5199863,Kihumo Village || Antenna Array,13691752,um003,particles/cm³,1177.0,2026-08-13T04:00:00Z
5199863,Kihumo Village || Antenna Array,13691752,um003,particles/cm³,944.0,2026-08-13T05:00:00Z
5199863,Kihumo Village || Antenna Array,13691752,um003,particles/cm³,760.0,2026-08-13T06:00:00Z
5199863,Kihumo Village || Antenna Array,13691752,um003,particles/cm³,510.0,2026-08-13T07:00:00Z
5199863,Kihumo Village || Antenna Array,13691752,um003,particles/cm³,368.0,2026-08-13T08:00:00Z
5199863,Kihumo Village || Antenna Array,13691752,um003,particles/cm³,361.0,2026-08-13T09:00:00Z
5199863,Kihumo Village || Antenna Array,13691752,um003,particles/cm³,348.0,2026-08-13T10:00:00Z
5199863,Kihumo Village || Antenna Array,13691752,um003,particles/cm³,407.0,2026-08-13T11:00:00Z
5199863,Kihumo Village || Antenna Array,13691752,um003,particles/cm³,399.0,2026-08-13T12:00:00Z
5199863,Kihumo Village || Antenna Array,13691752,um003,particles/cm³,368.0,2026-08-13T13:00:00Z
5199863,Kihumo Village || Antenna Array,13691752,um003,particles/cm³,474.0,2026-08-13T14:00:00Z
5199863,Kihumo Village || Antenna Array,13691752,um003,particles/cm³,747.0,2026-08-13T15:00:00Z
5199863,Kihumo Village || Antenna Array,13691752,um003,particles/cm³,1101.0,2026-08-13T16:00:00Z
5199863,Kihumo Village || Antenna Array,13691752,um003,particles/cm³,2672.0,2026-08-13T17:00:00Z
5199863,Kihumo Village || Antenna Array,13691752,um003,particles/cm³,2363.0,2026-08-13T18:00:00Z
5199863,Kihumo Village || Antenna Array,13691752,um003,particles/cm³,2379.0,2026-08-13T19:00:00Z
5199863,Kihumo Village || Antenna Array,13691752,um003,particles/cm³,495.0,2026-08-14T11:00:00Z
5199863,Kihumo Village || Antenna Array,13691752,um003,particles/cm³,589.0,2026-08-14T13:00:00Z
5199863,Kihumo Village || Antenna Array,13691752,um003,particles/cm³,3194.0,2026-08-15T16:00:00Z
5199863,Kihumo Village || Antenna Array,13691752,um003,particles/cm³,3103.0,2026-08-15T19:00:00Z
5199863,Kihumo Village || Antenna Array,13691752,um003,particles/cm³,1026.0,2026-08-16T08:00:00Z
5199863,Kihumo Village || Antenna Array,13691752,um003,particles/cm³,1012.0,2026-08-16T09:00:00Z
5199863,Kihumo Village || Antenna Array,13691752,um003,particles/cm³,1169.0,2026-08-16T10:00:00Z
5199863,Kihumo Village || Antenna Array,13691752,um003,particles/cm³,1275.0,2026-08-16T11:00:00Z
5199863,Kihumo Village || Antenna Array,13691752,um003,particles/cm³,1300.0,2026-08-16T12:00:00Z
5199863,Kihumo Village || Antenna Array,13691752,um003,particles/cm³,1827.0,2026-08-16T13:00:00Z
5199863,Kihumo Village || Antenna Array,13691752,um003,particles/cm³,2298.0,2026-08-16T14:00:00Z
5199863,Kihumo Village || Antenna Array,13691752,um003,particles/cm³,2645.0,2026-08-16T15:00:00Z
5199863,Kihumo Village || Antenna Array,13691752,um003,particles/cm³,3118.0,2026-08-16T16:00:00Z
5199863,Kihumo Village || Antenna Array,13691752,um003,particles/cm³,2092.0,2026-08-16T17:00:00Z
5199863,Kihumo Village || Antenna Array,13691752,um003,particles/cm³,1738.0,2026-08-16T18:00:00Z
5199863,Kihumo Village || Antenna Array,13691752,um003,particles/cm³,1539.0,2026-08-16T19:00:00Z
5199863,Kihumo Village || Antenna Array,13691752,um003,particles/cm³,1483.0,2026-08-16T20:00:00Z
5199863,Kihumo Village || Antenna Array,13691752,um003,particles/cm³,1189.0,2026-08-17T06:00:00Z
5199863,Kihumo Village || Antenna Array,13691752,um003,particles/cm³,1435.0,2026-08-17T07:00:00Z
5199863,Kihumo Village || Antenna Array,13691752,um003,particles/cm³,1376.0,2026-08-17T08:00:00Z
5199863,Kihumo Village || Antenna Array,13691752,um003,particles/cm³,1546.0,2026-08-17T09:00:00Z
5199863,Kihumo Village || Antenna Array,13691752,um003,particles/cm³,2048.0,2026-08-17T10:00:00Z
5199863,Kihumo Village || Antenna Array,13691752,um003,particles/cm³,2109.0,2026-08-17T11:00:00Z
5199863,Kihumo Village || Antenna Array,13691752,um003,particles/cm³,2326.0,2026-08-17T12:00:00Z
5199863,Kihumo Village || Antenna Array,13691752,um003,particles/cm³,2159.0,2026-08-17T13:00:00Z
5199863,Kihumo Village || Antenna Array,13691752,um003,particles/cm³,1675.0,2026-08-17T14:00:00Z
5199863,Kihumo Village || Antenna Array,13691752,um003,particles/cm³,2874.0,2026-08-17T15:00:00Z
5199863,Kihumo Village || Antenna Array,13691752,um003,particles/cm³,3602.0,2026-08-17T16:00:00Z
5199863,Kihumo Village || Antenna Array,13691752,um003,particles/cm³,1867.0,2026-08-17T17:00:00Z
5199863,Kihumo Village || Antenna Array,13691752,um003,particles/cm³,1398.0,2026-08-17T18:00:00Z
5199863,Kihumo Village || Antenna Array,13691752,um003,particles/cm³,1317.0,2026-08-17T19:00:00Z
5199863,Kihumo Village || Antenna Array,13691752,um003,particles/cm³,1340.0,2026-08-17T20:00:00Z
5199863,Kihumo Village || Antenna Array,13691752,um003,particles/cm³,1384.0,2026-08-17T21:00:00Z
5199863,Kihumo Village || Antenna Array,13691752,um003,particles/cm³,1210.0,2026-08-17T22:00:00Z
5199863,Kihumo Village || Antenna Array,13691752,um003,particles/cm³,1167.0,2026-08-17T23:00:00Z
5199863,Kihumo Village || Antenna Array,13691752,um003,particles/cm³,1154.0,2026-08-18T00:00:00Z
5199863,Kihumo Village || Antenna Array,13691752,um003,particles/cm³,1184.0,2026-08-18T01:00:00Z
5199863,Kihumo Village || Antenna Array,13691752,um003,particles/cm³,1264.0,2026-08-18T02:00:00Z
5199863,Kihumo Village || Antenna Array,13691752,um003,particles/cm³,1019.0,2026-08-18T03:00:00Z
5199863,Kihumo Village || Antenna Array,13691752,um003,particles/cm³,1617.0,2026-08-18T04:00:00Z
5199863,Kihumo Village || Antenna Array,13691752,um003,particles/cm³,1155.0,2026-08-18T05:00:00Z
5199863,Kihumo Village || Antenna Array,13691752,um003,particles/cm³,1172.0,2026-08-18T06:00:00Z
5199863,Kihumo Village || Antenna Array,13691752,um003,particles/cm³,1238.0,2026-08-18T07:00:00Z
5199863,Kihumo Village || Antenna Array,13691752,um003,particles/cm³,1388.0,2026-08-18T08:00:00Z
5199863,Kihumo Village || Antenna Array,13691752,um003,particles/cm³,1900.0,2026-08-18T09:00:00Z
5199863,Kihumo Village || Antenna Array,13691752,um003,particles/cm³,2129.0,2026-08-18T10:00:00Z
5199863,Kihumo Village || Antenna Array,13691752,um003,particles/cm³,1439.0,2026-08-18T11:00:00Z
5199863,Kihumo Village || Antenna Array,13691752,um003,particles/cm³,1469.0,2026-08-18T12:00:00Z
5199863,Kihumo Village || Antenna Array,13691752,um003,particles/cm³,1597.0,2026-08-18T13:00:00Z
5199863,Kihumo Village || Antenna Array,13691752,um003,particles/cm³,1908.0,2026-08-18T14:00:00Z
5199863,Kihumo Village || Antenna Array,13691752,um003,particles/cm³,2592.0,2026-08-18T15:00:00Z
5199863,Kihumo Village || Antenna Array,13691752,um003,particles/cm³,3062.0,2026-08-18T16:00:00Z
5199863,Kihumo Village || Antenna Array,13691752,um003,particles/cm³,2506.0,2026-08-18T17:00:00Z
5199863,Kihumo Village || Antenna Array,13691752,um003,particles/cm³,1634.0,2026-08-18T18:00:00Z
5199863,Kihumo Village || Antenna Array,13691752,um003,particles/cm³,1357.0,2026-08-18T19:00:00Z
5199863,Kihumo Village || Antenna Array,13691752,um003,particles/cm³,1405.0,2026-08-18T20:00:00Z
5199863,Kihumo Village || Antenna Array,13691752,um003,particles/cm³,1282.0,2026-08-18T21:00:00Z
5199863,Kihumo Village || Antenna Array,13691752,um003,particles/cm³,973.0,2026-08-18T22:00:00Z
5199863,Kihumo Village || Antenna Array,13691752,um003,particles/cm³,946.0,2026-08-18T23:00:00Z
5199863,Kihumo Village || Antenna Array,13691752,um003,particles/cm³,875.0,2026-08-19T00:00:00Z
5199863,Kihumo Village || Antenna Array,13691752,um003,particles/cm³,837.0,2026-08-19T01:00:00Z
5199863,Kihumo Village || Antenna Array,13691752,um003,particles/cm³,753.0,2026-08-19T02:00:00Z
5199863,Kihumo Village || Antenna Array,13691752,um003,particles/cm³,1049.0,2026-08-19T03:00:00Z
5199863,Kihumo Village || Antenna Array,13691752,um003,particles/cm³,1399.0,2026-08-19T04:00:00Z
5199863,Kihumo Village || Antenna Array,13691752,um003,particles/cm³,1607.0,2026-08-19T05:00:00Z
5199863,Kihumo Village || Antenna Array,13691752,um003,particles/cm³,1435.0,2026-08-19T06:00:00Z
5199863,Kihumo Village || Antenna Array,13691752,um003,particles/cm³,1863.0,2026-08-19T07:00:00Z
5199863,Kihumo Village || Antenna Array,13691752,um003,particles/cm³,1949.0,2026-08-19T08:00:00Z
5199863,Kihumo Village || Antenna Array,13691752,um003,particles/cm³,1515.0,2026-08-19T09:00:00Z
5199863,Kihumo Village || Antenna Array,13691752,um003,particles/cm³,1564.0,2026-08-19T10:00:00Z
5199863,Kihumo Village || Antenna Array,13691752,um003,particles/cm³,1814.0,2026-08-19T11:00:00Z
5199863,Kihumo Village || Antenna Array,13691752,um003,particles/cm³,1964.0,2026-08-19T12:00:00Z
5199863,Kihumo Village || Antenna Array,13691752,um003,particles/cm³,1485.0,2026-08-19T13:00:00Z
5199863,Kihumo Village || Antenna Array,13691752,um003,particles/cm³,1320.0,2026-08-19T14:00:00Z
5199863,Kihumo Village || Antenna Array,13691752,um003,particles/cm³,2011.0,2026-08-19T15:00:00Z
5199863,Kihumo Village || Antenna Array,13691752,um003,particles/cm³,1395.0,2026-08-19T16:00:00Z
5199863,Kihumo Village || Antenna Array,13691752,um003,particles/cm³,1624.0,2026-08-19T17:00:00Z
5199863,Kihumo Village || Antenna Array,13691752,um003,particles/cm³,1432.0,2026-08-19T18:00:00Z
5199863,Kihumo Village || Antenna Array,13691752,um003,particles/cm³,1627.0,2026-08-19T19:00:00Z
5199863,Kihumo Village || Antenna Array,13691752,um003,particles/cm³,1735.0,2026-08-19T20:00:00Z
5199863,Kihumo Village || Antenna Array,13691752,um003,particles/cm³,1824.0,2026-08-19T21:00:00Z
5199863,Kihumo Village || Antenna Array,13691752,um003,particles/cm³,1801.0,2026-08-19T22:00:00Z
5199863,Kihumo Village || Antenna Array,13691752,um003,particles/cm³,1778.0,2026-08-19T23:00:00Z
5199863,Kihumo Village || Antenna Array,13691752,um003,particles/cm³,1709.0,2026-08-20T00:00:00Z
5199863,Kihumo Village || Antenna Array,13691752,um003,particles/cm³,1640.0,2026-08-20T01:00:00Z
5199863,Kihumo Village || Antenna Array,13691752,um003,particles/cm³,1713.0,2026-08-20T02:00:00Z
5199863,Kihumo Village || Antenna Array,13691752,um003,particles/cm³,1911.0,2026-08-20T03:00:00Z
5199863,Kihumo Village || Antenna Array,13691752,um003,particles/cm³,2227.0,2026-08-20T05:00:00Z
5199863,Kihumo Village || Antenna Array,13691752,um003,particles/cm³,2098.0,2026-08-20T06:00:00Z
5199863,Kihumo Village || Antenna Array,13691752,um003,particles/cm³,2022.0,2026-08-20T07:00:00Z
5199863,Kihumo Village || Antenna Array,13691752,um003,particles/cm³,2090.0,2026-08-20T08:00:00Z
5199863,Kihumo Village || Antenna Array,13691752,um003,particles/cm³,1729.0,2026-08-20T09:00:00Z
5199863,Kihumo Village || Antenna Array,13691752,um003,particles/cm³,1667.0,2026-08-20T10:00:00Z
5199863,Kihumo Village || Antenna Array,13691752,um003,particles/cm³,2123.0,2026-08-20T11:00:00Z
5199863,Kihumo Village || Antenna Array,13691752,um003,particles/cm³,1875.0,2026-08-20T12:00:00Z
5199863,Kihumo Village || Antenna Array,13691752,um003,particles/cm³,1753.0,2026-08-20T13:00:00Z
5199863,Kihumo Village || Antenna Array,13691752,um003,particles/cm³,1662.0,2026-08-20T14:00:00Z
5199863,Kihumo Village || Antenna Array,13691752,um003,particles/cm³,1738.0,2026-08-20T15:00:00Z
5199863,Kihumo Village || Antenna Array,13691752,um003,particles/cm³,2255.0,2026-08-20T16:00:00Z
5199863,Kihumo Village || Antenna Array,13691752,um003,particles/cm³,2522.0,2026-08-20T17:00:00Z
5199863,Kihumo Village || Antenna Array,13691752,um003,particles/cm³,2402.0,2026-08-20T18:00:00Z
5199863,Kihumo Village || Antenna Array,13691752,um003,particles/cm³,2370.0,2026-08-20T19:00:00Z
5199863,Kihumo Village || Antenna Array,13691752,um003,particles/cm³,1493.0,2026-08-20T20:00:00Z
5199863,Kihumo Village || Antenna Array,13691752,um003,particles/cm³,1267.0,2026-08-20T21:00:00Z
5199863,Kihumo Village || Antenna Array,13691752,um003,particles/cm³,1069.0,2026-08-20T22:00:00Z
5199863,Kihumo Village || Antenna Array,13691752,um003,particles/cm³,858.0,2026-08-20T23:00:00Z
5199863,Kihumo Village || Antenna Array,13691752,um003,particles/cm³,1007.0,2026-08-21T00:00:00Z
5199863,Kihumo Village || Antenna Array,13691752,um003,particles/cm³,1000.0,2026-08-21T01:00:00Z
5199863,Kihumo Village || Antenna Array,13691752,um003,particles/cm³,998.0,2026-08-21T02:00:00Z
5199863,Kihumo Village || Antenna Array,13691752,um003,particles/cm³,1095.0,2026-08-21T03:00:00Z
5199863,Kihumo Village || Antenna Array,13691752,um003,particles/cm³,1259.0,2026-08-21T04:00:00Z
5199863,Kihumo Village || Antenna Array,13691752,um003,particles/cm³,1361.0,2026-08-21T05:00:00Z
5199863,Kihumo Village || Antenna Array,13691752,um003,particles/cm³,1298.0,2026-08-21T06:00:00Z
5199863,Kihumo Village || Antenna Array,13691752,um003,particles/cm³,1377.0,2026-08-21T07:00:00Z
5199863,Kihumo Village || Antenna Array,13691752,um003,particles/cm³,1256.0,2026-08-21T08:00:00Z
5199863,Kihumo Village || Antenna Array,13691752,um003,particles/cm³,1710.0,2026-08-21T09:00:00Z
5199863,Kihumo Village || Antenna Array,13691752,um003,particles/cm³,2396.0,2026-08-21T10:00:00Z
5199863,Kihumo Village || Antenna Array,13691752,um003,particles/cm³,2274.0,2026-08-21T11:00:00Z
5199863,Kihumo Village || Antenna Array,13691752,um003,particles/cm³,1808.0,2026-08-21T12:00:00Z
5199863,Kihumo Village || Antenna Array,13691752,um003,particles/cm³,1422.0,2026-08-21T13:00:00Z
5199863,Kihumo Village || Antenna Array,13691752,um003,particles/cm³,1521.0,2026-08-21T14:00:00Z
5199863,Kihumo Village || Antenna Array,13691752,um003,particles/cm³,1939.0,2026-08-21T15:00:00Z
5199863,Kihumo Village || Antenna Array,13691752,um003,particles/cm³,2395.0,2026-08-21T16:00:00Z
5199863,Kihumo Village || Antenna Array,13691752,um003,particles/cm³,2705.0,2026-08-21T17:00:00Z
5199863,Kihumo Village || Antenna Array,13691752,um003,particles/cm³,2639.0,2026-08-21T18:00:00Z
5199863,Kihumo Village || Antenna Array,13691752,um003,particles/cm³,2138.0,2026-08-21T19:00:00Z
5199863,Kihumo Village || Antenna Array,13691752,um003,particles/cm³,1353.0,2026-08-21T20:00:00Z
5199863,Kihumo Village || Antenna Array,13691752,um003,particles/cm³,676.0,2026-08-21T21:00:00Z
5199863,Kihumo Village || Antenna Array,13691752,um003,particles/cm³,624.0,2026-08-21T22:00:00Z
5199863,Kihumo Village || Antenna Array,13691752,um003,particles/cm³,562.0,2026-08-21T23:00:00Z
5199863,Kihumo Village || Antenna Array,13691752,um003,particles/cm³,548.0,2026-08-22T00:00:00Z
5199863,Kihumo Village || Antenna Array,13691752,um003,particles/cm³,575.0,2026-08-22T01:00:00Z
5199863,Kihumo Village || Antenna Array,13691752,um003,particles/cm³,595.0,2026-08-22T02:00:00Z
5199863,Kihumo Village || Antenna Array,13691752,um003,particles/cm³,719.0,2026-08-22T03:00:00Z
5199863,Kihumo Village || Antenna Array,13691752,um003,particles/cm³,1083.0,2026-08-22T04:00:00Z
5199863,Kihumo Village || Antenna Array,13691752,um003,particles/cm³,956.0,2026-08-22T05:00:00Z
5199863,Kihumo Village || Antenna Array,13691752,um003,particles/cm³,953.0,2026-08-22T06:00:00Z
5199863,Kihumo Village || Antenna Array,13691752,um003,particles/cm³,1292.0,2026-08-22T07:00:00Z
5199863,Kihumo Village || Antenna Array,13691752,um003,particles/cm³,1955.0,2026-08-22T08:00:00Z
5199863,Kihumo Village || Antenna Array,13691752,um003,particles/cm³,1919.0,2026-08-22T09:00:00Z
5199863,Kihumo Village || Antenna Array,13691752,um003,particles/cm³,1669.0,2026-08-22T10:00:00Z
5199863,Kihumo Village || Antenna Array,13691752,um003,particles/cm³,1404.0,2026-08-22T11:00:00Z
5199863,Kihumo Village || Antenna Array,13691752,um003,particles/cm³,1261.0,2026-08-22T12:00:00Z
5199863,Kihumo Village || Antenna Array,13691752,um003,particles/cm³,1202.0,2026-08-22T13:00:00Z
5199863,Kihumo Village || Antenna Array,13691752,um003,particles/cm³,1197.0,2026-08-22T14:00:00Z
5199863,Kihumo Village || Antenna Array,13691752,um003,particles/cm³,1608.0,2026-08-22T15:00:00Z
5199863,Kihumo Village || Antenna Array,13691752,um003,particles/cm³,1459.0,2026-08-22T16:00:00Z
5199863,Kihumo Village || Antenna Array,13691752,um003,particles/cm³,1154.0,2026-08-22T17:00:00Z
5199863,Kihumo Village || Antenna Array,13691752,um003,particles/cm³,1163.0,2026-08-22T18:00:00Z
5199863,Kihumo Village || Antenna Array,13691752,um003,particles/cm³,668.0,2026-08-22T19:00:00Z
5199863,Kihumo Village || Antenna Array,13691752,um003,particles/cm³,402.0,2026-08-22T20:00:00Z
5199863,Kihumo Village || Antenna Array,13691752,um003,particles/cm³,249.0,2026-08-22T21:00:00Z
5199863,Kihumo Village || Antenna Array,13691752,um003,particles/cm³,212.0,2026-08-22T22:00:00Z
5199863,Kihumo Village || Antenna Array,13691752,um003,particles/cm³,210.0,2026-08-22T23:00:00Z
5199863,Kihumo Village || Antenna Array,13691752,um003,particles/cm³,296.0,2026-08-23T00:00:00Z
5199863,Kihumo Village || Antenna Array,13691752,um003,particles/cm³,268.0,2026-08-23T01:00:00Z
5199863,Kihumo Village || Antenna Array,13691752,um003,particles/cm³,295.0,2026-08-23T02:00:00Z
5199863,Kihumo Village || Antenna Array,13691752,um003,particles/cm³,353.0,2026-08-23T03:00:00Z
5199863,Kihumo Village || Antenna Array,13691752,um003,particles/cm³,503.0,2026-08-23T04:00:00Z
5199863,Kihumo Village || Antenna Array,13691752,um003,particles/cm³,509.0,2026-08-23T05:00:00Z
5199863,Kihumo Village || Antenna Array,13691752,um003,particles/cm³,605.0,2026-08-23T06:00:00Z
5199863,Kihumo Village || Antenna Array,13691752,um003,particles/cm³,615.0,2026-08-23T07:00:00Z
5199863,Kihumo Village || Antenna Array,13691752,um003,particles/cm³,685.0,2026-08-23T08:00:00Z
5199863,Kihumo Village || Antenna Array,13691752,um003,particles/cm³,647.0,2026-08-23T09:00:00Z
5199863,Kihumo Village || Antenna Array,13691752,um003,particles/cm³,728.0,2026-08-23T10:00:00Z
5199863,Kihumo Village || Antenna Array,13691752,um003,particles/cm³,825.0,2026-08-23T11:00:00Z
5199863,Kihumo Village || Antenna Array,13691752,um003,particles/cm³,745.0,2026-08-23T12:00:00Z
5199863,Kihumo Village || Antenna Array,13691752,um003,particles/cm³,650.0,2026-08-23T13:00:00Z
5199863,Kihumo Village || Antenna Array,13691752,um003,particles/cm³,767.0,2026-08-23T14:00:00Z
5199863,Kihumo Village || Antenna Array,13691752,um003,particles/cm³,849.0,2026-08-23T15:00:00Z
5199863,Kihumo Village || Antenna Array,13691752,um003,particles/cm³,956.0,2026-08-24T15:00:00Z
5199863,Kihumo Village || Antenna Array,13691752,um003,particles/cm³,902.0,2026-08-24T16:00:00Z
5199863,Kihumo Village || Antenna Array,13691752,um003,particles/cm³,1063.0,2026-08-24T17:00:00Z
5199863,Kihumo Village || Antenna Array,13691752,um003,particles/cm³,820.0,2026-08-24T18:00:00Z
5199863,Kihumo Village || Antenna Array,13691752,um003,particles/cm³,585.0,2026-08-24T19:00:00Z
5199863,Kihumo Village || Antenna Array,13691752,um003,particles/cm³,431.0,2026-08-24T20:00:00Z
5199863,Kihumo Village || Antenna Array,13691752,um003,particles/cm³,368.0,2026-08-24T21:00:00Z
5199863,Kihumo Village || Antenna Array,13691752,um003,particles/cm³,318.0,2026-08-24T22:00:00Z
5199863,Kihumo Village || Antenna Array,13691752,um003,particles/cm³,313.0,2026-08-24T23:00:00Z
5199863,Kihumo Village || Antenna Array,13691752,um003,particles/cm³,280.0,2026-08-25T00:00:00Z
5199863,Kihumo Village || Antenna Array,13691752,um003,particles/cm³,295.0,2026-08-25T01:00:00Z
5199863,Kihumo Village || Antenna Array,13691752,um003,particles/cm³,368.0,2026-08-25T02:00:00Z
5199863,Kihumo Village || Antenna Array,13691752,um003,particles/cm³,505.0,2026-08-25T03:00:00Z
5199863,Kihumo Village || Antenna Array,13691752,um003,particles/cm³,792.0,2026-08-25T04:00:00Z
5199863,Kihumo Village || Antenna Array,13691752,um003,particles/cm³,883.0,2026-08-25T05:00:00Z
5199863,Kihumo Village || Antenna Array,13691752,um003,particles/cm³,1670.0,2026-08-25T06:00:00Z
5199863,Kihumo Village || Antenna Array,13691752,um003,particles/cm³,1982.0,2026-08-25T07:00:00Z
5199863,Kihumo Village || Antenna Array,13691752,um003,particles/cm³,999.0,2026-08-25T08:00:00Z
5199863,Kihumo Village || Antenna Array,13691752,um003,particles/cm³,721.0,2026-08-25T09:00:00Z
5199863,Kihumo Village || Antenna Array,13691752,um003,particles/cm³,706.0,2026-08-25T10:00:00Z
5199863,Kihumo Village || Antenna Array,13691752,um003,particles/cm³,699.0,2026-08-25T11:00:00Z
5199863,Kihumo Village || Antenna Array,13691752,um003,particles/cm³,655.0,2026-08-25T12:00:00Z
5199863,Kihumo Village || Antenna Array,13691752,um003,particles/cm³,737.0,2026-08-25T13:00:00Z
5199863,Kihumo Village || Antenna Array,13691752,um003,particles/cm³,639.0,2026-08-25T14:00:00Z
5199863,Kihumo Village || Antenna Array,13691752,um003,particles/cm³,919.0,2026-08-25T15:00:00Z
5199863,Kihumo Village || Antenna Array,13691752,um003,particles/cm³,1077.0,2026-08-25T16:00:00Z
5199863,Kihumo Village || Antenna Array,13691752,um003,particles/cm³,1138.0,2026-08-25T17:00:00Z
5199863,Kihumo Village || Antenna Array,13691752,um003,particles/cm³,813.0,2026-08-25T18:00:00Z
5199863,Kihumo Village || Antenna Array,13691752,um003,particles/cm³,864.0,2026-08-25T19:00:00Z
5199863,Kihumo Village || Antenna Array,13691752,um003,particles/cm³,732.0,2026-08-25T20:00:00Z
5199863,Kihumo Village || Antenna Array,13691752,um003,particles/cm³,440.0,2026-08-25T21:00:00Z
5199863,Kihumo Village || Antenna Array,13691752,um003,particles/cm³,462.0,2026-08-25T22:00:00Z
5199863,Kihumo Village || Antenna Array,13691752,um003,particles/cm³,604.0,2026-08-25T23:00:00Z
5199863,Kihumo Village || Antenna Array,13691752,um003,particles/cm³,590.0,2026-08-26T00:00:00Z
5199863,Kihumo Village || Antenna Array,13691752,um003,particles/cm³,643.0,2026-08-26T01:00:00Z
5199863,Kihumo Village || Antenna Array,13691752,um003,particles/cm³,664.0,2026-08-26T02:00:00Z
5199863,Kihumo Village || Antenna Array,13691752,um003,particles/cm³,1215.0,2026-08-26T03:00:00Z
5199863,Kihumo Village || Antenna Array,13691752,um003,particles/cm³,1077.0,2026-08-26T04:00:00Z
5199863,Kihumo Village || Antenna Array,13691752,um003,particles/cm³,616.0,2026-08-26T05:00:00Z
5199863,Kihumo Village || Antenna Array,13691752,um003,particles/cm³,887.0,2026-08-26T06:00:00Z
5199863,Kihumo Village || Antenna Array,13691752,um003,particles/cm³,890.0,2026-08-26T07:00:00Z
5199863,Kihumo Village || Antenna Array,13691752,um003,particles/cm³,1338.0,2026-08-26T08:00:00Z
5199863,Kihumo Village || Antenna Array,13691752,um003,particles/cm³,938.0,2026-08-26T09:00:00Z
5199863,Kihumo Village || Antenna Array,13691752,um003,particles/cm³,692.0,2026-08-26T10:00:00Z
5199863,Kihumo Village || Antenna Array,13691752,um003,particles/cm³,679.0,2026-08-26T11:00:00Z
5199863,Kihumo Village || Antenna Array,13691752,um003,particles/cm³,822.0,2026-08-26T12:00:00Z
5199863,Kihumo Village || Antenna Array,13691752,um003,particles/cm³,891.0,2026-08-26T13:00:00Z
5199863,Kihumo Village || Antenna Array,13691752,um003,particles/cm³,612.0,2026-08-26T14:00:00Z
5199863,Kihumo Village || Antenna Array,13691752,um003,particles/cm³,1323.0,2026-08-26T15:00:00Z
5199863,Kihumo Village || Antenna Array,13691752,um003,particles/cm³,1010.0,2026-08-26T16:00:00Z
5199863,Kihumo Village || Antenna Array,13691752,um003,particles/cm³,1368.0,2026-08-26T17:00:00Z
5199863,Kihumo Village || Antenna Array,13691752,um003,particles/cm³,2202.0,2026-08-26T18:00:00Z
5199863,Kihumo Village || Antenna Array,13691752,um003,particles/cm³,2147.0,2026-08-26T19:00:00Z
5199863,Kihumo Village || Antenna Array,13691752,um003,particles/cm³,1180.0,2026-08-26T20:00:00Z
5199863,Kihumo Village || Antenna Array,13691752,um003,particles/cm³,547.0,2026-08-26T21:00:00Z
5199863,Kihumo Village || Antenna Array,13691752,um003,particles/cm³,573.0,2026-08-26T22:00:00Z
5199863,Kihumo Village || Antenna Array,13691752,um003,particles/cm³,817.0,2026-08-26T23:00:00Z
5199863,Kihumo Village || Antenna Array,13691752,um003,particles/cm³,765.0,2026-08-27T00:00:00Z
5199863,Kihumo Village || Antenna Array,13691752,um003,particles/cm³,932.0,2026-08-27T01:00:00Z
5199863,Kihumo Village || Antenna Array,13691752,um003,particles/cm³,884.0,2026-08-27T02:00:00Z
5199863,Kihumo Village || Antenna Array,13691752,um003,particles/cm³,782.0,2026-08-27T03:00:00Z
5199863,Kihumo Village || Antenna Array,13691752,um003,particles/cm³,842.0,2026-08-27T04:00:00Z
5199863,Kihumo Village || Antenna Array,13691752,um003,particles/cm³,870.0,2026-08-27T05:00:00Z
5199863,Kihumo Village || Antenna Array,13691752,um003,particles/cm³,979.0,2026-08-27T06:00:00Z
5199863,Kihumo Village || Antenna Array,13691752,um003,particles/cm³,1032.0,2026-08-27T07:00:00Z
5199863,Kihumo Village || Antenna Array,13691752,um003,particles/cm³,1104.0,2026-08-27T08:00:00Z
5199863,Kihumo Village || Antenna Array,13691752,um003,particles/cm³,1258.0,2026-08-27T09:00:00Z
5199863,Kihumo Village || Antenna Array,13691752,um003,particles/cm³,643.0,2026-08-27T10:00:00Z
5199863,Kihumo Village || Antenna Array,13691752,um003,particles/cm³,1216.0,2026-08-27T11:00:00Z
5199863,Kihumo Village || Antenna Array,13691752,um003,particles/cm³,1292.0,2026-08-27T12:00:00Z
5199863,Kihumo Village || Antenna Array,13691752,um003,particles/cm³,608.0,2026-08-27T13:00:00Z
5199863,Kihumo Village || Antenna Array,13691752,um003,particles/cm³,728.0,2026-08-27T14:00:00Z
5199863,Kihumo Village || Antenna Array,13691752,um003,particles/cm³,741.0,2026-08-27T15:00:00Z
5199863,Kihumo Village || Antenna Array,13691752,um003,particles/cm³,754.0,2026-08-27T16:00:00Z
5199863,Kihumo Village || Antenna Array,13691752,um003,particles/cm³,960.0,2026-08-27T17:00:00Z
5199863,Kihumo Village || Antenna Array,13691752,um003,particles/cm³,794.0,2026-08-27T18:00:00Z
5199863,Kihumo Village || Antenna Array,13691752,um003,particles/cm³,1017.0,2026-08-27T19:00:00Z
5199863,Kihumo Village || Antenna Array,13691752,um003,particles/cm³,860.0,2026-08-27T20:00:00Z
5199863,Kihumo Village || Antenna Array,13691752,um003,particles/cm³,1045.0,2026-08-27T21:00:00Z
5199863,Kihumo Village || Antenna Array,13691752,um003,particles/cm³,879.0,2026-08-27T22:00:00Z
5199863,Kihumo Village || Antenna Array,13691752,um003,particles/cm³,829.0,2026-08-27T23:00:00Z
5199863,Kihumo Village || Antenna Array,13691752,um003,particles/cm³,899.0,2026-08-28T00:00:00Z
5199863,Kihumo Village || Antenna Array,13691752,um003,particles/cm³,858.0,2026-08-28T01:00:00Z
5199863,Kihumo Village || Antenna Array,13691752,um003,particles/cm³,769.0,2026-08-28T02:00:00Z
5199863,Kihumo Village || Antenna Array,13691752,um003,particles/cm³,1021.0,2026-08-28T03:00:00Z
5199863,Kihumo Village || Antenna Array,13691752,um003,particles/cm³,1038.0,2026-08-28T04:00:00Z
5199863,Kihumo Village || Antenna Array,13691752,um003,particles/cm³,1068.0,2026-08-28T05:00:00Z
5199863,Kihumo Village || Antenna Array,13691752,um003,particles/cm³,1071.0,2026-08-28T06:00:00Z
5199863,Kihumo Village || Antenna Array,13691752,um003,particles/cm³,876.0,2026-08-28T07:00:00Z
5199863,Kihumo Village || Antenna Array,13691752,um003,particles/cm³,903.0,2026-08-28T08:00:00Z
5199863,Kihumo Village || Antenna Array,13691752,um003,particles/cm³,768.0,2026-08-28T09:00:00Z
5199863,Kihumo Village || Antenna Array,13691752,um003,particles/cm³,675.0,2026-08-28T10:00:00Z
5199863,Kihumo Village || Antenna Array,13691752,um003,particles/cm³,573.0,2026-08-28T11:00:00Z
5199863,Kihumo Village || Antenna Array,13691752,um003,particles/cm³,560.0,2026-08-28T12:00:00Z
5199863,Kihumo Village || Antenna Array,13691752,um003,particles/cm³,1036.0,2026-08-28T13:00:00Z
5199863,Kihumo Village || Antenna Array,13691752,um003,particles/cm³,784.0,2026-08-28T14:00:00Z
5199863,Kihumo Village || Antenna Array,13691752,um003,particles/cm³,940.0,2026-08-28T15:00:00Z
5199863,Kihumo Village || Antenna Array,13691752,um003,particles/cm³,965.0,2026-08-28T16:00:00Z
5199863,Kihumo Village || Antenna Array,13691752,um003,particles/cm³,932.0,2026-08-28T17:00:00Z
5199863,Kihumo Village || Antenna Array,13691752,um003,particles/cm³,1135.0,2026-08-28T18:00:00Z
5199863,Kihumo Village || Antenna Array,13691752,um003,particles/cm³,1156.0,2026-08-28T19:00:00Z
5199863,Kihumo Village || Antenna Array,13691752,um003,particles/cm³,759.0,2026-08-28T20:00:00Z
5199863,Kihumo Village || Antenna Array,13691752,um003,particles/cm³,666.0,2026-08-28T21:00:00Z
5199863,Kihumo Village || Antenna Array,13691752,um003,particles/cm³,549.0,2026-08-28T22:00:00Z
5199863,Kihumo Village || Antenna Array,13691752,um003,particles/cm³,542.0,2026-08-28T23:00:00Z
5199863,Kihumo Village || Antenna Array,13691752,um003,particles/cm³,566.0,2026-08-29T00:00:00Z
5199863,Kihumo Village || Antenna Array,13691752,um003,particles/cm³,595.0,2026-08-29T01:00:00Z
5199863,Kihumo Village || Antenna Array,13691752,um003,particles/cm³,673.0,2026-08-29T02:00:00Z
5199863,Kihumo Village || Antenna Array,13691752,um003,particles/cm³,821.0,2026-08-29T03:00:00Z
5199863,Kihumo Village || Antenna Array,13691752,um003,particles/cm³,886.0,2026-08-29T04:00:00Z
5199863,Kihumo Village || Antenna Array,13691752,um003,particles/cm³,960.0,2026-08-29T05:00:00Z
5199863,Kihumo Village || Antenna Array,13691752,um003,particles/cm³,1082.0,2026-08-29T06:00:00Z
5199863,Kihumo Village || Antenna Array,13691752,um003,particles/cm³,1024.0,2026-08-29T07:00:00Z
5199863,Kihumo Village || Antenna Array,13691752,um003,particles/cm³,672.0,2026-08-29T08:00:00Z
5199863,Kihumo Village || Antenna Array,13691752,um003,particles/cm³,449.0,2026-08-29T09:00:00Z
5199863,Kihumo Village || Antenna Array,13691752,um003,particles/cm³,495.0,2026-08-29T10:00:00Z
5199863,Kihumo Village || Antenna Array,13691752,um003,particles/cm³,606.0,2026-08-29T11:00:00Z
5199863,Kihumo Village || Antenna Array,13691752,um003,particles/cm³,622.0,2026-08-29T12:00:00Z
5199863,Kihumo Village || Antenna Array,13691752,um003,particles/cm³,784.0,2026-08-29T13:00:00Z
5199863,Kihumo Village || Antenna Array,13691752,um003,particles/cm³,802.0,2026-08-29T14:00:00Z
5199863,Kihumo Village || Antenna Array,13691752,um003,particles/cm³,979.0,2026-08-29T15:00:00Z
5199863,Kihumo Village || Antenna Array,13691752,um003,particles/cm³,955.0,2026-08-29T16:00:00Z
5199863,Kihumo Village || Antenna Array,13691752,um003,particles/cm³,802.0,2026-08-29T17:00:00Z
5199863,Kihumo Village || Antenna Array,13691752,um003,particles/cm³,755.0,2026-08-29T18:00:00Z
5199863,Kihumo Village || Antenna Array,13691752,um003,particles/cm³,669.0,2026-08-29T19:00:00Z
5199863,Kihumo Village || Antenna Array,13691752,um003,particles/cm³,870.0,2026-08-29T20:00:00Z
5199863,Kihumo Village || Antenna Array,13691752,um003,particles/cm³,937.0,2026-08-29T21:00:00Z
5199863,Kihumo Village || Antenna Array,13691752,um003,particles/cm³,865.0,2026-08-29T22:00:00Z
5199863,Kihumo Village || Antenna Array,13691752,um003,particles/cm³,859.0,2026-08-29T23:00:00Z
5199863,Kihumo Village || Antenna Array,13691752,um003,particles/cm³,554.0,2026-08-30T00:00:00Z
5199863,Kihumo Village || Antenna Array,13691752,um003,particles/cm³,421.0,2026-08-30T01:00:00Z
5199863,Kihumo Village || Antenna Array,13691752,um003,particles/cm³,410.0,2026-08-30T02:00:00Z
5199863,Kihumo Village || Antenna Array,13691752,um003,particles/cm³,448.0,2026-08-30T03:00:00Z
5199863,Kihumo Village || Antenna Array,13691752,um003,particles/cm³,625.0,2026-08-30T04:00:00Z
5199863,Kihumo Village || Antenna Array,13691752,um003,particles/cm³,1042.0,2026-08-30T05:00:00Z
5199863,Kihumo Village || Antenna Array,13691752,um003,particles/cm³,1238.0,2026-08-30T06:00:00Z
5199863,Kihumo Village || Antenna Array,13691752,um003,particles/cm³,1209.0,2026-08-30T07:00:00Z
5199863,Kihumo Village || Antenna Array,13691752,um003,particles/cm³,816.0,2026-08-30T08:00:00Z
5199863,Kihumo Village || Antenna Array,13691752,um003,particles/cm³,488.0,2026-08-30T09:00:00Z
5199863,Kihumo Village || Antenna Array,13691752,um003,particles/cm³,398.0,2026-08-30T10:00:00Z
5199863,Kihumo Village || Antenna Array,13691752,um003,particles/cm³,342.0,2026-08-30T11:00:00Z
5199863,Kihumo Village || Antenna Array,13691752,um003,particles/cm³,345.0,2026-08-30T12:00:00Z
5199863,Kihumo Village || Antenna Array,13691752,um003,particles/cm³,452.0,2026-08-30T13:00:00Z
5199863,Kihumo Village || Antenna Array,13691752,um003,particles/cm³,506.0,2026-08-30T14:00:00Z
5199863,Kihumo Village || Antenna Array,13691752,um003,particles/cm³,408.0,2026-08-30T15:00:00Z
5199863,Kihumo Village || Antenna Array,13691752,um003,particles/cm³,727.0,2026-08-30T16:00:00Z
5199863,Kihumo Village || Antenna Array,13691752,um003,particles/cm³,768.0,2026-08-30T17:00:00Z
5199863,Kihumo Village || Antenna Array,13691752,um003,particles/cm³,657.0,2026-08-30T18:00:00Z
5199863,Kihumo Village || Antenna Array,13691752,um003,particles/cm³,599.0,2026-08-30T19:00:00Z
5199863,Kihumo Village || Antenna Array,13691752,um003,particles/cm³,468.0,2026-08-30T20:00:00Z
5199863,Kihumo Village || Antenna Array,13691752,um003,particles/cm³,323.0,2026-08-30T21:00:00Z
5199863,Kihumo Village || Antenna Array,13691752,um003,particles/cm³,193.0,2026-08-30T22:00:00Z
5199863,Kihumo Village || Antenna Array,13691752,um003,particles/cm³,151.0,2026-08-30T23:00:00Z
5199863,Kihumo Village || Antenna Array,13691752,um003,particles/cm³,98.0,2026-08-31T00:00:00Z
5199863,Kihumo Village || Antenna Array,13691752,um003,particles/cm³,1469.0,2026-09-01T15:00:00Z
5199863,Kihumo Village || Antenna Array,13691752,um003,particles/cm³,1130.0,2026-09-01T16:00:00Z
5199863,Kihumo Village || Antenna Array,13691752,um003,particles/cm³,1605.0,2026-09-01T17:00:00Z
5199863,Kihumo Village || Antenna Array,13691752,um003,particles/cm³,1025.0,2026-09-01T18:00:00Z
5199863,Kihumo Village || Antenna Array,13691752,um003,particles/cm³,699.0,2026-09-01T19:00:00Z
5199863,Kihumo Village || Antenna Array,13691752,um003,particles/cm³,393.0,2026-09-01T20:00:00Z
5199863,Kihumo Village || Antenna Array,13691752,um003,particles/cm³,295.0,2026-09-01T21:00:00Z
5199863,Kihumo Village || Antenna Array,13691752,um003,particles/cm³,318.0,2026-09-01T22:00:00Z
5199863,Kihumo Village || Antenna Array,13691752,um003,particles/cm³,237.0,2026-09-01T23:00:00Z
5199863,Kihumo Village || Antenna Array,13691752,um003,particles/cm³,294.0,2026-09-02T00:00:00Z
5199863,Kihumo Village || Antenna Array,13691752,um003,particles/cm³,259.0,2026-09-02T01:00:00Z
5199863,Kihumo Village || Antenna Array,13691752,um003,particles/cm³,313.0,2026-09-02T02:00:00Z
5199863,Kihumo Village || Antenna Array,13691752,um003,particles/cm³,523.0,2026-09-02T03:00:00Z
5199863,Kihumo Village || Antenna Array,13691752,um003,particles/cm³,803.0,2026-09-02T04:00:00Z
5199863,Kihumo Village || Antenna Array,13691752,um003,particles/cm³,727.0,2026-09-02T05:00:00Z
5199863,Kihumo Village || Antenna Array,13691752,um003,particles/cm³,827.0,2026-09-02T06:00:00Z
5199863,Kihumo Village || Antenna Array,13691752,um003,particles/cm³,1023.0,2026-09-02T07:00:00Z
5199863,Kihumo Village || Antenna Array,13691752,um003,particles/cm³,857.0,2026-09-02T08:00:00Z
5199863,Kihumo Village || Antenna Array,13691752,um003,particles/cm³,802.0,2026-09-02T09:00:00Z
5199863,Kihumo Village || Antenna Array,13691752,um003,particles/cm³,550.0,2026-09-02T10:00:00Z
5199863,Kihumo Village || Antenna Array,13691752,um003,particles/cm³,379.0,2026-09-02T11:00:00Z
5199863,Kihumo Village || Antenna Array,13691752,um003,particles/cm³,485.0,2026-09-02T12:00:00Z
5199863,Kihumo Village || Antenna Array,13691752,um003,particles/cm³,568.0,2026-09-02T13:00:00Z
5199863,Kihumo Village || Antenna Array,13691752,um003,particles/cm³,726.0,2026-09-02T14:00:00Z
5199863,Kihumo Village || Antenna Array,13691752,um003,particles/cm³,1443.0,2026-09-02T15:00:00Z
5199863,Kihumo Village || Antenna Array,13691752,um003,particles/cm³,1077.0,2026-09-02T16:00:00Z
5199863,Kihumo Village || Antenna Array,13691752,um003,particles/cm³,934.0,2026-09-02T17:00:00Z
5199863,Kihumo Village || Antenna Array,13691752,um003,particles/cm³,853.0,2026-09-02T18:00:00Z
5199863,Kihumo Village || Antenna Array,13691752,um003,particles/cm³,655.0,2026-09-02T19:00:00Z
5199863,Kihumo Village || Antenna Array,13691752,um003,particles/cm³,486.0,2026-09-02T20:00:00Z
5199863,Kihumo Village || Antenna Array,13691752,um003,particles/cm³,408.0,2026-09-02T21:00:00Z
5199863,Kihumo Village || Antenna Array,13691752,um003,particles/cm³,486.0,2026-09-02T22:00:00Z
5199863,Kihumo Village || Antenna Array,13691752,um003,particles/cm³,572.0,2026-09-02T23:00:00Z
5199863,Kihumo Village || Antenna Array,13691752,um003,particles/cm³,599.0,2026-09-03T00:00:00Z
5199863,Kihumo Village || Antenna Array,13691752,um003,particles/cm³,509.0,2026-09-03T01:00:00Z
5199863,Kihumo Village || Antenna Array,13691752,um003,particles/cm³,449.0,2026-09-03T02:00:00Z
5199863,Kihumo Village || Antenna Array,13691752,um003,particles/cm³,579.0,2026-09-03T03:00:00Z
5199863,Kihumo Village || Antenna Array,13691752,um003,particles/cm³,1159.0,2026-09-03T04:00:00Z
5199863,Kihumo Village || Antenna Array,13691752,um003,particles/cm³,897.0,2026-09-03T05:00:00Z
5199863,Kihumo Village || Antenna Array,13691752,um003,particles/cm³,1180.0,2026-09-03T06:00:00Z
5199863,Kihumo Village || Antenna Array,13691752,um003,particles/cm³,1603.0,2026-09-03T07:00:00Z
5199863,Kihumo Village || Antenna Array,13691752,um003,particles/cm³,1601.0,2026-09-03T08:00:00Z
5199863,Kihumo Village || Antenna Array,13691752,um003,particles/cm³,2079.0,2026-09-03T09:00:00Z
5199863,Kihumo Village || Antenna Array,13691752,um003,particles/cm³,2664.0,2026-09-03T10:00:00Z
5199863,Kihumo Village || Antenna Array,13691752,um003,particles/cm³,2440.0,2026-09-03T11:00:00Z
5199863,Kihumo Village || Antenna Array,13691752,um003,particles/cm³,1852.0,2026-09-03T12:00:00Z
5199863,Kihumo Village || Antenna Array,13691752,um003,particles/cm³,2661.0,2026-09-03T13:00:00Z
5199863,Kihumo Village || Antenna Array,13691752,um003,particles/cm³,1089.0,2026-09-03T14:00:00Z
5199863,Kihumo Village || Antenna Array,13691752,um003,particles/cm³,1265.0,2026-09-03T15:00:00Z
5199863,Kihumo Village || Antenna Array,13691752,um003,particles/cm³,1069.0,2026-09-03T16:00:00Z
5199863,Kihumo Village || Antenna Array,13691752,um003,particles/cm³,1316.0,2026-09-03T17:00:00Z
5199863,Kihumo Village || Antenna Array,13691752,um003,particles/cm³,1408.0,2026-09-03T18:00:00Z
5199863,Kihumo Village || Antenna Array,13691752,um003,particles/cm³,623.0,2026-09-03T19:00:00Z
5199863,Kihumo Village || Antenna Array,13691752,um003,particles/cm³,434.0,2026-09-03T20:00:00Z
5199863,Kihumo Village || Antenna Array,13691752,um003,particles/cm³,445.0,2026-09-03T21:00:00Z
5199863,Kihumo Village || Antenna Array,13691752,um003,particles/cm³,481.0,2026-09-03T22:00:00Z
5199863,Kihumo Village || Antenna Array,13691752,um003,particles/cm³,480.0,2026-09-03T23:00:00Z
5199863,Kihumo Village || Antenna Array,13691752,um003,particles/cm³,522.0,2026-09-04T00:00:00Z
5199863,Kihumo Village || Antenna Array,13691752,um003,particles/cm³,572.0,2026-09-04T01:00:00Z
5199863,Kihumo Village || Antenna Array,13691752,um003,particles/cm³,695.0,2026-09-04T02:00:00Z
5199863,Kihumo Village || Antenna Array,13691752,um003,particles/cm³,1541.0,2026-09-04T03:00:00Z
5199863,Kihumo Village || Antenna Array,13691752,um003,particles/cm³,1815.0,2026-09-04T04:00:00Z
5199863,Kihumo Village || Antenna Array,13691752,um003,particles/cm³,1620.0,2026-09-04T05:00:00Z
5199863,Kihumo Village || Antenna Array,13691752,um003,particles/cm³,1944.0,2026-09-04T06:00:00Z
5199863,Kihumo Village || Antenna Array,13691752,um003,particles/cm³,1374.0,2026-09-04T07:00:00Z
5199863,Kihumo Village || Antenna Array,13691752,um003,particles/cm³,928.0,2026-09-04T08:00:00Z
5199863,Kihumo Village || Antenna Array,13691752,um003,particles/cm³,714.0,2026-09-04T09:00:00Z
5199863,Kihumo Village || Antenna Array,13691752,um003,particles/cm³,619.0,2026-09-04T10:00:00Z
5199863,Kihumo Village || Antenna Array,13691752,um003,particles/cm³,868.0,2026-09-04T11:00:00Z
5199863,Kihumo Village || Antenna Array,13691752,um003,particles/cm³,1115.0,2026-09-04T12:00:00Z
5199863,Kihumo Village || Antenna Array,13691752,um003,particles/cm³,1256.0,2026-09-04T13:00:00Z
5199863,Kihumo Village || Antenna Array,13691752,um003,particles/cm³,1222.0,2026-09-04T14:00:00Z
5199863,Kihumo Village || Antenna Array,13691752,um003,particles/cm³,2106.0,2026-09-04T15:00:00Z
5199863,Kihumo Village || Antenna Array,13691752,um003,particles/cm³,1637.0,2026-09-04T16:00:00Z
5199863,Kihumo Village || Antenna Array,13691752,um003,particles/cm³,825.0,2026-09-04T17:00:00Z
5199863,Kihumo Village || Antenna Array,13691752,um003,particles/cm³,620.0,2026-09-04T18:00:00Z
5199863,Kihumo Village || Antenna Array,13691752,um003,particles/cm³,556.0,2026-09-04T19:00:00Z
5199863,Kihumo Village || Antenna Array,13691752,um003,particles/cm³,352.0,2026-09-04T20:00:00Z
5199863,Kihumo Village || Antenna Array,13691752,um003,particles/cm³,360.0,2026-09-04T21:00:00Z
5199863,Kihumo Village || Antenna Array,13691752,um003,particles/cm³,273.0,2026-09-04T22:00:00Z
5199863,Kihumo Village || Antenna Array,13691752,um003,particles/cm³,302.0,2026-09-04T23:00:00Z
5199863,Kihumo Village || Antenna Array,13691752,um003,particles/cm³,321.0,2026-09-05T00:00:00Z
5199863,Kihumo Village || Antenna Array,13691752,um003,particles/cm³,376.0,2026-09-05T01:00:00Z
5199863,Kihumo Village || Antenna Array,13691752,um003,particles/cm³,452.0,2026-09-05T02:00:00Z
5199863,Kihumo Village || Antenna Array,13691752,um003,particles/cm³,594.0,2026-09-05T03:00:00Z
5199863,Kihumo Village || Antenna Array,13691752,um003,particles/cm³,737.0,2026-09-05T04:00:00Z
5199863,Kihumo Village || Antenna Array,13691752,um003,particles/cm³,1189.0,2026-09-05T05:00:00Z
5199863,Kihumo Village || Antenna Array,13691752,um003,particles/cm³,888.0,2026-09-05T06:00:00Z
5199863,Kihumo Village || Antenna Array,13691752,um003,particles/cm³,755.0,2026-09-05T07:00:00Z
5199863,Kihumo Village || Antenna Array,13691752,um003,particles/cm³,703.0,2026-09-05T08:00:00Z
5199863,Kihumo Village || Antenna Array,13691752,um003,particles/cm³,667.0,2026-09-05T09:00:00Z
5199863,Kihumo Village || Antenna Array,13691752,um003,particles/cm³,879.0,2026-09-05T10:00:00Z
5199863,Kihumo Village || Antenna Array,13691752,um003,particles/cm³,886.0,2026-09-05T11:00:00Z
5199863,Kihumo Village || Antenna Array,13691752,um003,particles/cm³,870.0,2026-09-05T12:00:00Z
5199863,Kihumo Village || Antenna Array,13691752,um003,particles/cm³,733.0,2026-09-05T13:00:00Z
5199863,Kihumo Village || Antenna Array,13691752,um003,particles/cm³,843.0,2026-09-05T14:00:00Z
5199863,Kihumo Village || Antenna Array,13691752,um003,particles/cm³,765.0,2026-09-05T15:00:00Z
5199863,Kihumo Village || Antenna Array,13691752,um003,particles/cm³,1099.0,2026-09-05T16:00:00Z
5199863,Kihumo Village || Antenna Array,13691752,um003,particles/cm³,507.0,2026-09-05T17:00:00Z
5199863,Kihumo Village || Antenna Array,13691752,um003,particles/cm³,517.0,2026-09-05T18:00:00Z
5199863,Kihumo Village || Antenna Array,13691752,um003,particles/cm³,340.0,2026-09-05T19:00:00Z
5199863,Kihumo Village || Antenna Array,13691752,um003,particles/cm³,274.0,2026-09-05T20:00:00Z
5199863,Kihumo Village || Antenna Array,13691752,um003,particles/cm³,323.0,2026-09-05T21:00:00Z
5199863,Kihumo Village || Antenna Array,13691752,um003,particles/cm³,363.0,2026-09-05T22:00:00Z
5199863,Kihumo Village || Antenna Array,13691752,um003,particles/cm³,330.0,2026-09-05T23:00:00Z
5199863,Kihumo Village || Antenna Array,13691752,um003,particles/cm³,342.0,2026-09-06T00:00:00Z
5199863,Kihumo Village || Antenna Array,13691752,um003,particles/cm³,438.0,2026-09-06T01:00:00Z
5199863,Kihumo Village || Antenna Array,13691752,um003,particles/cm³,513.0,2026-09-06T02:00:00Z
5199863,Kihumo Village || Antenna Array,13691752,um003,particles/cm³,475.0,2026-09-06T03:00:00Z
5199863,Kihumo Village || Antenna Array,13691752,um003,particles/cm³,615.0,2026-09-06T04:00:00Z
5199863,Kihumo Village || Antenna Array,13691752,um003,particles/cm³,465.0,2026-09-06T05:00:00Z
5199863,Kihumo Village || Antenna Array,13691752,um003,particles/cm³,600.0,2026-09-06T06:00:00Z
5199863,Kihumo Village || Antenna Array,13691752,um003,particles/cm³,659.0,2026-09-06T07:00:00Z
5199863,Kihumo Village || Antenna Array,13691752,um003,particles/cm³,928.0,2026-09-06T08:00:00Z
5199863,Kihumo Village || Antenna Array,13691752,um003,particles/cm³,1102.0,2026-09-06T09:00:00Z
5199863,Kihumo Village || Antenna Array,13691752,um003,particles/cm³,655.0,2026-09-06T10:00:00Z
5199863,Kihumo Village || Antenna Array,13691752,um003,particles/cm³,998.0,2026-09-11T09:00:00Z
5199863,Kihumo Village || Antenna Array,13691752,um003,particles/cm³,1381.0,2026-09-11T10:00:00Z
5199863,Kihumo Village || Antenna Array,13691752,um003,particles/cm³,560.0,2026-09-11T11:00:00Z
5199863,Kihumo Village || Antenna Array,13691752,um003,particles/cm³,708.0,2026-09-11T12:00:00Z
5199863,Kihumo Village || Antenna Array,13691752,um003,particles/cm³,690.0,2026-09-11T13:00:00Z
5199863,Kihumo Village || Antenna Array,13691752,um003,particles/cm³,558.0,2026-09-11T14:00:00Z
5199863,Kihumo Village || Antenna Array,13691752,um003,particles/cm³,881.0,2026-09-11T15:00:00Z
5199863,Kihumo Village || Antenna Array,13691752,um003,particles/cm³,774.0,2026-09-11T16:00:00Z
5199863,Kihumo Village || Antenna Array,13691752,um003,particles/cm³,951.0,2026-09-11T17:00:00Z
5199863,Kihumo Village || Antenna Array,13691752,um003,particles/cm³,456.0,2026-09-11T18:00:00Z
5199863,Kihumo Village || Antenna Array,13691752,um003,particles/cm³,392.0,2026-09-11T19:00:00Z
5199863,Kihumo Village || Antenna Array,13691752,um003,particles/cm³,403.0,2026-09-11T20:00:00Z
5199863,Kihumo Village || Antenna Array,13691752,um003,particles/cm³,343.0,2026-09-11T21:00:00Z
5199863,Kihumo Village || Antenna Array,13691752,um003,particles/cm³,297.0,2026-09-11T22:00:00Z
5199863,Kihumo Village || Antenna Array,13691752,um003,particles/cm³,329.0,2026-09-11T23:00:00Z
5199863,Kihumo Village || Antenna Array,13691752,um003,particles/cm³,488.0,2026-09-12T00:00:00Z
5199863,Kihumo Village || Antenna Array,13691752,um003,particles/cm³,246.0,2026-09-12T01:00:00Z
5199863,Kihumo Village || Antenna Array,13691752,um003,particles/cm³,426.0,2026-09-12T02:00:00Z
5199863,Kihumo Village || Antenna Array,13691752,um003,particles/cm³,190.0,2026-09-12T03:00:00Z
5199863,Kihumo Village || Antenna Array,13691752,um003,particles/cm³,293.0,2026-09-12T04:00:00Z
5199863,Kihumo Village || Antenna Array,13691752,um003,particles/cm³,322.0,2026-09-12T05:00:00Z
5199863,Kihumo Village || Antenna Array,13691752,um003,particles/cm³,319.0,2026-09-12T06:00:00Z
5199863,Kihumo Village || Antenna Array,13691752,um003,particles/cm³,534.0,2026-09-12T07:00:00Z
5199863,Kihumo Village || Antenna Array,13691752,um003,particles/cm³,470.0,2026-09-12T08:00:00Z
5199863,Kihumo Village || Antenna Array,13691752,um003,particles/cm³,454.0,2026-09-12T09:00:00Z
5199863,Kihumo Village || Antenna Array,13691752,um003,particles/cm³,537.0,2026-09-12T10:00:00Z
5199863,Kihumo Village || Antenna Array,13691752,um003,particles/cm³,992.0,2026-09-12T11:00:00Z
5199863,Kihumo Village || Antenna Array,13691752,um003,particles/cm³,884.0,2026-09-12T12:00:00Z
5199863,Kihumo Village || Antenna Array,13691752,um003,particles/cm³,692.0,2026-09-12T13:00:00Z
5199863,Kihumo Village || Antenna Array,13691752,um003,particles/cm³,638.0,2026-09-12T14:00:00Z
5199863,Kihumo Village || Antenna Array,13691752,um003,particles/cm³,917.0,2026-09-12T15:00:00Z
5199863,Kihumo Village || Antenna Array,13691752,um003,particles/cm³,1004.0,2026-09-12T16:00:00Z
5199863,Kihumo Village || Antenna Array,13691752,um003,particles/cm³,828.0,2026-09-12T17:00:00Z
5199863,Kihumo Village || Antenna Array,13691752,um003,particles/cm³,525.0,2026-09-12T18:00:00Z
5199863,Kihumo Village || Antenna Array,13691752,um003,particles/cm³,554.0,2026-09-12T19:00:00Z
5199863,Kihumo Village || Antenna Array,13691752,um003,particles/cm³,672.0,2026-09-12T20:00:00Z
5199863,Kihumo Village || Antenna Array,13691752,um003,particles/cm³,429.0,2026-09-12T21:00:00Z
5199863,Kihumo Village || Antenna Array,13691752,um003,particles/cm³,391.0,2026-09-12T22:00:00Z
5199863,Kihumo Village || Antenna Array,13691752,um003,particles/cm³,505.0,2026-09-12T23:00:00Z
5199863,Kihumo Village || Antenna Array,13691752,um003,particles/cm³,453.0,2026-09-13T00:00:00Z
5199863,Kihumo Village || Antenna Array,13691752,um003,particles/cm³,348.0,2026-09-13T01:00:00Z
5199863,Kihumo Village || Antenna Array,13691752,um003,particles/cm³,336.0,2026-09-13T02:00:00Z
5199863,Kihumo Village || Antenna Array,13691752,um003,particles/cm³,311.0,2026-09-13T03:00:00Z
5199863,Kihumo Village || Antenna Array,13691752,um003,particles/cm³,488.0,2026-09-13T04:00:00Z
5199863,Kihumo Village || Antenna Array,13691752,um003,particles/cm³,590.0,2026-09-13T06:00:00Z
5199863,Kihumo Village || Antenna Array,13691752,um003,particles/cm³,621.0,2026-09-13T07:00:00Z
5199863,Kihumo Village || Antenna Array,13691752,um003,particles/cm³,659.0,2026-09-13T08:00:00Z
5199863,Kihumo Village || Antenna Array,13691752,um003,particles/cm³,881.0,2026-09-13T09:00:00Z
5199863,Kihumo Village || Antenna Array,13691752,um003,particles/cm³,598.0,2026-09-13T10:00:00Z
5199863,Kihumo Village || Antenna Array,13691752,um003,particles/cm³,462.0,2026-09-13T20:00:00Z
5199863,Kihumo Village || Antenna Array,13691752,um003,particles/cm³,445.0,2026-09-13T21:00:00Z
5199863,Kihumo Village || Antenna Array,13691752,um003,particles/cm³,457.0,2026-09-13T23:00:00Z
5199863,Kihumo Village || Antenna Array,13691752,um003,particles/cm³,458.0,2026-09-14T00:00:00Z
5199863,Kihumo Village || Antenna Array,13691752,um003,particles/cm³,490.0,2026-09-14T01:00:00Z
5199863,Kihumo Village || Antenna Array,13691752,um003,particles/cm³,433.0,2026-09-14T02:00:00Z
5199863,Kihumo Village || Antenna Array,13691752,um003,particles/cm³,619.0,2026-09-14T03:00:00Z
5199863,Kihumo Village || Antenna Array,13691752,um003,particles/cm³,911.0,2026-09-14T04:00:00Z
5199863,Kihumo Village || Antenna Array,13691752,um003,particles/cm³,980.0,2026-09-14T05:00:00Z
5199863,Kihumo Village || Antenna Array,13691752,um003,particles/cm³,1166.0,2026-09-14T06:00:00Z
5199863,Kihumo Village || Antenna Array,13691752,um003,particles/cm³,1310.0,2026-09-14T07:00:00Z
5199863,Kihumo Village || Antenna Array,13691752,um003,particles/cm³,1534.0,2026-09-14T08:00:00Z
5199863,Kihumo Village || Antenna Array,13691752,um003,particles/cm³,1546.0,2026-09-14T09:00:00Z
5199863,Kihumo Village || Antenna Array,13691752,um003,particles/cm³,1395.0,2026-09-14T10:00:00Z
5199863,Kihumo Village || Antenna Array,13691752,um003,particles/cm³,1810.0,2026-09-14T11:00:00Z
5199863,Kihumo Village || Antenna Array,13691752,um003,particles/cm³,1246.0,2026-09-14T12:00:00Z
5199863,Kihumo Village || Antenna Array,13691752,um003,particles/cm³,723.0,2026-09-14T13:00:00Z
5199863,Kihumo Village || Antenna Array,13691752,um003,particles/cm³,864.0,2026-09-14T14:00:00Z
5199863,Kihumo Village || Antenna Array,13691752,um003,particles/cm³,976.0,2026-09-14T15:00:00Z
5199863,Kihumo Village || Antenna Array,13691752,um003,particles/cm³,973.0,2026-09-14T16:00:00Z
5199863,Kihumo Village || Antenna Array,13691752,um003,particles/cm³,967.0,2026-09-14T17:00:00Z
5199863,Kihumo Village || Antenna Array,13691752,um003,particles/cm³,825.0,2026-09-14T18:00:00Z
5199863,Kihumo Village || Antenna Array,13691752,um003,particles/cm³,649.0,2026-09-14T19:00:00Z
5199863,Kihumo Village || Antenna Array,13691752,um003,particles/cm³,545.0,2026-09-14T20:00:00Z
5199863,Kihumo Village || Antenna Array,13691752,um003,particles/cm³,459.0,2026-09-14T21:00:00Z
5199863,Kihumo Village || Antenna Array,13691752,um003,particles/cm³,477.0,2026-09-14T22:00:00Z
5199863,Kihumo Village || Antenna Array,13691752,um003,particles/cm³,508.0,2026-09-14T23:00:00Z
5199863,Kihumo Village || Antenna Array,13691752,um003,particles/cm³,649.0,2026-09-15T00:00:00Z
5199863,Kihumo Village || Antenna Array,13691752,um003,particles/cm³,617.0,2026-09-15T01:00:00Z
5199863,Kihumo Village || Antenna Array,13691752,um003,particles/cm³,729.0,2026-09-15T02:00:00Z
5199863,Kihumo Village || Antenna Array,13691752,um003,particles/cm³,761.0,2026-09-15T03:00:00Z
5199863,Kihumo Village || Antenna Array,13691752,um003,particles/cm³,908.0,2026-09-15T04:00:00Z
5199863,Kihumo Village || Antenna Array,13691752,um003,particles/cm³,1166.0,2026-09-15T05:00:00Z
5199863,Kihumo Village || Antenna Array,13691752,um003,particles/cm³,1814.0,2026-09-15T06:00:00Z
5199863,Kihumo Village || Antenna Array,13691752,um003,particles/cm³,1377.0,2026-09-15T07:00:00Z
5199863,Kihumo Village || Antenna Array,13691752,um003,particles/cm³,1183.0,2026-09-15T08:00:00Z
5199863,Kihumo Village || Antenna Array,13691752,um003,particles/cm³,1430.0,2026-09-15T09:00:00Z
5199863,Kihumo Village || Antenna Array,13691752,um003,particles/cm³,2133.0,2026-09-15T10:00:00Z
5199863,Kihumo Village || Antenna Array,13691752,um003,particles/cm³,2320.0,2026-09-15T11:00:00Z
5199863,Kihumo Village || Antenna Array,13691752,um003,particles/cm³,2366.0,2026-09-15T12:00:00Z
5199863,Kihumo Village || Antenna Array,13691752,um003,particles/cm³,1796.0,2026-09-15T13:00:00Z
5199863,Kihumo Village || Antenna Array,13691752,um003,particles/cm³,1973.0,2026-09-15T14:00:00Z
5199863,Kihumo Village || Antenna Array,13691752,um003,particles/cm³,2517.0,2026-09-15T15:00:00Z
5199863,Kihumo Village || Antenna Array,13691752,um003,particles/cm³,2856.0,2026-09-15T16:00:00Z
5199863,Kihumo Village || Antenna Array,13691752,um003,particles/cm³,2255.0,2026-09-15T17:00:00Z
5199863,Kihumo Village || Antenna Array,13691752,um003,particles/cm³,2147.0,2026-09-15T18:00:00Z
5199863,Kihumo Village || Antenna Array,13691752,um003,particles/cm³,2020.0,2026-09-15T19:00:00Z
5199863,Kihumo Village || Antenna Array,13691752,um003,particles/cm³,1270.0,2026-09-15T20:00:00Z
5199863,Kihumo Village || Antenna Array,13691752,um003,particles/cm³,612.0,2026-09-15T21:00:00Z
5199863,Kihumo Village || Antenna Array,13691752,um003,particles/cm³,722.0,2026-09-15T22:00:00Z
5199863,Kihumo Village || Antenna Array,13691752,um003,particles/cm³,812.0,2026-09-15T23:00:00Z
5199863,Kihumo Village || Antenna Array,13691752,um003,particles/cm³,653.0,2026-09-16T00:00:00Z
5199863,Kihumo Village || Antenna Array,13691752,um003,particles/cm³,587.0,2026-09-16T01:00:00Z
5199863,Kihumo Village || Antenna Array,13691752,um003,particles/cm³,650.0,2026-09-16T02:00:00Z
5199863,Kihumo Village || Antenna Array,13691752,um003,particles/cm³,786.0,2026-09-16T03:00:00Z
5199863,Kihumo Village || Antenna Array,13691752,um003,particles/cm³,885.0,2026-09-16T04:00:00Z
5199863,Kihumo Village || Antenna Array,13691752,um003,particles/cm³,860.0,2026-09-16T05:00:00Z
5199863,Kihumo Village || Antenna Array,13691752,um003,particles/cm³,1228.0,2026-09-16T06:00:00Z
5199863,Kihumo Village || Antenna Array,13691752,um003,particles/cm³,974.0,2026-09-16T07:00:00Z
5199863,Kihumo Village || Antenna Array,13691752,um003,particles/cm³,775.0,2026-09-16T08:00:00Z
5199863,Kihumo Village || Antenna Array,13691752,um003,particles/cm³,903.0,2026-09-16T09:00:00Z
5199863,Kihumo Village || Antenna Array,13691752,um003,particles/cm³,964.0,2026-09-16T10:00:00Z
5199863,Kihumo Village || Antenna Array,13691752,um003,particles/cm³,1050.0,2026-09-16T11:00:00Z
5199863,Kihumo Village || Antenna Array,13691752,um003,particles/cm³,690.0,2026-09-16T12:00:00Z
5199863,Kihumo Village || Antenna Array,13691752,um003,particles/cm³,745.0,2026-09-16T13:00:00Z
5199863,Kihumo Village || Antenna Array,13691752,um003,particles/cm³,954.0,2026-09-16T14:00:00Z
5199863,Kihumo Village || Antenna Array,13691752,um003,particles/cm³,1371.0,2026-09-16T15:00:00Z
5199863,Kihumo Village || Antenna Array,13691752,um003,particles/cm³,1349.0,2026-09-16T16:00:00Z
5199863,Kihumo Village || Antenna Array,13691752,um003,particles/cm³,654.0,2026-09-16T17:00:00Z
5199863,Kihumo Village || Antenna Array,13691752,um003,particles/cm³,590.0,2026-09-16T18:00:00Z
5199863,Kihumo Village || Antenna Array,13691752,um003,particles/cm³,404.0,2026-09-16T19:00:00Z
5199863,Kihumo Village || Antenna Array,13691752,um003,particles/cm³,333.0,2026-09-16T20:00:00Z
5199863,Kihumo Village || Antenna Array,13691752,um003,particles/cm³,281.0,2026-09-16T21:00:00Z
5199863,Kihumo Village || Antenna Array,13691752,um003,particles/cm³,232.0,2026-09-16T22:00:00Z
5199863,Kihumo Village || Antenna Array,13691752,um003,particles/cm³,229.0,2026-09-16T23:00:00Z
5199863,Kihumo Village || Antenna Array,13691752,um003,particles/cm³,237.0,2026-09-17T00:00:00Z
5199863,Kihumo Village || Antenna Array,13691752,um003,particles/cm³,252.0,2026-09-17T01:00:00Z
5199863,Kihumo Village || Antenna Array,13691752,um003,particles/cm³,288.0,2026-09-17T02:00:00Z
5199863,Kihumo Village || Antenna Array,13691752,um003,particles/cm³,381.0,2026-09-17T03:00:00Z
5199863,Kihumo Village || Antenna Array,13691752,um003,particles/cm³,626.0,2026-09-17T04:00:00Z
5199863,Kihumo Village || Antenna Array,13691752,um003,particles/cm³,686.0,2026-09-17T05:00:00Z
5199863,Kihumo Village || Antenna Array,13691752,um003,particles/cm³,589.0,2026-09-17T06:00:00Z
5199863,Kihumo Village || Antenna Array,13691752,um003,particles/cm³,587.0,2026-09-17T07:00:00Z
5199863,Kihumo Village || Antenna Array,13691752,um003,particles/cm³,556.0,2026-09-17T08:00:00Z
5199863,Kihumo Village || Antenna Array,13691752,um003,particles/cm³,964.0,2026-09-17T09:00:00Z
5199863,Kihumo Village || Antenna Array,13691752,um003,particles/cm³,624.0,2026-09-17T10:00:00Z
5199863,Kihumo Village || Antenna Array,13691752,um003,particles/cm³,434.0,2026-09-17T11:00:00Z
5199863,Kihumo Village || Antenna Array,13691752,um003,particles/cm³,819.0,2026-09-17T12:00:00Z
5199863,Kihumo Village || Antenna Array,13691752,um003,particles/cm³,953.0,2026-09-17T13:00:00Z
5199863,Kihumo Village || Antenna Array,13691752,um003,particles/cm³,1144.0,2026-09-17T14:00:00Z
5199863,Kihumo Village || Antenna Array,13691752,um003,particles/cm³,1188.0,2026-09-17T15:00:00Z
5199863,Kihumo Village || Antenna Array,13691752,um003,particles/cm³,1498.0,2026-09-17T16:00:00Z
5199863,Kihumo Village || Antenna Array,13691752,um003,particles/cm³,538.0,2026-09-17T17:00:00Z
5199863,Kihumo Village || Antenna Array,13691752,um003,particles/cm³,364.0,2026-09-17T18:00:00Z
5199863,Kihumo Village || Antenna Array,13691752,um003,particles/cm³,381.0,2026-09-17T19:00:00Z
5199863,Kihumo Village || Antenna Array,13691752,um003,particles/cm³,295.0,2026-09-17T20:00:00Z
5199863,Kihumo Village || Antenna Array,13691752,um003,particles/cm³,255.0,2026-09-17T21:00:00Z
5199863,Kihumo Village || Antenna Array,13691752,um003,particles/cm³,340.0,2026-09-17T22:00:00Z
5199863,Kihumo Village || Antenna Array,13691752,um003,particles/cm³,231.0,2026-09-18T00:00:00Z
5199863,Kihumo Village || Antenna Array,13691752,um003,particles/cm³,219.0,2026-09-18T01:00:00Z
5199863,Kihumo Village || Antenna Array,13691752,um003,particles/cm³,311.0,2026-09-18T02:00:00Z
5199863,Kihumo Village || Antenna Array,13691752,um003,particles/cm³,1921.0,2026-09-18T03:00:00Z
5199863,Kihumo Village || Antenna Array,13691752,um003,particles/cm³,808.0,2026-09-18T04:00:00Z
5199863,Kihumo Village || Antenna Array,13691752,um003,particles/cm³,776.0,2026-09-18T06:00:00Z
5199863,Kihumo Village || Antenna Array,13691752,um003,particles/cm³,1428.0,2026-09-18T08:00:00Z
5199863,Kihumo Village || Antenna Array,13691752,um003,particles/cm³,1016.0,2026-09-19T08:00:00Z
5199863,Kihumo Village || Antenna Array,13691752,um003,particles/cm³,702.0,2026-09-20T06:00:00Z
5199863,Kihumo Village || Antenna Array,13691752,um003,particles/cm³,867.0,2026-09-20T07:00:00Z
5199863,Kihumo Village || Antenna Array,13691752,um003,particles/cm³,403.0,2026-09-20T20:00:00Z
5199863,Kihumo Village || Antenna Array,13691752,um003,particles/cm³,269.0,2026-09-20T21:00:00Z
5199863,Kihumo Village || Antenna Array,13691752,um003,particles/cm³,200.0,2026-09-20T22:00:00Z
5199863,Kihumo Village || Antenna Array,13691752,um003,particles/cm³,102.0,2026-09-20T23:00:00Z
5199863,Kihumo Village || Antenna Array,13691752,um003,particles/cm³,179.0,2026-09-21T00:00:00Z
5199863,Kihumo Village || Antenna Array,13691752,um003,particles/cm³,230.0,2026-09-21T01:00:00Z
5199863,Kihumo Village || Antenna Array,13691752,um003,particles/cm³,343.0,2026-09-21T02:00:00Z
5199863,Kihumo Village || Antenna Array,13691752,um003,particles/cm³,405.0,2026-09-21T03:00:00Z
5199863,Kihumo Village || Antenna Array,13691752,um003,particles/cm³,606.0,2026-09-21T04:00:00Z
5199863,Kihumo Village || Antenna Array,13691752,um003,particles/cm³,661.0,2026-09-21T05:00:00Z
5199863,Kihumo Village || Antenna Array,13691752,um003,particles/cm³,760.0,2026-09-21T06:00:00Z
5199863,Kihumo Village || Antenna Array,13691752,um003,particles/cm³,917.0,2026-09-21T07:00:00Z
5199863,Kihumo Village || Antenna Array,13691752,um003,particles/cm³,1074.0,2026-09-21T08:00:00Z
5199863,Kihumo Village || Antenna Array,13691752,um003,particles/cm³,805.0,2026-09-21T10:00:00Z
5199863,Kihumo Village || Antenna Array,13691752,um003,particles/cm³,575.0,2026-09-21T11:00:00Z
5199863,Kihumo Village || Antenna Array,13691752,um003,particles/cm³,873.0,2026-09-21T15:00:00Z
5199863,Kihumo Village || Antenna Array,13691752,um003,particles/cm³,792.0,2026-09-21T20:00:00Z
5199863,Kihumo Village || Antenna Array,13691752,um003,particles/cm³,546.0,2026-09-21T21:00:00Z
5199863,Kihumo Village || Antenna Array,13691752,um003,particles/cm³,405.0,2026-09-21T22:00:00Z
5199863,Kihumo Village || Antenna Array,13691752,um003,particles/cm³,417.0,2026-09-21T23:00:00Z
5199863,Kihumo Village || Antenna Array,13691752,um003,particles/cm³,413.0,2026-09-22T00:00:00Z
5199863,Kihumo Village || Antenna Array,13691752,um003,particles/cm³,470.0,2026-09-22T01:00:00Z
5199863,Kihumo Village || Antenna Array,13691752,um003,particles/cm³,600.0,2026-09-22T02:00:00Z
5199863,Kihumo Village || Antenna Array,13691752,um003,particles/cm³,762.0,2026-09-22T03:00:00Z
5199863,Kihumo Village || Antenna Array,13691752,um003,particles/cm³,629.0,2026-09-22T04:00:00Z
5199863,Kihumo Village || Antenna Array,13691752,um003,particles/cm³,588.0,2026-09-22T05:00:00Z
5199863,Kihumo Village || Antenna Array,13691752,um003,particles/cm³,955.0,2026-09-22T06:00:00Z
5199863,Kihumo Village || Antenna Array,13691752,um003,particles/cm³,493.0,2026-09-22T07:00:00Z
5199863,Kihumo Village || Antenna Array,13691752,um003,particles/cm³,477.0,2026-09-22T08:00:00Z
5199863,Kihumo Village || Antenna Array,13691752,um003,particles/cm³,1028.0,2026-09-22T09:00:00Z
5199863,Kihumo Village || Antenna Array,13691752,um003,particles/cm³,781.0,2026-09-22T10:00:00Z
5199863,Kihumo Village || Antenna Array,13691752,um003,particles/cm³,676.0,2026-09-22T11:00:00Z
5199863,Kihumo Village || Antenna Array,13691752,um003,particles/cm³,469.0,2026-09-22T12:00:00Z
5199863,Kihumo Village || Antenna Array,13691752,um003,particles/cm³,515.0,2026-09-22T17:00:00Z
5199863,Kihumo Village || Antenna Array,13691752,um003,particles/cm³,414.0,2026-09-22T18:00:00Z
5199863,Kihumo Village || Antenna Array,13691752,um003,particles/cm³,317.0,2026-09-22T19:00:00Z
5199863,Kihumo Village || Antenna Array,13691752,um003,particles/cm³,429.0,2026-09-22T20:00:00Z
5199863,Kihumo Village || Antenna Array,13691752,um003,particles/cm³,236.0,2026-09-22T21:00:00Z
5199863,Kihumo Village || Antenna Array,13691752,um003,particles/cm³,238.0,2026-09-22T22:00:00Z
5199863,Kihumo Village || Antenna Array,13691752,um003,particles/cm³,283.0,2026-09-22T23:00:00Z
5199863,Kihumo Village || Antenna Array,13691752,um003,particles/cm³,335.0,2026-09-23T00:00:00Z
5199863,Kihumo Village || Antenna Array,13691752,um003,particles/cm³,319.0,2026-09-23T01:00:00Z
5199863,Kihumo Village || Antenna Array,13691752,um003,particles/cm³,511.0,2026-09-23T02:00:00Z
5199863,Kihumo Village || Antenna Array,13691752,um003,particles/cm³,1021.0,2026-09-23T03:00:00Z
5199863,Kihumo Village || Antenna Array,13691752,um003,particles/cm³,616.0,2026-09-23T05:00:00Z
5199863,Kihumo Village || Antenna Array,13691752,um003,particles/cm³,663.0,2026-09-23T06:00:00Z
5199863,Kihumo Village || Antenna Array,13691752,um003,particles/cm³,678.0,2026-09-23T07:00:00Z
5199863,Kihumo Village || Antenna Array,13691752,um003,particles/cm³,886.0,2026-09-23T08:00:00Z
5199863,Kihumo Village || Antenna Array,13691752,um003,particles/cm³,955.0,2026-09-23T09:00:00Z
5199863,Kihumo Village || Antenna Array,13691752,um003,particles/cm³,675.0,2026-09-23T10:00:00Z
5199863,Kihumo Village || Antenna Array,13691752,um003,particles/cm³,637.0,2026-09-23T11:00:00Z
5199863,Kihumo Village || Antenna Array,13691752,um003,particles/cm³,647.0,2026-09-23T12:00:00Z
5199863,Kihumo Village || Antenna Array,13691752,um003,particles/cm³,578.0,2026-09-23T13:00:00Z
5199863,Kihumo Village || Antenna Array,13691752,um003,particles/cm³,561.0,2026-09-23T14:00:00Z
5199863,Kihumo Village || Antenna Array,13691752,um003,particles/cm³,739.0,2026-09-23T15:00:00Z
5199863,Kihumo Village || Antenna Array,13691752,um003,particles/cm³,822.0,2026-09-23T16:00:00Z
5199863,Kihumo Village || Antenna Array,13691752,um003,particles/cm³,798.0,2026-09-23T17:00:00Z
5199863,Kihumo Village || Antenna Array,13691752,um003,particles/cm³,775.0,2026-09-23T18:00:00Z
5199863,Kihumo Village || Antenna Array,13691752,um003,particles/cm³,372.0,2026-09-23T20:00:00Z
5199863,Kihumo Village || Antenna Array,13691752,um003,particles/cm³,498.0,2026-09-23T23:00:00Z
5199863,Kihumo Village || Antenna Array,13691752,um003,particles/cm³,423.0,2026-09-24T00:00:00Z
5199863,Kihumo Village || Antenna Array,13691752,um003,particles/cm³,383.0,2026-09-24T01:00:00Z
5199863,Kihumo Village || Antenna Array,13691752,um003,particles/cm³,433.0,2026-09-24T02:00:00Z
5199863,Kihumo Village || Antenna Array,13691752,um003,particles/cm³,548.0,2026-09-24T03:00:00Z
5199863,Kihumo Village || Antenna Array,13691752,um003,particles/cm³,683.0,2026-09-24T04:00:00Z
5199863,Kihumo Village || Antenna Array,13691752,um003,particles/cm³,831.0,2026-09-24T05:00:00Z
5199863,Kihumo Village || Antenna Array,13691752,um003,particles/cm³,850.0,2026-09-24T06:00:00Z
5199863,Kihumo Village || Antenna Array,13691752,um003,particles/cm³,1053.0,2026-09-24T07:00:00Z
5199863,Kihumo Village || Antenna Array,13691752,um003,particles/cm³,1332.0,2026-09-24T08:00:00Z
5199863,Kihumo Village || Antenna Array,13691752,um003,particles/cm³,1252.0,2026-09-24T09:00:00Z
5199863,Kihumo Village || Antenna Array,13691752,um003,particles/cm³,1252.0,2026-09-24T10:00:00Z
5199863,Kihumo Village || Antenna Array,13691752,um003,particles/cm³,907.0,2026-09-24T11:00:00Z
5199863,Kihumo Village || Antenna Array,13691752,um003,particles/cm³,636.0,2026-09-24T12:00:00Z
5199863,Kihumo Village || Antenna Array,13691752,um003,particles/cm³,494.0,2026-09-24T13:00:00Z
5199863,Kihumo Village || Antenna Array,13691752,um003,particles/cm³,757.0,2026-09-24T14:00:00Z
5199863,Kihumo Village || Antenna Array,13691752,um003,particles/cm³,735.0,2026-09-24T15:00:00Z
5199863,Kihumo Village || Antenna Array,13691752,um003,particles/cm³,784.0,2026-09-24T16:00:00Z
5199863,Kihumo Village || Antenna Array,13691752,um003,particles/cm³,727.0,2026-09-24T17:00:00Z
5199863,Kihumo Village || Antenna Array,13691752,um003,particles/cm³,849.0,2026-09-24T18:00:00Z
5199863,Kihumo Village || Antenna Array,13691752,um003,particles/cm³,508.0,2026-09-24T19:00:00Z
5199863,Kihumo Village || Antenna Array,13691752,um003,particles/cm³,394.0,2026-09-24T20:00:00Z
